1
                 Chemistry at HARvard Macromolecular Mechanics
           (CHARMM) - Developmental Version 47a2   February 15, 2021            
                                Revision unknown                                
       Copyright(c) 1984-2020  President and Fellows of Harvard College
                              All Rights Reserved
             Current operating system: Linux-6.1.0-49-amd64(x86_64)             
                 Created on  7/7/26 at  9:11:46 by user: charmm-gui  

            Maximum number of ATOMS:    360720, and RESidues:      120240
 RDTITL> * GENERATED BY CHARMM-GUI (HTTP://WWW.CHARMM-GUI.ORG) V3.7 ON JUL, 07. 2026. JOBID=8342977419
 RDTITL> * ORIENT THE MOLECULE ALONG THE Z-AXIS
 RDTITL> *
  
 CHARMM>     
  
 CHARMM>    DIMENS CHSIZE 5000000 MAXRES 3000000
Size      Original         New
MAXA        360720     5000000
MAXB        360720     5000000
MAXT        721440    10000000
MAXP       1082160    15000000
MAXIMP      180360     2500000
MAXNB        90180     1250000
MAXPAD      360720     5000000
MAXRES      120240     3000000
MAXSEG       45090      625000
MAXATC        1400
MAXCB         3000
MAXCT        50000
MAXCP        50000
MAXCI         1200
MAXCH         6400
MAXCN       502503
MAXCRT      120240     1666666
  
 CHARMM>     
  
 CHARMM>    ! Read topology and parameter files
 CHARMM>    stream toppar.str
 VOPEN> Attempting to open::toppar.str::
 OPNLGU> Unit 99 opened for READONLY access to toppar.str

                    INPUT STREAM SWITCHING TO UNIT    99
 RDTITL> * GENERATED BY CHARMM-GUI (HTTP://WWW.CHARMM-GUI.ORG) V3.7 ON JUL, 07. 2026. JOBID=8342977419
 RDTITL> * STREAM FILE FOR TOPOLOGY AND PARAMETER READING
 RDTITL> *
 Parameter: IN1 <- "" <empty>
  
 CHARMM>     
  
 CHARMM>    ! protein topology and parameter
 CHARMM>    open read card unit 10 name toppar/top_all36_prot.rtf
 VOPEN> Attempting to open::toppar/top_all36_prot.rtf::
 OPNLGU> Unit 10 opened for READONLY access to toppar/top_all36_prot.rtf
  
 CHARMM>    read  rtf card unit 10
 MAINIO> Residue topology file being read from unit  10.
 TITLE> *>>>>>>>>CHARMM36 ALL-HYDROGEN TOPOLOGY FILE FOR PROTEINS <<<<<<
 TITLE> *>>>>> INCLUDES PHI, PSI CROSS TERM MAP (CMAP) CORRECTION <<<<<<<
 TITLE> *>>>>>>>>>>>>>>>>>>>>>>>>>> MAY 2011 <<<<<<<<<<<<<<<<<<<<<<<<<<<<
 TITLE> * ALL COMMENTS TO THE CHARMM WEB SITE: WWW.CHARMM.ORG
 TITLE> *             PARAMETER SET DISCUSSION FORUM
 TITLE> *
  
 CHARMM>     
  
 CHARMM>    open read card unit 20 name toppar/par_all36m_prot.prm
 VOPEN> Attempting to open::toppar/par_all36m_prot.prm::
 OPNLGU> Unit 20 opened for READONLY access to toppar/par_all36m_prot.prm
  
 CHARMM>    read para card unit 20 flex

          PARAMETER FILE BEING READ FROM UNIT 20
 TITLE> *>>>> CHARMM36 ALL-HYDROGEN PARAMETER FILE FOR PROTEINS <<<<<<<<<<
 TITLE> *>>>>> INCLUDES PHI, PSI CROSS TERM MAP (CMAP) CORRECTION <<<<<<<<
 TITLE> *>>>>>>>>>>>>>>>>>>>>>>>>>> JAN. 2016 <<<<<<<<<<<<<<<<<<<<<<<<<<<<
 TITLE> * ALL COMMENTS TO THE CHARMM WEB SITE: WWW.CHARMM.ORG
 TITLE> *             PARAMETER SET DISCUSSION FORUM
 TITLE> *
 PARMIO> NONBOND, HBOND lists and IMAGE atoms cleared.
  
 CHARMM>     
  
 CHARMM>    ! nucleic acids
 CHARMM>    open read card unit 10 name toppar/top_all36_na.rtf
 OPNLGU> Unit already open. The old file will be closed first.
 VCLOSE: Closing unit   10 with status "KEEP"
 VOPEN> Attempting to open::toppar/top_all36_na.rtf::
 OPNLGU> Unit 10 opened for READONLY access to toppar/top_all36_na.rtf
  
 CHARMM>    read  rtf card unit 10 append
 MAINIO> Residue topology file being read from unit  10.
 TITLE> *  \\\\ CHARMM36 ALL-HYDROGEN NUCLEIC ACID TOPOLOGY FILE ////
 TITLE> *   ALEXANDER D. MACKERELL JR. AND COWORKERS
 TITLE> *                      APRIL 2011
 TITLE> * ALL COMMENTS TO THE CHARMM WEB SITE: WWW.CHARMM.ORG
 TITLE> *           PARAMETER SET DISCUSSION FORUM
 TITLE> *
  
 CHARMM>     
  
 CHARMM>    open read card unit 20 name toppar/par_all36_na.prm
 OPNLGU> Unit already open. The old file will be closed first.
 VCLOSE: Closing unit   20 with status "KEEP"
 VOPEN> Attempting to open::toppar/par_all36_na.prm::
 OPNLGU> Unit 20 opened for READONLY access to toppar/par_all36_na.prm
  
 CHARMM>    read para card unit 20 append flex

          PARAMETER FILE BEING READ FROM UNIT 20
 TITLE> * \\\\ CHARMM36 ALL-HYDROGEN NUCLEIC ACID PARAMETER FILE ////
 TITLE> *         ALEXANDER D. MACKERELL JR. AND COWORKERS
 TITLE> *                        APRIL 2011
 TITLE> * ALL COMMENTS TO THE CHARMM WEB SITE: WWW.CHARMM.ORG PARAMETER
 TITLE> *                     SET DISCUSSION FORUM
 TITLE> *
 PARMIO> NONBOND, HBOND lists and IMAGE atoms cleared.
  
 CHARMM>     
  
 CHARMM>    ! carbohydrates
 CHARMM>    open read card unit 10 name toppar/top_all36_carb.rtf
 OPNLGU> Unit already open. The old file will be closed first.
 VCLOSE: Closing unit   10 with status "KEEP"
 VOPEN> Attempting to open::toppar/top_all36_carb.rtf::
 OPNLGU> Unit 10 opened for READONLY access to toppar/top_all36_carb.rtf
  
 CHARMM>    read  rtf card unit 10 append
 MAINIO> Residue topology file being read from unit  10.
 TITLE> * $ID: TOP_ALLXX_SUGAR.INP,V 1.106 2014/08/19 19:07:43 ALEX EXP $
 TITLE> *>>>>>>>>>>>> ALL-HYDROGEN TOPOLOGIES USED IN THE <<<<<<<<<<<<<<<<
 TITLE> *>>>>> DEVELOPMENT OF THE CHARMM CARBOHYDRATE  FORCE FIELD<<<<<<<<
 TITLE> *>>>>>>>>>>>>>>>>>>>>>>>>> JUNE 2009 <<<<<<<<<<<<<<<<<<<<<<<<<<<<<
 TITLE> *>>>>>>>> DIRECT COMMENTS TO ALEXANDER D. MACKERELL JR. <<<<<<<<<<
 TITLE> *>>>>>>>>>> VIA THE CHARMM WEB SITE: WWW.CHARMM.ORG <<<<<<<<<<<<<<
 TITLE> *>>>>>>>>>>>>>>> PARAMETER SET DISCUSSION FORUM <<<<<<<<<<<<<<<<<<
 TITLE> *
  
 CHARMM>     
  
 CHARMM>    open read card unit 20 name toppar/par_all36_carb.prm
 OPNLGU> Unit already open. The old file will be closed first.
 VCLOSE: Closing unit   20 with status "KEEP"
 VOPEN> Attempting to open::toppar/par_all36_carb.prm::
 OPNLGU> Unit 20 opened for READONLY access to toppar/par_all36_carb.prm
  
 CHARMM>    read para card unit 20 append flex

          PARAMETER FILE BEING READ FROM UNIT 20
 TITLE> * $ID: PAR_ALLXX_SUGAR.INP,V 1.132 2014/08/19 19:03:21 ALEX EXP $
 TITLE> *>>>>>>>>>>>> ALL-HYDROGEN PARAMETERS USED IN THE <<<<<<<<<<<<<<<<
 TITLE> *>>>>> DEVELOPMENT OF THE CHARMM CARBOHYDRATE  FORCE FIELD<<<<<<<<
 TITLE> *>>>>>>>>>>>>>>>>>>>>>>>>> JUNE 2009 <<<<<<<<<<<<<<<<<<<<<<<<<<<<<
 TITLE> *>>>>>>>> DIRECT COMMENTS TO ALEXANDER D. MACKERELL JR. <<<<<<<<<<
 TITLE> *>>>>>>>>>> VIA THE CHARMM WEB SITE: WWW.CHARMM.ORG <<<<<<<<<<<<<<
 TITLE> *>>>>>>>>>>>>>>> PARAMETER SET DISCUSSION FORUM <<<<<<<<<<<<<<<<<<
 TITLE> *
 PARMIO> NONBOND, HBOND lists and IMAGE atoms cleared.
  
 CHARMM>     
  
 CHARMM>    ! lipids
 CHARMM>    open read card unit 10 name toppar/top_all36_lipid.rtf
 OPNLGU> Unit already open. The old file will be closed first.
 VCLOSE: Closing unit   10 with status "KEEP"
 VOPEN> Attempting to open::toppar/top_all36_lipid.rtf::
 OPNLGU> Unit 10 opened for READONLY access to toppar/top_all36_lipid.rtf
  
 CHARMM>    read  rtf card unit 10 append
 MAINIO> Residue topology file being read from unit  10.
 TITLE> *  \\\\\\\ CHARMM36 ALL-HYDROGEN LIPID TOPOLOGY FILE ///////
 TITLE> *  ALL COMMENTS AND QUESTIONS SHOULD BE SUBMITTED TO THE
 TITLE> *  PARAMETER FORUM AT THE CHARMM WEBSITE: WWW.CHARMM.ORG
 TITLE> *
  
 CHARMM>     
  
 CHARMM>    open read card unit 20 name toppar/par_all36_lipid.prm
 OPNLGU> Unit already open. The old file will be closed first.
 VCLOSE: Closing unit   20 with status "KEEP"
 VOPEN> Attempting to open::toppar/par_all36_lipid.prm::
 OPNLGU> Unit 20 opened for READONLY access to toppar/par_all36_lipid.prm
  
 CHARMM>    read para card unit 20 append flex

          PARAMETER FILE BEING READ FROM UNIT 20
 TITLE> *  \\\\\\\ CHARMM36 ALL-HYDROGEN LIPID PARAMETER FILE ///////
 TITLE> *  ALL COMMENTS AND QUESTIONS SHOULD BE SUBMITTED TO THE
 TITLE> *  PARAMETER FORUM AT THE CHARMM WEBSITE: WWW.CHARMM.ORG
 TITLE> *
 PARMIO> NONBOND, HBOND lists and IMAGE atoms cleared.
  
 CHARMM>     
  
 CHARMM>    ! CGENFF
 CHARMM>    open read card unit 10 name toppar/top_all36_cgenff.rtf
 OPNLGU> Unit already open. The old file will be closed first.
 VCLOSE: Closing unit   10 with status "KEEP"
 VOPEN> Attempting to open::toppar/top_all36_cgenff.rtf::
 OPNLGU> Unit 10 opened for READONLY access to toppar/top_all36_cgenff.rtf
  
 CHARMM>    read  rtf card unit 10 append
 MAINIO> Residue topology file being read from unit  10.
 TITLE> *  --------------------------------------------------------------------------  *
 TITLE> *          CGENFF: TOPOLOGY FOR THE CHARMM GENERAL FORCE FIELD V. 5.0          *
 TITLE> *                    FOR SMALL MOLECULE DRUG DESIGN                            *
 TITLE> *  --------------------------------------------------------------------------  *
 TITLE> *

 DRUDES PARTICLES WILL BE GENERATED AUTOMATICALLY FOR ALL ATOMS WITH NON-ZERO ALPHA
 Thole-type dipole screening, Slater-Delta shape {S(u) = 1 - (1+u/2)*exp(-u)}, default radius =  1.300000
  
 CHARMM>     
  
 CHARMM>    open read card unit 20 name toppar/par_all36_cgenff.prm
 OPNLGU> Unit already open. The old file will be closed first.
 VCLOSE: Closing unit   20 with status "KEEP"
 VOPEN> Attempting to open::toppar/par_all36_cgenff.prm::
 OPNLGU> Unit 20 opened for READONLY access to toppar/par_all36_cgenff.prm
  
 CHARMM>    read para card unit 20 append flex

          PARAMETER FILE BEING READ FROM UNIT 20
 TITLE> *  --------------------------------------------------------------------------  *
 TITLE> *         CGENFF: PARAMETERS FOR THE CHARMM GENERAL FORCE FIELD V. 5.0         *
 TITLE> *                    FOR SMALL MOLECULE DRUG DESIGN                            *
 TITLE> *  --------------------------------------------------------------------------  *
 TITLE> *  2017/8: IF PROTEIN, NUCLEIC ACID AND CARBOHYDRATE TOPOLOGY AND PARAMETER FILES
 TITLE> *  ARE NOT READ PRIOR TO THE CGENFF FILES "WARNING: ATOMS IN NBFIX ' errors will
 TITLE> *  BE ENCOUNTERED.  THESE CAN BE PASSED BY SETTING BOMLEV ( -2) PRIOR TO READING
 TITLE> *  THIS FILE. IN ADDITION, WHEN GENERATING AROMATIC HALOGENS (CL, BR, I) WITH
 TITLE> *  PRE C41B/C42A VERSIONS OF CHARMM "MISSING PARAMETER" ERRORS WILL BE
 TITLE> *  ENCOUNTERED THAT ALSO REQUIRE SETTING BOMLEV ( -2).
 TITLE> *
 PARRDR> WARNING: ATOM FOR NBOND SOD  DOESNT EXIST
 PARRDR> WARNING: ATOM FOR NBOND CLA  DOESNT EXIST
 PARMIO> NONBOND, HBOND lists and IMAGE atoms cleared.
  
 CHARMM>     
  
 CHARMM>    ! Phosphates and Sulfates
 CHARMM>    stream toppar/toppar_all36_moreions.str
 VOPEN> Attempting to open::toppar/toppar_all36_moreions.str::
 OPNLGU> Unit 98 opened for READONLY access to toppar/toppar_all36_moreions.str

                    INPUT STREAM SWITCHING TO UNIT    98
 RDTITL> * ADDITIONAL IONS GENERATED USING CGENFF
 RDTITL> *
 Parameter: IN1 <- "" <empty>
  
 CHARMM>     
  
 CHARMM>    set nat ?NATC
 RDCMND substituted energy or value "?NATC" to "350"
 Parameter: NAT <- "350"
  
 CHARMM>    set app
 Parameter: APP <- "" <empty>
  
 CHARMM>     
  
 CHARMM>    if "@NAT" ne "?NATC" if @nat ne 0 set app append
 Parameter: NAT -> "350"
 Parameter: NAT -> "350"
 RDCMND: can not substitute energy "?NATC""
 Comparing ""350"" and ""?NATC"".
 IF test evaluated as true.  Performing command
 Comparing "350" and "0".
 IF test evaluated as true.  Performing command
 Parameter: APP <- "APPEND"
  
 CHARMM>     
  
 CHARMM>    read rtf card @app
 Parameter: APP -> "APPEND"
 MAINIO> Residue topology file being read from unit  98.
 RDTITL> * TOPOLOGIES GENERATED BY
 RDTITL> * CHARMM GENERAL FORCE FIELD (CGENFF) PROGRAM VERSION 2.4.0
 RDTITL> *
  
 CHARMM>     
  
 CHARMM>    read para card flex @app
 Parameter: APP -> "APPEND"

          PARAMETER FILE BEING READ FROM UNIT 98
 RDTITL> * PARAMETERS GENERATED BY ANALOGY BY
 RDTITL> * CHARMM GENERAL FORCE FIELD (CGENFF) PROGRAM VERSION 2.4.0
 RDTITL> *
 PARRDR> Error: Repeated BOND parameter (  1720): OG31  SG3O is replaced
 PARRDR> Error: Repeated ANGLE parameter (  7902): OG2P  SG3O  OG31 is replaced
 PARRDR> Error: Repeated ANGLE parameter (  7582): SG3O  OG31  HGP1 is replaced
 PARRDR> Error: Repeated DIHE parameter ( 31803): HGP1  OG31  SG3O  OG2P is replaced
 PARRDR> Error: Repeated DIHE parameter ( 31804): HGP1  OG31  SG3O  OG2P is replaced
 PARRDR> Error: Repeated DIHE parameter ( 31805): HGP1  OG31  SG3O  OG2P is replaced
 PARRDR> Error: Repeated DIHE parameter ( 31806): HGP1  OG31  SG3O  OG2P is replaced
 PARMIO> NONBOND, HBOND lists and IMAGE atoms cleared.
  
 CHARMM>     
  
 VCLOSE: Closing unit   98 with status "KEEP"

                    RETURNING TO INPUT STREAM    99
  
 CHARMM>     
  
 CHARMM>    ! Interface FF
 CHARMM>    open read card unit 10 name toppar/top_interface.rtf
 OPNLGU> Unit already open. The old file will be closed first.
 VCLOSE: Closing unit   10 with status "KEEP"
 VOPEN> Attempting to open::toppar/top_interface.rtf::
 OPNLGU> Unit 10 opened for READONLY access to toppar/top_interface.rtf
  
 CHARMM>    read  rtf card unit 10 append
 MAINIO> Residue topology file being read from unit  10.
 TITLE> * INTERFACE FF
 TITLE> * TOPOLOGY FOR NANOMATERIALS
 TITLE> *
*** WARNING **** residue TSHO already exists (old one deleted)

      ***** LEVEL  1 WARNING FROM <RTFRDR> *****
      ***** Residue already exists.
      ******************************************
      BOMLEV (  0) IS NOT REACHED. WRNLEV IS  5

          PRES TSHO17      -1.050
*** WARNING **** residue TSHO already exists (old one deleted)

      ***** LEVEL  1 WARNING FROM <RTFRDR> *****
      ***** Residue already exists.
      ******************************************
      BOMLEV (  0) IS NOT REACHED. WRNLEV IS  5

          PRES TSHO21      -1.050
 There were   2 warning(s) from RTFRDR.
  
 CHARMM>     
  
 CHARMM>    open read card unit 10 name toppar/par_interface.prm
 OPNLGU> Unit already open. The old file will be closed first.
 VCLOSE: Closing unit   10 with status "KEEP"
 VOPEN> Attempting to open::toppar/par_interface.prm::
 OPNLGU> Unit 10 opened for READONLY access to toppar/par_interface.prm
  
 CHARMM>    read para card unit 10 append flex

          PARAMETER FILE BEING READ FROM UNIT 10
 TITLE> * INTERFACE FF
 TITLE> * TOPOLOGY AND PARAMETER FOR CALY MINERALS, CEMENT MINERALS
 TITLE> *
 PARRDR> Error: Repeated DIHE parameter ( 32527): HGR6  ICG1  ICG1  ICGE is replaced
 PARMIO> NONBOND, HBOND lists and IMAGE atoms cleared.
  
 CHARMM>     
  
 CHARMM>    stream toppar/toppar_all36_nano_lig.str
 VOPEN> Attempting to open::toppar/toppar_all36_nano_lig.str::
 OPNLGU> Unit 98 opened for READONLY access to toppar/toppar_all36_nano_lig.str

                    INPUT STREAM SWITCHING TO UNIT    98
 RDTITL> READ RTF CARD APPEND
 RDTITL> No title read.
 Parameter: IN1 <- "" <empty>
  
 CHARMM>    read rtf card append
 MAINIO> Residue topology file being read from unit  98.
 RDTITL> * TOPOLOGY FOR NANO-LIGAND
 RDTITL> *
  
 CHARMM>     
  
 CHARMM>    read param card flex append

          PARAMETER FILE BEING READ FROM UNIT 98
 RDTITL> * SYNTHETIC POLYMER PARAMETER
 RDTITL> *
 PARRDR> Error: Repeated ANGLE parameter (  4668): CG30  CG32  CG32 is replaced
 PARRDR> Error: Repeated DIHE parameter ( 22579): CG30  CG32  CG32  SG31 is replaced
 PARRDR> Error: Repeated DIHE parameter ( 22919): CG30  CG32  CG32  HGA2 is replaced
 PARRDR> Error: Repeated DIHE parameter ( 22695): CG32  CG32  CG32  SG31 is replaced
 PARRDR> Error: Repeated DIHE parameter ( 22920): CG30  CG32  CG32  HGP5 is replaced
 PARRDR> Error: Repeated DIHE parameter ( 22916): CG30  CG32  CG32  NG3P is replaced
 PARRDR> Error: Repeated DIHE parameter ( 19712): CG2R  CG31  CG32  CG32 is replaced
 PARRDR> Error: Repeated DIHE parameter ( 22795): NG31  CG32  CG32  SG31 is replaced
 PARRDR> Error: Repeated DIHE parameter ( 22796): NG31  CG32  CG32  SG31 is replaced
 PARRDR> Error: Repeated DIHE parameter ( 22797): NG31  CG32  CG32  SG31 is replaced
 PARRDR> Error: Repeated DIHE parameter ( 22376): CG2D  CG32  CG32  CG32 is replaced
 PARRDR> Error: Repeated DIHE parameter ( 22377): CG2D  CG32  CG32  CG32 is replaced
 PARRDR> Error: Repeated DIHE parameter ( 22378): CG2D  CG32  CG32  CG32 is replaced
 PARRDR> Error: Repeated DIHE parameter ( 22376): CG2D  CG32  CG32  CG32 is replaced
 PARRDR> Error: Repeated DIHE parameter ( 22377): CG2D  CG32  CG32  CG32 is replaced
 PARRDR> Error: Repeated DIHE parameter ( 22378): CG2D  CG32  CG32  CG32 is replaced
 PARRDR> Error: Repeated DIHE parameter ( 22376): CG2D  CG32  CG32  CG32 is replaced
 PARRDR> Error: Repeated DIHE parameter ( 22377): CG2D  CG32  CG32  CG32 is replaced
 PARRDR> Error: Repeated DIHE parameter ( 22378): CG2D  CG32  CG32  CG32 is replaced
 PARRDR> Error: Repeated DIHE parameter ( 19868): CG33  CG31  CG32  CG32 is replaced
 PARRDR> Error: Repeated DIHE parameter ( 22393): CG2D  CG32  CG32  SG31 is replaced
 PARRDR> Error: Repeated DIHE parameter ( 22394): CG2D  CG32  CG32  SG31 is replaced
 PARRDR> Error: Repeated DIHE parameter ( 22395): CG2D  CG32  CG32  SG31 is replaced
 PARRDR> Error: Repeated DIHE parameter ( 18389): CG32  CG30  CG32  CG32 is replaced
 PARRDR> Error: Repeated DIHE parameter ( 18417): CG33  CG30  CG32  CG32 is replaced
 PARMIO> NONBOND, HBOND lists and IMAGE atoms cleared.
  
 CHARMM>    RETURN
 VCLOSE: Closing unit   98 with status "KEEP"

                    RETURNING TO INPUT STREAM    99
  
 CHARMM>    stream toppar/toppar_all36_nano_lig_patch.str
 VOPEN> Attempting to open::toppar/toppar_all36_nano_lig_patch.str::
 OPNLGU> Unit 98 opened for READONLY access to toppar/toppar_all36_nano_lig_patch.str

                    INPUT STREAM SWITCHING TO UNIT    98
 RDTITL> READ RTF CARD APPEND
 RDTITL> No title read.
 Parameter: IN1 <- "" <empty>
  
 CHARMM>    read rtf card append
 MAINIO> Residue topology file being read from unit  98.
 RDTITL> * TOPOLOGY FOR SYNTHETIC_POLYMER
 RDTITL> *
  
 CHARMM>    RETURN
 VCLOSE: Closing unit   98 with status "KEEP"

                    RETURNING TO INPUT STREAM    99
  
 CHARMM>     
  
 CHARMM>    ! Additional topologies and parameters for synthetic polymer
 CHARMM>    stream toppar/toppar_all36_synthetic_polymer.str
 VOPEN> Attempting to open::toppar/toppar_all36_synthetic_polymer.str::
 OPNLGU> Unit 98 opened for READONLY access to toppar/toppar_all36_synthetic_polymer.str

                    INPUT STREAM SWITCHING TO UNIT    98
 RDTITL> READ RTF CARD APPEND
 RDTITL> No title read.
 Parameter: IN1 <- "" <empty>
  
 CHARMM>    read rtf card append
 MAINIO> Residue topology file being read from unit  98.
 RDTITL> * TOPOLOGY FOR SYNTHETIC_POLYMER
 RDTITL> *
  
 CHARMM>     
  
 CHARMM>    read param card flex append

          PARAMETER FILE BEING READ FROM UNIT 98
 RDTITL> * SYNTHETIC POLYMER PARAMETER
 RDTITL> *
 PARRDR> Error: Repeated BOND parameter (  1190): CG30  NG2S is replaced
 PARRDR> Error: Repeated BOND parameter (   709): CG2O  CG30 is replaced
 PARRDR> Error: Repeated BOND parameter (   703): CG2O  CG2R is replaced
 PARRDR> Error: Repeated BOND parameter (  1192): CG30  NG31 is replaced
 PARRDR> Error: Repeated BOND parameter (  1238): CG31  NG31 is replaced
 PARRDR> Error: Repeated BOND parameter (   774): CG2O  CG30 is replaced
 PARRDR> Error: Repeated BOND parameter (  1257): CG31  CG31 is replaced
 PARRDR> Error: Repeated ANGLE parameter (  4699): CG31  CG32  NG32 is replaced
 PARRDR> Error: Repeated ANGLE parameter (  3954): CG2O  CG31  NG31 is replaced
 PARRDR> Error: Repeated ANGLE parameter (  4008): CG2O  CG31  CG32 is replaced
 PARRDR> Error: Repeated ANGLE parameter (  3839): CG33  CG30  NG31 is replaced
 PARRDR> Error: Repeated ANGLE parameter (  4010): CG2O  CG31  CG33 is replaced
 PARRDR> Error: Repeated ANGLE parameter (  4477): CG2D  CG32  CG30 is replaced
 PARRDR> Error: Repeated ANGLE parameter (  3837): CG33  CG30  NG2S is replaced
 PARRDR> Error: Repeated ANGLE parameter (  6736): CG31  NG2R  CG3C is replaced
 PARRDR> Error: Repeated ANGLE parameter (  3725): CG2O  CG30  CG33 is replaced
 PARRDR> Error: Repeated ANGLE parameter (  7053): CG30  NG2S  HGP1 is replaced
 PARRDR> Error: Repeated ANGLE parameter (  4256): NG31  CG31  OG31 is replaced
 PARRDR> Error: Repeated ANGLE parameter (  3956): CG2O  CG31  OG30 is replaced
 PARRDR> Error: Repeated ANGLE parameter (  4702): CG31  CG32  OG30 is replaced
 PARRDR> Error: Repeated ANGLE parameter (  4013): CG2O  CG31  NG31 is replaced
 PARRDR> Error: Repeated ANGLE parameter (  7499): CG30  OG30  CG32 is replaced
 PARRDR> Error: Repeated ANGLE parameter (  4546): CG2O  CG32  OG30 is replaced
 PARRDR> Error: Repeated ANGLE parameter (  2004): CG2R  CG2O  OG2D is replaced
 PARRDR> Error: Repeated ANGLE parameter (  7020): CG2O  NG2S  CG30 is replaced
 PARRDR> Error: Repeated ANGLE parameter (  7197): CG30  NG31  HGPA is replaced
 PARRDR> Error: Repeated ANGLE parameter (  2178): CG31  CG2O  CG33 is replaced
 PARRDR> Error: Repeated ANGLE parameter (  3805): CG32  CG30  NG2S is replaced
 PARRDR> Error: Repeated ANGLE parameter (  4545): CG2O  CG32  NG31 is replaced
 PARRDR> Error: Repeated ANGLE parameter (  7204): CG31  NG31  HGPA is replaced
 PARRDR> Error: Repeated ANGLE parameter (  4489): CG2D  CG32  OG30 is replaced
 PARRDR> Error: Repeated ANGLE parameter (  7195): CG30  NG31  CG32 is replaced
 PARRDR> Error: Repeated ANGLE parameter (  4534): CG2O  CG32  CG30 is replaced
 PARRDR> Error: Repeated ANGLE parameter (  3724): CG2O  CG30  CG32 is replaced
 PARRDR> Error: Repeated ANGLE parameter (  2005): CG2R  CG2O  OG31 is replaced
 PARRDR> Error: Repeated ANGLE parameter (  4749): CG32  CG32  NG2R is replaced
 PARRDR> Error: Repeated ANGLE parameter (  2275): CG2O  CG2R  CG2R is replaced
 PARRDR> Error: Repeated ANGLE parameter (  2022): CG30  CG2O  OG2D is replaced
 PARRDR> Error: Repeated ANGLE parameter (  4257): NG31  CG31  HGA1 is replaced
 PARRDR> Error: Repeated ANGLE parameter (  4201): CG33  CG31  NG31 is replaced
 PARRDR> Error: Repeated ANGLE parameter (  4064): CG2R  CG31  NG31 is replaced
 PARRDR> Error: Repeated ANGLE parameter (  7200): CG31  NG31  CG32 is replaced
 PARRDR> Error: Repeated ANGLE parameter (  3806): CG32  CG30  NG31 is replaced
 PARRDR> Error: Repeated ANGLE parameter (  4158): CG32  CG31  NG31 is replaced
 PARRDR> Error: Repeated ANGLE parameter (  2177): CG31  CG2O  CG32 is replaced
 PARRDR> Error: Repeated ANGLE parameter (  3737): CG2O  CG30  CG33 is replaced
 PARRDR> Error: Repeated ANGLE parameter (  2175): CG30  CG2O  OG2D is replaced
 PARRDR> Error: Repeated ANGLE parameter (  2172): CG30  CG2O  CG32 is replaced
 PARRDR> Error: Repeated ANGLE parameter (  2151): CG2O  CG2O  CG32 is replaced
 PARRDR> Error: Repeated ANGLE parameter (  4476): CG2D  CG32  CG2O is replaced
 PARRDR> Error: Repeated ANGLE parameter (  7013): CG2O  NG2S  CG2O is replaced
 PARRDR> Error: Repeated ANGLE parameter (  4530): CG2O  CG32  CG2O is replaced
 PARRDR> Error: Repeated ANGLE parameter (  4583): CG2O  CG32  CG31 is replaced
 PARRDR> Error: Repeated ANGLE parameter (  4002): CG2O  CG31  CG2O is replaced
 PARRDR> Error: Repeated ANGLE parameter (  3736): CG2O  CG30  CG32 is replaced
 PARRDR> Error: Repeated ANGLE parameter (  4003): CG2O  CG31  CG2R is replaced
 PARRDR> Error: Repeated ANGLE parameter (  3978): CG2O  CG31  CG2O is replaced
 PARRDR> Error: Repeated ANGLE parameter (  3943): CG2O  CG31  CG2O is replaced
 PARRDR> Error: Repeated ANGLE parameter (  4011): CG2O  CG31  NG2R is replaced
 PARRDR> Error: Repeated ANGLE parameter (  3962): CG2O  CG31  CG2O is replaced
 PARRDR> Error: Repeated ANGLE parameter (  4698): CG31  CG32  NG31 is replaced
 PARRDR> Error: Repeated ANGLE parameter (  4674): CG30  CG32  NG31 is replaced
 PARRDR> Error: Repeated ANGLE parameter (  3723): CG2O  CG30  CG31 is replaced
 PARRDR> Error: Repeated ANGLE parameter (  3812): CG32  CG30  OG31 is replaced
 PARRDR> Error: Repeated ANGLE parameter (  4006): CG2O  CG31  CG31 is replaced
 PARRDR> Error: Repeated ANGLE parameter (  4054): CG2R  CG31  CG31 is replaced
 PARRDR> Error: Repeated ANGLE parameter (  4676): CG30  CG32  OG31 is replaced
 PARRDR> Error: Repeated ANGLE parameter (  4926): CG32  CG32  CG33 is replaced
 PARRDR> Error: Repeated ANGLE parameter (  4925): CG32  CG32  CG32 is replaced
 PARRDR> Error: Repeated ANGLE parameter (  4311): CG31  CG31  FGA2 is replaced
 PARRDR> Error: Repeated ANGLE parameter (  3728): CG2O  CG30  CG32 is replaced
 PARRDR> Error: Repeated ANGLE parameter (  2023): CG30  CG2O  OG31 is replaced
 PARRDR> Error: Repeated ANGLE parameter (  3727): CG2O  CG30  CG2O is replaced
 PARRDR> Error: Repeated ANGLE parameter (  4186): CG32  CG31  NG31 is replaced
 PARRDR> Error: Repeated ANGLE parameter (  4102): CG31  CG31  CG32 is replaced
 PARRDR> Error: Repeated ANGLE parameter (  4009): CG2O  CG31  CG32 is replaced
 PARRDR> Error: Repeated ANGLE parameter (  4582): CG2O  CG32  CG30 is replaced
 PARRDR> Error: Repeated ANGLE parameter (  4672): CG30  CG32  NG2S is replaced
 PARRDR> Error: Repeated DIHE parameter ( 19844): CG32  CG31  CG32  CG31 is replaced
 PARRDR> Error: Repeated DIHE parameter ( 19822): CG32  CG31  CG32  NG32 is replaced
 PARRDR> Error: Repeated DIHE parameter ( 20218): HGA1  CG31  CG32  NG32 is replaced
 PARRDR> Error: Repeated DIHE parameter ( 24359): CG31  CG32  NG32  HGPA is replaced
 PARRDR> Error: Repeated DIHE parameter ( 12727): CG3C  CG2R  NG2R  CG31 is replaced
 PARRDR> Error: Repeated DIHE parameter ( 24397): CG2O  CG32  OG30  CG32 is replaced
 PARRDR> Error: Repeated DIHE parameter ( 24398): CG2O  CG32  OG30  CG32 is replaced
 PARRDR> Error: Repeated DIHE parameter ( 24399): CG2O  CG32  OG30  CG32 is replaced
 PARRDR> Error: Repeated DIHE parameter ( 21269): HGA1  CG31  NG31  HGPA is replaced
 PARRDR> Error: Repeated DIHE parameter ( 22546): CG2R  CG32  CG32  CG30 is replaced
 PARRDR> Error: Repeated DIHE parameter ( 21346): CG32  CG31  OG30  CG32 is replaced
 PARRDR> Error: Repeated DIHE parameter ( 21347): CG32  CG31  OG30  CG32 is replaced
 PARRDR> Error: Repeated DIHE parameter ( 21346): CG32  CG31  OG30  CG32 is replaced
 PARRDR> Error: Repeated DIHE parameter ( 21347): CG32  CG31  OG30  CG32 is replaced
 PARRDR> Error: Repeated DIHE parameter (  8768): OG2D  CG2O  CG31  NG31 is replaced
 PARRDR> Error: Repeated DIHE parameter (  7774): OG2D  CG2O  NG2S  CG30 is replaced
 PARRDR> Error: Repeated DIHE parameter ( 24338): HGA2  CG32  NG31  CG30 is replaced
 PARRDR> Error: Repeated DIHE parameter (  3574): CG2D  CG2D  CG32  OG30 is replaced
 PARRDR> Error: Repeated DIHE parameter (  3575): CG2D  CG2D  CG32  OG30 is replaced
 PARRDR> Error: Repeated DIHE parameter (  3576): CG2D  CG2D  CG32  OG30 is replaced
 PARRDR> Error: Repeated DIHE parameter (  3577): CG2D  CG2D  CG32  OG30 is replaced
 PARRDR> Error: Repeated DIHE parameter (  3574): CG2D  CG2D  CG32  OG30 is replaced
 PARRDR> Error: Repeated DIHE parameter (  3575): CG2D  CG2D  CG32  OG30 is replaced
 PARRDR> Error: Repeated DIHE parameter (  3576): CG2D  CG2D  CG32  OG30 is replaced
 PARRDR> Error: Repeated DIHE parameter (  3577): CG2D  CG2D  CG32  OG30 is replaced
 PARRDR> Error: Repeated DIHE parameter (  3574): CG2D  CG2D  CG32  OG30 is replaced
 PARRDR> Error: Repeated DIHE parameter (  3575): CG2D  CG2D  CG32  OG30 is replaced
 PARRDR> Error: Repeated DIHE parameter (  3576): CG2D  CG2D  CG32  OG30 is replaced
 PARRDR> Error: Repeated DIHE parameter (  3577): CG2D  CG2D  CG32  OG30 is replaced
 PARRDR> Error: Repeated DIHE parameter ( 20041): OG31  CG31  CG32  CG30 is replaced
 PARRDR> Error: Repeated DIHE parameter ( 20042): OG31  CG31  CG32  CG30 is replaced
 PARRDR> Error: Repeated DIHE parameter ( 20043): OG31  CG31  CG32  CG30 is replaced
 PARRDR> Error: Repeated DIHE parameter ( 20041): OG31  CG31  CG32  CG30 is replaced
 PARRDR> Error: Repeated DIHE parameter ( 20042): OG31  CG31  CG32  CG30 is replaced
 PARRDR> Error: Repeated DIHE parameter ( 20043): OG31  CG31  CG32  CG30 is replaced
 PARRDR> Error: Repeated DIHE parameter ( 20041): OG31  CG31  CG32  CG30 is replaced
 PARRDR> Error: Repeated DIHE parameter ( 20042): OG31  CG31  CG32  CG30 is replaced
 PARRDR> Error: Repeated DIHE parameter ( 20043): OG31  CG31  CG32  CG30 is replaced
 PARRDR> Error: Repeated DIHE parameter ( 19855): CG33  CG31  CG32  CG2D is replaced
 PARRDR> Error: Repeated DIHE parameter ( 18386): CG32  CG30  CG32  CG30 is replaced
 PARRDR> Error: Repeated DIHE parameter ( 21179): CG32  CG31  NG31  CG32 is replaced
 PARRDR> Error: Repeated DIHE parameter ( 21180): CG32  CG31  NG31  CG32 is replaced
 PARRDR> Error: Repeated DIHE parameter ( 21181): CG32  CG31  NG31  CG32 is replaced
 PARRDR> Error: Repeated DIHE parameter ( 21179): CG32  CG31  NG31  CG32 is replaced
 PARRDR> Error: Repeated DIHE parameter ( 21180): CG32  CG31  NG31  CG32 is replaced
 PARRDR> Error: Repeated DIHE parameter ( 21181): CG32  CG31  NG31  CG32 is replaced
 PARRDR> Error: Repeated DIHE parameter ( 21179): CG32  CG31  NG31  CG32 is replaced
 PARRDR> Error: Repeated DIHE parameter ( 21180): CG32  CG31  NG31  CG32 is replaced
 PARRDR> Error: Repeated DIHE parameter ( 21181): CG32  CG31  NG31  CG32 is replaced
 PARRDR> Error: Repeated DIHE parameter ( 24232): CG32  CG32  NG31  CG30 is replaced
 PARRDR> Error: Repeated DIHE parameter ( 24233): CG32  CG32  NG31  CG30 is replaced
 PARRDR> Error: Repeated DIHE parameter ( 24234): CG32  CG32  NG31  CG30 is replaced
 PARRDR> Error: Repeated DIHE parameter ( 24232): CG32  CG32  NG31  CG30 is replaced
 PARRDR> Error: Repeated DIHE parameter ( 24233): CG32  CG32  NG31  CG30 is replaced
 PARRDR> Error: Repeated DIHE parameter ( 24234): CG32  CG32  NG31  CG30 is replaced
 PARRDR> Error: Repeated DIHE parameter ( 24232): CG32  CG32  NG31  CG30 is replaced
 PARRDR> Error: Repeated DIHE parameter ( 24233): CG32  CG32  NG31  CG30 is replaced
 PARRDR> Error: Repeated DIHE parameter ( 24234): CG32  CG32  NG31  CG30 is replaced
 PARRDR> Error: Repeated DIHE parameter ( 22651): CG32  CG32  CG32  NG2R is replaced
 PARRDR> Error: Repeated DIHE parameter ( 21208): CG33  CG31  NG31  CG32 is replaced
 PARRDR> Error: Repeated DIHE parameter ( 21209): CG33  CG31  NG31  CG32 is replaced
 PARRDR> Error: Repeated DIHE parameter ( 21210): CG33  CG31  NG31  CG32 is replaced
 PARRDR> Error: Repeated DIHE parameter ( 21208): CG33  CG31  NG31  CG32 is replaced
 PARRDR> Error: Repeated DIHE parameter ( 21209): CG33  CG31  NG31  CG32 is replaced
 PARRDR> Error: Repeated DIHE parameter ( 21210): CG33  CG31  NG31  CG32 is replaced
 PARRDR> Error: Repeated DIHE parameter ( 21208): CG33  CG31  NG31  CG32 is replaced
 PARRDR> Error: Repeated DIHE parameter ( 21209): CG33  CG31  NG31  CG32 is replaced
 PARRDR> Error: Repeated DIHE parameter ( 21210): CG33  CG31  NG31  CG32 is replaced
 PARRDR> Error: Repeated DIHE parameter (  3676): HGA4  CG2D  CG32  OG30 is replaced
 PARRDR> Error: Repeated DIHE parameter (  3677): HGA4  CG2D  CG32  OG30 is replaced
 PARRDR> Error: Repeated DIHE parameter ( 21114): CG2O  CG31  NG31  CG32 is replaced
 PARRDR> Error: Repeated DIHE parameter ( 21115): CG2O  CG31  NG31  CG32 is replaced
 PARRDR> Error: Repeated DIHE parameter ( 21116): CG2O  CG31  NG31  CG32 is replaced
 PARRDR> Error: Repeated DIHE parameter ( 21114): CG2O  CG31  NG31  CG32 is replaced
 PARRDR> Error: Repeated DIHE parameter ( 21115): CG2O  CG31  NG31  CG32 is replaced
 PARRDR> Error: Repeated DIHE parameter ( 21116): CG2O  CG31  NG31  CG32 is replaced
 PARRDR> Error: Repeated DIHE parameter ( 21114): CG2O  CG31  NG31  CG32 is replaced
 PARRDR> Error: Repeated DIHE parameter ( 21115): CG2O  CG31  NG31  CG32 is replaced
 PARRDR> Error: Repeated DIHE parameter ( 21116): CG2O  CG31  NG31  CG32 is replaced
 PARRDR> Error: Repeated DIHE parameter ( 18919): CG33  CG30  OG30  CG32 is replaced
 PARRDR> Error: Repeated DIHE parameter ( 18920): CG33  CG30  OG30  CG32 is replaced
 PARRDR> Error: Repeated DIHE parameter ( 18919): CG33  CG30  OG30  CG32 is replaced
 PARRDR> Error: Repeated DIHE parameter ( 18920): CG33  CG30  OG30  CG32 is replaced
 PARRDR> Error: Repeated DIHE parameter ( 18860): CG32  CG30  NG31  HGPA is replaced
 PARRDR> Error: Repeated DIHE parameter ( 18861): CG32  CG30  NG31  HGPA is replaced
 PARRDR> Error: Repeated DIHE parameter ( 18390): CG32  CG30  CG32  CG33 is replaced
 PARRDR> Error: Repeated DIHE parameter (  9086): CG31  CG2O  CG33  HGA3 is replaced
 PARRDR> Error: Repeated DIHE parameter (  8069): CG2R  CG2O  OG30  CG32 is replaced
 PARRDR> Error: Repeated DIHE parameter (  8070): CG2R  CG2O  OG30  CG32 is replaced
 PARRDR> Error: Repeated DIHE parameter (  8071): CG2R  CG2O  OG30  CG32 is replaced
 PARRDR> Error: Repeated DIHE parameter (  8069): CG2R  CG2O  OG30  CG32 is replaced
 PARRDR> Error: Repeated DIHE parameter (  8070): CG2R  CG2O  OG30  CG32 is replaced
 PARRDR> Error: Repeated DIHE parameter (  8071): CG2R  CG2O  OG30  CG32 is replaced
 PARRDR> Error: Repeated DIHE parameter (  8069): CG2R  CG2O  OG30  CG32 is replaced
 PARRDR> Error: Repeated DIHE parameter (  8070): CG2R  CG2O  OG30  CG32 is replaced
 PARRDR> Error: Repeated DIHE parameter (  8071): CG2R  CG2O  OG30  CG32 is replaced
 PARRDR> Error: Repeated DIHE parameter ( 22486): CG2O  CG32  CG32  CG30 is replaced
 PARRDR> Error: Repeated DIHE parameter ( 22487): CG2O  CG32  CG32  CG30 is replaced
 PARRDR> Error: Repeated DIHE parameter ( 22488): CG2O  CG32  CG32  CG30 is replaced
 PARRDR> Error: Repeated DIHE parameter ( 22489): CG2O  CG32  CG32  CG30 is replaced
 PARRDR> Error: Repeated DIHE parameter ( 22490): CG2O  CG32  CG32  CG30 is replaced
 PARRDR> Error: Repeated DIHE parameter ( 22486): CG2O  CG32  CG32  CG30 is replaced
 PARRDR> Error: Repeated DIHE parameter ( 22487): CG2O  CG32  CG32  CG30 is replaced
 PARRDR> Error: Repeated DIHE parameter ( 22488): CG2O  CG32  CG32  CG30 is replaced
 PARRDR> Error: Repeated DIHE parameter ( 22489): CG2O  CG32  CG32  CG30 is replaced
 PARRDR> Error: Repeated DIHE parameter ( 22490): CG2O  CG32  CG32  CG30 is replaced
 PARRDR> Error: Repeated DIHE parameter ( 22486): CG2O  CG32  CG32  CG30 is replaced
 PARRDR> Error: Repeated DIHE parameter ( 22487): CG2O  CG32  CG32  CG30 is replaced
 PARRDR> Error: Repeated DIHE parameter ( 22488): CG2O  CG32  CG32  CG30 is replaced
 PARRDR> Error: Repeated DIHE parameter ( 22489): CG2O  CG32  CG32  CG30 is replaced
 PARRDR> Error: Repeated DIHE parameter ( 22490): CG2O  CG32  CG32  CG30 is replaced
 PARRDR> Error: Repeated DIHE parameter ( 22486): CG2O  CG32  CG32  CG30 is replaced
 PARRDR> Error: Repeated DIHE parameter ( 22487): CG2O  CG32  CG32  CG30 is replaced
 PARRDR> Error: Repeated DIHE parameter ( 22488): CG2O  CG32  CG32  CG30 is replaced
 PARRDR> Error: Repeated DIHE parameter ( 22489): CG2O  CG32  CG32  CG30 is replaced
 PARRDR> Error: Repeated DIHE parameter ( 22490): CG2O  CG32  CG32  CG30 is replaced
 PARRDR> Error: Repeated DIHE parameter ( 22486): CG2O  CG32  CG32  CG30 is replaced
 PARRDR> Error: Repeated DIHE parameter ( 22487): CG2O  CG32  CG32  CG30 is replaced
 PARRDR> Error: Repeated DIHE parameter ( 22488): CG2O  CG32  CG32  CG30 is replaced
 PARRDR> Error: Repeated DIHE parameter ( 22489): CG2O  CG32  CG32  CG30 is replaced
 PARRDR> Error: Repeated DIHE parameter ( 22490): CG2O  CG32  CG32  CG30 is replaced
 PARRDR> Error: Repeated DIHE parameter ( 19930): NG2R  CG31  CG32  CG32 is replaced
 PARRDR> Error: Repeated DIHE parameter ( 21117): CG2O  CG31  NG31  HGPA is replaced
 PARRDR> Error: Repeated DIHE parameter ( 21118): CG2O  CG31  NG31  HGPA is replaced
 PARRDR> Error: Repeated DIHE parameter ( 21119): CG2O  CG31  NG31  HGPA is replaced
 PARRDR> Error: Repeated DIHE parameter ( 18472): NG31  CG30  CG32  CG31 is replaced
 PARRDR> Error: Repeated DIHE parameter ( 24414): CG31  CG32  OG30  CG32 is replaced
 PARRDR> Error: Repeated DIHE parameter ( 24415): CG31  CG32  OG30  CG32 is replaced
 PARRDR> Error: Repeated DIHE parameter ( 24416): CG31  CG32  OG30  CG32 is replaced
 PARRDR> Error: Repeated DIHE parameter ( 24414): CG31  CG32  OG30  CG32 is replaced
 PARRDR> Error: Repeated DIHE parameter ( 24415): CG31  CG32  OG30  CG32 is replaced
 PARRDR> Error: Repeated DIHE parameter ( 24416): CG31  CG32  OG30  CG32 is replaced
 PARRDR> Error: Repeated DIHE parameter ( 24414): CG31  CG32  OG30  CG32 is replaced
 PARRDR> Error: Repeated DIHE parameter ( 24415): CG31  CG32  OG30  CG32 is replaced
 PARRDR> Error: Repeated DIHE parameter ( 24416): CG31  CG32  OG30  CG32 is replaced
 PARRDR> Error: Repeated DIHE parameter (  3550): CG2D  CG2D  CG32  CG30 is replaced
 PARRDR> Error: Repeated DIHE parameter (  3551): CG2D  CG2D  CG32  CG30 is replaced
 PARRDR> Error: Repeated DIHE parameter (  3550): CG2D  CG2D  CG32  CG30 is replaced
 PARRDR> Error: Repeated DIHE parameter (  3551): CG2D  CG2D  CG32  CG30 is replaced
 PARRDR> Error: Repeated DIHE parameter (  8717): CG33  CG2O  CG31  CG32 is replaced
 PARRDR> Error: Repeated DIHE parameter (  8718): CG33  CG2O  CG31  CG32 is replaced
 PARRDR> Error: Repeated DIHE parameter (  8719): CG33  CG2O  CG31  CG32 is replaced
 PARRDR> Error: Repeated DIHE parameter (  8720): CG33  CG2O  CG31  CG32 is replaced
 PARRDR> Error: Repeated DIHE parameter (  8717): CG33  CG2O  CG31  CG32 is replaced
 PARRDR> Error: Repeated DIHE parameter (  8718): CG33  CG2O  CG31  CG32 is replaced
 PARRDR> Error: Repeated DIHE parameter (  8719): CG33  CG2O  CG31  CG32 is replaced
 PARRDR> Error: Repeated DIHE parameter (  8720): CG33  CG2O  CG31  CG32 is replaced
 PARRDR> Error: Repeated DIHE parameter (  8717): CG33  CG2O  CG31  CG32 is replaced
 PARRDR> Error: Repeated DIHE parameter (  8718): CG33  CG2O  CG31  CG32 is replaced
 PARRDR> Error: Repeated DIHE parameter (  8719): CG33  CG2O  CG31  CG32 is replaced
 PARRDR> Error: Repeated DIHE parameter (  8720): CG33  CG2O  CG31  CG32 is replaced
 PARRDR> Error: Repeated DIHE parameter (  8717): CG33  CG2O  CG31  CG32 is replaced
 PARRDR> Error: Repeated DIHE parameter (  8718): CG33  CG2O  CG31  CG32 is replaced
 PARRDR> Error: Repeated DIHE parameter (  8719): CG33  CG2O  CG31  CG32 is replaced
 PARRDR> Error: Repeated DIHE parameter (  8720): CG33  CG2O  CG31  CG32 is replaced
 PARRDR> Error: Repeated DIHE parameter ( 24486): HGA2  CG32  OG30  CG30 is replaced
 PARRDR> Error: Repeated DIHE parameter ( 24426): CG32  CG32  OG30  CG30 is replaced
 PARRDR> Error: Repeated DIHE parameter ( 24427): CG32  CG32  OG30  CG30 is replaced
 PARRDR> Error: Repeated DIHE parameter ( 24428): CG32  CG32  OG30  CG30 is replaced
 PARRDR> Error: Repeated DIHE parameter ( 24426): CG32  CG32  OG30  CG30 is replaced
 PARRDR> Error: Repeated DIHE parameter ( 24427): CG32  CG32  OG30  CG30 is replaced
 PARRDR> Error: Repeated DIHE parameter ( 24428): CG32  CG32  OG30  CG30 is replaced
 PARRDR> Error: Repeated DIHE parameter ( 24426): CG32  CG32  OG30  CG30 is replaced
 PARRDR> Error: Repeated DIHE parameter ( 24427): CG32  CG32  OG30  CG30 is replaced
 PARRDR> Error: Repeated DIHE parameter ( 24428): CG32  CG32  OG30  CG30 is replaced
 PARRDR> Error: Repeated DIHE parameter ( 24241): CG32  CG32  NG31  CG32 is replaced
 PARRDR> Error: Repeated DIHE parameter ( 24242): CG32  CG32  NG31  CG32 is replaced
 PARRDR> Error: Repeated DIHE parameter ( 24243): CG32  CG32  NG31  CG32 is replaced
 PARRDR> Error: Repeated DIHE parameter ( 24241): CG32  CG32  NG31  CG32 is replaced
 PARRDR> Error: Repeated DIHE parameter ( 24242): CG32  CG32  NG31  CG32 is replaced
 PARRDR> Error: Repeated DIHE parameter ( 24243): CG32  CG32  NG31  CG32 is replaced
 PARRDR> Error: Repeated DIHE parameter ( 24241): CG32  CG32  NG31  CG32 is replaced
 PARRDR> Error: Repeated DIHE parameter ( 24242): CG32  CG32  NG31  CG32 is replaced
 PARRDR> Error: Repeated DIHE parameter ( 24243): CG32  CG32  NG31  CG32 is replaced
 PARRDR> Error: Repeated DIHE parameter ( 21374): HGA1  CG31  OG30  CG32 is replaced
 PARRDR> Error: Repeated DIHE parameter ( 18474): NG31  CG30  CG32  HGA2 is replaced
 PARRDR> Error: Repeated DIHE parameter ( 20004): NG31  CG31  CG32  HGA2 is replaced
 PARRDR> Error: Repeated DIHE parameter ( 19864): CG33  CG31  CG32  CG30 is replaced
 PARRDR> Error: Repeated DIHE parameter ( 21255): OG31  CG31  NG31  HGPA is replaced
 PARRDR> Error: Repeated DIHE parameter ( 21256): OG31  CG31  NG31  HGPA is replaced
 PARRDR> Error: Repeated DIHE parameter ( 21255): OG31  CG31  NG31  HGPA is replaced
 PARRDR> Error: Repeated DIHE parameter ( 21256): OG31  CG31  NG31  HGPA is replaced
 PARRDR> Error: Repeated DIHE parameter (  6953): OG2D  CG2O  CG31  OG30 is replaced
 PARRDR> Error: Repeated DIHE parameter (  6954): OG2D  CG2O  CG31  OG30 is replaced
 PARRDR> Error: Repeated DIHE parameter ( 22491): CG2O  CG32  CG32  CG31 is replaced
 PARRDR> Error: Repeated DIHE parameter ( 22492): CG2O  CG32  CG32  CG31 is replaced
 PARRDR> Error: Repeated DIHE parameter ( 22493): CG2O  CG32  CG32  CG31 is replaced
 PARRDR> Error: Repeated DIHE parameter ( 22494): CG2O  CG32  CG32  CG31 is replaced
 PARRDR> Error: Repeated DIHE parameter ( 22495): CG2O  CG32  CG32  CG31 is replaced
 PARRDR> Error: Repeated DIHE parameter ( 22491): CG2O  CG32  CG32  CG31 is replaced
 PARRDR> Error: Repeated DIHE parameter ( 22492): CG2O  CG32  CG32  CG31 is replaced
 PARRDR> Error: Repeated DIHE parameter ( 22493): CG2O  CG32  CG32  CG31 is replaced
 PARRDR> Error: Repeated DIHE parameter ( 22494): CG2O  CG32  CG32  CG31 is replaced
 PARRDR> Error: Repeated DIHE parameter ( 22495): CG2O  CG32  CG32  CG31 is replaced
 PARRDR> Error: Repeated DIHE parameter ( 22491): CG2O  CG32  CG32  CG31 is replaced
 PARRDR> Error: Repeated DIHE parameter ( 22492): CG2O  CG32  CG32  CG31 is replaced
 PARRDR> Error: Repeated DIHE parameter ( 22493): CG2O  CG32  CG32  CG31 is replaced
 PARRDR> Error: Repeated DIHE parameter ( 22494): CG2O  CG32  CG32  CG31 is replaced
 PARRDR> Error: Repeated DIHE parameter ( 22495): CG2O  CG32  CG32  CG31 is replaced
 PARRDR> Error: Repeated DIHE parameter ( 22491): CG2O  CG32  CG32  CG31 is replaced
 PARRDR> Error: Repeated DIHE parameter ( 22492): CG2O  CG32  CG32  CG31 is replaced
 PARRDR> Error: Repeated DIHE parameter ( 22493): CG2O  CG32  CG32  CG31 is replaced
 PARRDR> Error: Repeated DIHE parameter ( 22494): CG2O  CG32  CG32  CG31 is replaced
 PARRDR> Error: Repeated DIHE parameter ( 22495): CG2O  CG32  CG32  CG31 is replaced
 PARRDR> Error: Repeated DIHE parameter ( 22491): CG2O  CG32  CG32  CG31 is replaced
 PARRDR> Error: Repeated DIHE parameter ( 22492): CG2O  CG32  CG32  CG31 is replaced
 PARRDR> Error: Repeated DIHE parameter ( 22493): CG2O  CG32  CG32  CG31 is replaced
 PARRDR> Error: Repeated DIHE parameter ( 22494): CG2O  CG32  CG32  CG31 is replaced
 PARRDR> Error: Repeated DIHE parameter ( 22495): CG2O  CG32  CG32  CG31 is replaced
 PARRDR> Error: Repeated DIHE parameter ( 21130): CG2R  CG31  NG31  CG32 is replaced
 PARRDR> Error: Repeated DIHE parameter ( 21131): CG2R  CG31  NG31  CG32 is replaced
 PARRDR> Error: Repeated DIHE parameter ( 21132): CG2R  CG31  NG31  CG32 is replaced
 PARRDR> Error: Repeated DIHE parameter ( 21130): CG2R  CG31  NG31  CG32 is replaced
 PARRDR> Error: Repeated DIHE parameter ( 21131): CG2R  CG31  NG31  CG32 is replaced
 PARRDR> Error: Repeated DIHE parameter ( 21132): CG2R  CG31  NG31  CG32 is replaced
 PARRDR> Error: Repeated DIHE parameter ( 21130): CG2R  CG31  NG31  CG32 is replaced
 PARRDR> Error: Repeated DIHE parameter ( 21131): CG2R  CG31  NG31  CG32 is replaced
 PARRDR> Error: Repeated DIHE parameter ( 21132): CG2R  CG31  NG31  CG32 is replaced
 PARRDR> Error: Repeated DIHE parameter ( 18815): CG33  CG30  NG2S  HGP1 is replaced
 PARRDR> Error: Repeated DIHE parameter (  8761): OG2D  CG2O  CG31  CG33 is replaced
 PARRDR> Error: Repeated DIHE parameter (  8762): OG2D  CG2O  CG31  CG33 is replaced
 PARRDR> Error: Repeated DIHE parameter (  8763): OG2D  CG2O  CG31  CG33 is replaced
 PARRDR> Error: Repeated DIHE parameter (  8764): OG2D  CG2O  CG31  CG33 is replaced
 PARRDR> Error: Repeated DIHE parameter (  8761): OG2D  CG2O  CG31  CG33 is replaced
 PARRDR> Error: Repeated DIHE parameter (  8762): OG2D  CG2O  CG31  CG33 is replaced
 PARRDR> Error: Repeated DIHE parameter (  8763): OG2D  CG2O  CG31  CG33 is replaced
 PARRDR> Error: Repeated DIHE parameter (  8764): OG2D  CG2O  CG31  CG33 is replaced
 PARRDR> Error: Repeated DIHE parameter (  8761): OG2D  CG2O  CG31  CG33 is replaced
 PARRDR> Error: Repeated DIHE parameter (  8762): OG2D  CG2O  CG31  CG33 is replaced
 PARRDR> Error: Repeated DIHE parameter (  8763): OG2D  CG2O  CG31  CG33 is replaced
 PARRDR> Error: Repeated DIHE parameter (  8764): OG2D  CG2O  CG31  CG33 is replaced
 PARRDR> Error: Repeated DIHE parameter (  8761): OG2D  CG2O  CG31  CG33 is replaced
 PARRDR> Error: Repeated DIHE parameter (  8762): OG2D  CG2O  CG31  CG33 is replaced
 PARRDR> Error: Repeated DIHE parameter (  8763): OG2D  CG2O  CG31  CG33 is replaced
 PARRDR> Error: Repeated DIHE parameter (  8764): OG2D  CG2O  CG31  CG33 is replaced
 PARRDR> Error: Repeated DIHE parameter ( 22455): CG2O  CG32  CG32  NG31 is replaced
 PARRDR> Error: Repeated DIHE parameter ( 22456): CG2O  CG32  CG32  NG31 is replaced
 PARRDR> Error: Repeated DIHE parameter ( 22457): CG2O  CG32  CG32  NG31 is replaced
 PARRDR> Error: Repeated DIHE parameter ( 22458): CG2O  CG32  CG32  NG31 is replaced
 PARRDR> Error: Repeated DIHE parameter ( 18470): NG31  CG30  CG32  CG30 is replaced
 PARRDR> Error: Repeated DIHE parameter ( 18471): NG31  CG30  CG32  CG30 is replaced
 PARRDR> Error: Repeated DIHE parameter ( 24147): CG2O  CG32  NG31  CG32 is replaced
 PARRDR> Error: Repeated DIHE parameter ( 24148): CG2O  CG32  NG31  CG32 is replaced
 PARRDR> Error: Repeated DIHE parameter ( 24149): CG2O  CG32  NG31  CG32 is replaced
 PARRDR> Error: Repeated DIHE parameter ( 24147): CG2O  CG32  NG31  CG32 is replaced
 PARRDR> Error: Repeated DIHE parameter ( 24148): CG2O  CG32  NG31  CG32 is replaced
 PARRDR> Error: Repeated DIHE parameter ( 24149): CG2O  CG32  NG31  CG32 is replaced
 PARRDR> Error: Repeated DIHE parameter ( 24147): CG2O  CG32  NG31  CG32 is replaced
 PARRDR> Error: Repeated DIHE parameter ( 24148): CG2O  CG32  NG31  CG32 is replaced
 PARRDR> Error: Repeated DIHE parameter ( 24149): CG2O  CG32  NG31  CG32 is replaced
 PARRDR> Error: Repeated DIHE parameter ( 22547): CG2R  CG32  CG32  CG31 is replaced
 PARRDR> Error: Repeated DIHE parameter ( 24429): CG32  CG32  OG30  CG31 is replaced
 PARRDR> Error: Repeated DIHE parameter ( 24430): CG32  CG32  OG30  CG31 is replaced
 PARRDR> Error: Repeated DIHE parameter ( 24431): CG32  CG32  OG30  CG31 is replaced
 PARRDR> Error: Repeated DIHE parameter ( 24429): CG32  CG32  OG30  CG31 is replaced
 PARRDR> Error: Repeated DIHE parameter ( 24430): CG32  CG32  OG30  CG31 is replaced
 PARRDR> Error: Repeated DIHE parameter ( 24431): CG32  CG32  OG30  CG31 is replaced
 PARRDR> Error: Repeated DIHE parameter ( 24429): CG32  CG32  OG30  CG31 is replaced
 PARRDR> Error: Repeated DIHE parameter ( 24430): CG32  CG32  OG30  CG31 is replaced
 PARRDR> Error: Repeated DIHE parameter ( 24431): CG32  CG32  OG30  CG31 is replaced
 PARRDR> Error: Repeated DIHE parameter ( 20221): HGA1  CG31  CG32  OG30 is replaced
 PARRDR> Error: Repeated DIHE parameter ( 22813): OG30  CG32  CG32  OG30 is replaced
 PARRDR> Error: Repeated DIHE parameter ( 22814): OG30  CG32  CG32  OG30 is replaced
 PARRDR> Error: Repeated DIHE parameter ( 22813): OG30  CG32  CG32  OG30 is replaced
 PARRDR> Error: Repeated DIHE parameter ( 22814): OG30  CG32  CG32  OG30 is replaced
 PARRDR> Error: Repeated DIHE parameter ( 21133): CG2R  CG31  NG31  HGPA is replaced
 PARRDR> Error: Repeated DIHE parameter (  8721): CG33  CG2O  CG31  HGA1 is replaced
 PARRDR> Error: Repeated DIHE parameter (  7873): OG2D  CG2O  CG30  CG32 is replaced
 PARRDR> Error: Repeated DIHE parameter ( 24339): HGA2  CG32  NG31  CG31 is replaced
 PARRDR> Error: Repeated DIHE parameter (  7108): OG2D  CG2O  CG32  NG31 is replaced
 PARRDR> Error: Repeated DIHE parameter (  7109): OG2D  CG2O  CG32  NG31 is replaced
 PARRDR> Error: Repeated DIHE parameter ( 18910): CG32  CG30  OG30  CG32 is replaced
 PARRDR> Error: Repeated DIHE parameter ( 18911): CG32  CG30  OG30  CG32 is replaced
 PARRDR> Error: Repeated DIHE parameter ( 18912): CG32  CG30  OG30  CG32 is replaced
 PARRDR> Error: Repeated DIHE parameter ( 18910): CG32  CG30  OG30  CG32 is replaced
 PARRDR> Error: Repeated DIHE parameter ( 18911): CG32  CG30  OG30  CG32 is replaced
 PARRDR> Error: Repeated DIHE parameter ( 18912): CG32  CG30  OG30  CG32 is replaced
 PARRDR> Error: Repeated DIHE parameter ( 18910): CG32  CG30  OG30  CG32 is replaced
 PARRDR> Error: Repeated DIHE parameter ( 18911): CG32  CG30  OG30  CG32 is replaced
 PARRDR> Error: Repeated DIHE parameter ( 18912): CG32  CG30  OG30  CG32 is replaced
 PARRDR> Error: Repeated DIHE parameter (  7698): CG32  CG2O  NG2S  CG30 is replaced
 PARRDR> Error: Repeated DIHE parameter (  7699): CG32  CG2O  NG2S  CG30 is replaced
 PARRDR> Error: Repeated DIHE parameter (  7698): CG32  CG2O  NG2S  CG30 is replaced
 PARRDR> Error: Repeated DIHE parameter (  7699): CG32  CG2O  NG2S  CG30 is replaced
 PARRDR> Error: Repeated DIHE parameter ( 18854): CG32  CG30  NG31  CG32 is replaced
 PARRDR> Error: Repeated DIHE parameter ( 18855): CG32  CG30  NG31  CG32 is replaced
 PARRDR> Error: Repeated DIHE parameter ( 18856): CG32  CG30  NG31  CG32 is replaced
 PARRDR> Error: Repeated DIHE parameter ( 18854): CG32  CG30  NG31  CG32 is replaced
 PARRDR> Error: Repeated DIHE parameter ( 18855): CG32  CG30  NG31  CG32 is replaced
 PARRDR> Error: Repeated DIHE parameter ( 18856): CG32  CG30  NG31  CG32 is replaced
 PARRDR> Error: Repeated DIHE parameter ( 18854): CG32  CG30  NG31  CG32 is replaced
 PARRDR> Error: Repeated DIHE parameter ( 18855): CG32  CG30  NG31  CG32 is replaced
 PARRDR> Error: Repeated DIHE parameter ( 18856): CG32  CG30  NG31  CG32 is replaced
 PARRDR> Error: Repeated DIHE parameter ( 22593): CG31  CG32  CG32  NG31 is replaced
 PARRDR> Error: Repeated DIHE parameter ( 22593): CG31  CG32  CG32  NG31 is replaced
 PARRDR> Error: Repeated DIHE parameter ( 22574): CG30  CG32  CG32  NG31 is replaced
 PARRDR> Error: Repeated DIHE parameter ( 22574): CG30  CG32  CG32  NG31 is replaced
 PARRDR> Error: Repeated DIHE parameter (  3635): CG33  CG2D  CG32  CG30 is replaced
 PARRDR> Error: Repeated DIHE parameter ( 18812): CG32  CG30  NG2S  HGP1 is replaced
 PARRDR> Error: Repeated DIHE parameter ( 18326): CG2O  CG30  CG32  HGA2 is replaced
 PARRDR> Error: Repeated DIHE parameter ( 19875): CG33  CG31  CG32  OG30 is replaced
 PARRDR> Error: Repeated DIHE parameter ( 22793): NG31  CG32  CG32  OG30 is replaced
 PARRDR> Error: Repeated DIHE parameter ( 22793): NG31  CG32  CG32  OG30 is replaced
 PARRDR> Error: Repeated DIHE parameter ( 19648): CG2O  CG31  CG32  CG31 is replaced
 PARRDR> Error: Repeated DIHE parameter ( 18869): CG33  CG30  NG31  HGPA is replaced
 PARRDR> Error: Repeated DIHE parameter ( 18870): CG33  CG30  NG31  HGPA is replaced
 PARRDR> Error: Repeated DIHE parameter ( 22754): NG2R  CG32  CG32  HGA2 is replaced
 PARRDR> Error: Repeated DIHE parameter ( 18636): NG2S  CG30  CG33  HGA3 is replaced
 PARRDR> Error: Repeated DIHE parameter ( 19987): NG31  CG31  CG32  CG30 is replaced
 PARRDR> Error: Repeated DIHE parameter ( 19684): CG2O  CG31  CG32  HGA2 is replaced
 PARRDR> Error: Repeated DIHE parameter ( 18382): CG32  CG30  CG32  CG2D is replaced
 PARRDR> Error: Repeated DIHE parameter ( 18473): NG31  CG30  CG32  CG32 is replaced
 PARRDR> Error: Repeated DIHE parameter ( 19929): NG2R  CG31  CG32  CG31 is replaced
 PARRDR> Error: Repeated DIHE parameter ( 19955): NG2S  CG31  CG32  CG30 is replaced
 PARRDR> Error: Repeated DIHE parameter ( 21265): HGA1  CG31  NG31  CG32 is replaced
 PARRDR> Error: Repeated DIHE parameter ( 22367): CG2D  CG32  CG32  CG30 is replaced
 PARRDR> Error: Repeated DIHE parameter ( 22368): CG2D  CG32  CG32  CG30 is replaced
 PARRDR> Error: Repeated DIHE parameter ( 22369): CG2D  CG32  CG32  CG30 is replaced
 PARRDR> Error: Repeated DIHE parameter ( 22367): CG2D  CG32  CG32  CG30 is replaced
 PARRDR> Error: Repeated DIHE parameter ( 22368): CG2D  CG32  CG32  CG30 is replaced
 PARRDR> Error: Repeated DIHE parameter ( 22369): CG2D  CG32  CG32  CG30 is replaced
 PARRDR> Error: Repeated DIHE parameter ( 22367): CG2D  CG32  CG32  CG30 is replaced
 PARRDR> Error: Repeated DIHE parameter ( 22368): CG2D  CG32  CG32  CG30 is replaced
 PARRDR> Error: Repeated DIHE parameter ( 22369): CG2D  CG32  CG32  CG30 is replaced
 PARRDR> Error: Repeated DIHE parameter (  6892): NG2S  CG2O  CG31  NG31 is replaced
 PARRDR> Error: Repeated DIHE parameter (  6893): NG2S  CG2O  CG31  NG31 is replaced
 PARRDR> Error: Repeated DIHE parameter ( 18324): CG2O  CG30  CG32  CG32 is replaced
 PARRDR> Error: Repeated DIHE parameter (  8752): OG2D  CG2O  CG31  CG32 is replaced
 PARRDR> Error: Repeated DIHE parameter (  8753): OG2D  CG2O  CG31  CG32 is replaced
 PARRDR> Error: Repeated DIHE parameter (  8754): OG2D  CG2O  CG31  CG32 is replaced
 PARRDR> Error: Repeated DIHE parameter (  8755): OG2D  CG2O  CG31  CG32 is replaced
 PARRDR> Error: Repeated DIHE parameter (  8752): OG2D  CG2O  CG31  CG32 is replaced
 PARRDR> Error: Repeated DIHE parameter (  8753): OG2D  CG2O  CG31  CG32 is replaced
 PARRDR> Error: Repeated DIHE parameter (  8754): OG2D  CG2O  CG31  CG32 is replaced
 PARRDR> Error: Repeated DIHE parameter (  8755): OG2D  CG2O  CG31  CG32 is replaced
 PARRDR> Error: Repeated DIHE parameter (  8752): OG2D  CG2O  CG31  CG32 is replaced
 PARRDR> Error: Repeated DIHE parameter (  8753): OG2D  CG2O  CG31  CG32 is replaced
 PARRDR> Error: Repeated DIHE parameter (  8754): OG2D  CG2O  CG31  CG32 is replaced
 PARRDR> Error: Repeated DIHE parameter (  8755): OG2D  CG2O  CG31  CG32 is replaced
 PARRDR> Error: Repeated DIHE parameter (  8752): OG2D  CG2O  CG31  CG32 is replaced
 PARRDR> Error: Repeated DIHE parameter (  8753): OG2D  CG2O  CG31  CG32 is replaced
 PARRDR> Error: Repeated DIHE parameter (  8754): OG2D  CG2O  CG31  CG32 is replaced
 PARRDR> Error: Repeated DIHE parameter (  8755): OG2D  CG2O  CG31  CG32 is replaced
 PARRDR> Error: Repeated DIHE parameter ( 18323): CG2O  CG30  CG32  CG30 is replaced
 PARRDR> Error: Repeated DIHE parameter ( 24235): CG32  CG32  NG31  CG31 is replaced
 PARRDR> Error: Repeated DIHE parameter ( 24236): CG32  CG32  NG31  CG31 is replaced
 PARRDR> Error: Repeated DIHE parameter ( 24237): CG32  CG32  NG31  CG31 is replaced
 PARRDR> Error: Repeated DIHE parameter ( 24235): CG32  CG32  NG31  CG31 is replaced
 PARRDR> Error: Repeated DIHE parameter ( 24236): CG32  CG32  NG31  CG31 is replaced
 PARRDR> Error: Repeated DIHE parameter ( 24237): CG32  CG32  NG31  CG31 is replaced
 PARRDR> Error: Repeated DIHE parameter ( 24235): CG32  CG32  NG31  CG31 is replaced
 PARRDR> Error: Repeated DIHE parameter ( 24236): CG32  CG32  NG31  CG31 is replaced
 PARRDR> Error: Repeated DIHE parameter ( 24237): CG32  CG32  NG31  CG31 is replaced
 PARRDR> Error: Repeated DIHE parameter ( 22590): CG31  CG32  CG32  NG2S is replaced
 PARRDR> Error: Repeated DIHE parameter ( 21463): NG31  CG31  OG31  HGP1 is replaced
 PARRDR> Error: Repeated DIHE parameter ( 21464): NG31  CG31  OG31  HGP1 is replaced
 PARRDR> Error: Repeated DIHE parameter ( 21465): NG31  CG31  OG31  HGP1 is replaced
 PARRDR> Error: Repeated DIHE parameter ( 21466): NG31  CG31  OG31  HGP1 is replaced
 PARRDR> Error: Repeated DIHE parameter ( 21463): NG31  CG31  OG31  HGP1 is replaced
 PARRDR> Error: Repeated DIHE parameter ( 21464): NG31  CG31  OG31  HGP1 is replaced
 PARRDR> Error: Repeated DIHE parameter ( 21465): NG31  CG31  OG31  HGP1 is replaced
 PARRDR> Error: Repeated DIHE parameter ( 21466): NG31  CG31  OG31  HGP1 is replaced
 PARRDR> Error: Repeated DIHE parameter ( 19671): CG2O  CG31  CG32  CG30 is replaced
 PARRDR> Error: Repeated DIHE parameter ( 24150): CG2O  CG32  NG31  HGPA is replaced
 PARRDR> Error: Repeated DIHE parameter ( 24151): CG2O  CG32  NG31  HGPA is replaced
 PARRDR> Error: Repeated DIHE parameter ( 24152): CG2O  CG32  NG31  HGPA is replaced
 PARRDR> Error: Repeated DIHE parameter ( 18466): NG2S  CG30  CG32  CG32 is replaced
 PARRDR> Error: Repeated DIHE parameter ( 19673): CG2O  CG31  CG32  CG32 is replaced
 PARRDR> Error: Repeated DIHE parameter ( 19669): CG2O  CG31  CG32  CG2D is replaced
 PARRDR> Error: Repeated DIHE parameter (  7110): OG2D  CG2O  CG32  OG30 is replaced
 PARRDR> Error: Repeated DIHE parameter ( 19993): NG31  CG31  CG32  OG31 is replaced
 PARRDR> Error: Repeated DIHE parameter ( 19994): NG31  CG31  CG32  OG31 is replaced
 PARRDR> Error: Repeated DIHE parameter ( 19988): NG31  CG31  CG32  CG32 is replaced
 PARRDR> Error: Repeated DIHE parameter (  6949): OG2D  CG2O  CG31  NG31 is replaced
 PARRDR> Error: Repeated DIHE parameter (  6950): OG2D  CG2O  CG31  NG31 is replaced
 PARRDR> Error: Repeated DIHE parameter ( 19711): CG2R  CG31  CG32  CG32 is replaced
 PARRDR> Error: Repeated DIHE parameter ( 21359): CG33  CG31  OG30  CG32 is replaced
 PARRDR> Error: Repeated DIHE parameter ( 21360): CG33  CG31  OG30  CG32 is replaced
 PARRDR> Error: Repeated DIHE parameter ( 21359): CG33  CG31  OG30  CG32 is replaced
 PARRDR> Error: Repeated DIHE parameter ( 21360): CG33  CG31  OG30  CG32 is replaced
 PARRDR> Error: Repeated DIHE parameter ( 21189): CG32  CG31  NG31  HGPA is replaced
 PARRDR> Error: Repeated DIHE parameter ( 21215): CG33  CG31  NG31  HGPA is replaced
 PARRDR> Error: Repeated DIHE parameter ( 29520): HGA2  CG3C  NG2R  CG31 is replaced
 PARRDR> Error: Repeated DIHE parameter (  7816): OG2D  CG2O  CG2R  CG2R is replaced
 PARRDR> Error: Repeated DIHE parameter ( 21122): CG2O  CG31  NG31  HGPA is replaced
 PARRDR> Error: Repeated DIHE parameter ( 21123): CG2O  CG31  NG31  HGPA is replaced
 PARRDR> Error: Repeated DIHE parameter ( 21124): CG2O  CG31  NG31  HGPA is replaced
 PARRDR> Error: Repeated DIHE parameter (  3661): HGA4  CG2D  CG32  CG30 is replaced
 PARRDR> Error: Repeated DIHE parameter ( 18638): NG31  CG30  CG33  HGA3 is replaced
 PARRDR> Error: Repeated DIHE parameter ( 20746): HGA1  CG31  NG2R  CG3C is replaced
 PARRDR> Error: Repeated DIHE parameter (  8111): CG2R  CG2O  OG31  HGP1 is replaced
 PARRDR> Error: Repeated DIHE parameter (  8112): CG2R  CG2O  OG31  HGP1 is replaced
 PARRDR> Error: Repeated DIHE parameter (  8113): CG2R  CG2O  OG31  HGP1 is replaced
 PARRDR> Error: Repeated DIHE parameter (  8114): CG2R  CG2O  OG31  HGP1 is replaced
 PARRDR> Error: Repeated DIHE parameter (  8111): CG2R  CG2O  OG31  HGP1 is replaced
 PARRDR> Error: Repeated DIHE parameter (  8112): CG2R  CG2O  OG31  HGP1 is replaced
 PARRDR> Error: Repeated DIHE parameter (  8113): CG2R  CG2O  OG31  HGP1 is replaced
 PARRDR> Error: Repeated DIHE parameter (  8114): CG2R  CG2O  OG31  HGP1 is replaced
 PARRDR> Error: Repeated DIHE parameter (  8111): CG2R  CG2O  OG31  HGP1 is replaced
 PARRDR> Error: Repeated DIHE parameter (  8112): CG2R  CG2O  OG31  HGP1 is replaced
 PARRDR> Error: Repeated DIHE parameter (  8113): CG2R  CG2O  OG31  HGP1 is replaced
 PARRDR> Error: Repeated DIHE parameter (  8114): CG2R  CG2O  OG31  HGP1 is replaced
 PARRDR> Error: Repeated DIHE parameter (  8111): CG2R  CG2O  OG31  HGP1 is replaced
 PARRDR> Error: Repeated DIHE parameter (  8112): CG2R  CG2O  OG31  HGP1 is replaced
 PARRDR> Error: Repeated DIHE parameter (  8113): CG2R  CG2O  OG31  HGP1 is replaced
 PARRDR> Error: Repeated DIHE parameter (  8114): CG2R  CG2O  OG31  HGP1 is replaced
 PARRDR> Error: Repeated DIHE parameter ( 20374): NG31  CG31  CG33  HGA3 is replaced
 PARRDR> Error: Repeated DIHE parameter (  3636): CG33  CG2D  CG32  CG31 is replaced
 PARRDR> Error: Repeated DIHE parameter ( 23626): CG32  CG32  NG2R  CG2R is replaced
 PARRDR> Error: Repeated DIHE parameter ( 18813): CG33  CG30  NG2S  CG2O is replaced
 PARRDR> Error: Repeated DIHE parameter ( 14405): CG2R  CG2R  CG31  NG31 is replaced
 PARRDR> Error: Repeated DIHE parameter (  7055): NG2S  CG2O  CG32  OG30 is replaced
 PARRDR> Error: Repeated DIHE parameter (  7056): NG2S  CG2O  CG32  OG30 is replaced
 PARRDR> Error: Repeated DIHE parameter (  7057): NG2S  CG2O  CG32  OG30 is replaced
 PARRDR> Error: Repeated DIHE parameter ( 24487): HGA2  CG32  OG30  CG31 is replaced
 PARRDR> Error: Repeated DIHE parameter (  7874): OG2D  CG2O  CG30  CG33 is replaced
 PARRDR> Error: Repeated DIHE parameter ( 20351): CG2O  CG31  CG33  HGA3 is replaced
 PARRDR> Error: Repeated DIHE parameter ( 18406): CG33  CG30  CG32  CG2D is replaced
 PARRDR> Error: Repeated DIHE parameter ( 22365): CG2D  CG32  CG32  CG2O is replaced
 PARRDR> Error: Repeated DIHE parameter ( 18610): CG2O  CG30  CG33  HGA3 is replaced
 PARRDR> Error: Repeated DIHE parameter ( 22767): NG2S  CG32  CG32  OG30 is replaced
 PARRDR> Error: Repeated DIHE parameter ( 20742): CG32  CG31  NG2R  CG3C is replaced
 PARRDR> Error: Repeated DIHE parameter ( 20743): CG32  CG31  NG2R  CG3C is replaced
 PARRDR> Error: Repeated DIHE parameter ( 20744): CG32  CG31  NG2R  CG3C is replaced
 PARRDR> Error: Repeated DIHE parameter ( 19710): CG2R  CG31  CG32  CG30 is replaced
 PARRDR> Error: Repeated DIHE parameter ( 29493): CG3C  CG3C  NG2R  CG31 is replaced
 PARRDR> Error: Repeated DIHE parameter ( 29494): CG3C  CG3C  NG2R  CG31 is replaced
 PARRDR> Error: Repeated DIHE parameter ( 24494): CG2D  CG32  OG30  CG2O is replaced
 PARRDR> Error: Repeated DIHE parameter ( 24495): CG2D  CG32  OG30  CG2O is replaced
 PARRDR> Error: Repeated DIHE parameter (  9557): CG2O  CG2R  CG2R  CG2R is replaced
 PARRDR> Error: Repeated DIHE parameter (  7818): OG31  CG2O  CG2R  CG2R is replaced
 PARRDR> Error: Repeated DIHE parameter ( 18415): CG33  CG30  CG32  CG31 is replaced
 PARRDR> Error: Repeated DIHE parameter ( 18469): NG2S  CG30  CG32  HGA2 is replaced
 PARRDR> Error: Repeated DIHE parameter ( 19672): CG2O  CG31  CG32  CG31 is replaced
 PARRDR> Error: Repeated DIHE parameter (  6913): NG2S  CG2O  CG31  NG31 is replaced
 PARRDR> Error: Repeated DIHE parameter (  6914): NG2S  CG2O  CG31  NG31 is replaced
 PARRDR> Error: Repeated DIHE parameter ( 18810): CG32  CG30  NG2S  CG2O is replaced
 PARRDR> Error: Repeated DIHE parameter ( 20031): OG30  CG31  CG32  CG31 is replaced
 PARRDR> Error: Repeated DIHE parameter ( 20032): OG30  CG31  CG32  CG31 is replaced
 PARRDR> Error: Repeated DIHE parameter (  8689): CG32  CG2O  CG31  CG33 is replaced
 PARRDR> Error: Repeated DIHE parameter (  8690): CG32  CG2O  CG31  CG33 is replaced
 PARRDR> Error: Repeated DIHE parameter (  8691): CG32  CG2O  CG31  CG33 is replaced
 PARRDR> Error: Repeated DIHE parameter (  8692): CG32  CG2O  CG31  CG33 is replaced
 PARRDR> Error: Repeated DIHE parameter (  8689): CG32  CG2O  CG31  CG33 is replaced
 PARRDR> Error: Repeated DIHE parameter (  8690): CG32  CG2O  CG31  CG33 is replaced
 PARRDR> Error: Repeated DIHE parameter (  8691): CG32  CG2O  CG31  CG33 is replaced
 PARRDR> Error: Repeated DIHE parameter (  8692): CG32  CG2O  CG31  CG33 is replaced
 PARRDR> Error: Repeated DIHE parameter (  8689): CG32  CG2O  CG31  CG33 is replaced
 PARRDR> Error: Repeated DIHE parameter (  8690): CG32  CG2O  CG31  CG33 is replaced
 PARRDR> Error: Repeated DIHE parameter (  8691): CG32  CG2O  CG31  CG33 is replaced
 PARRDR> Error: Repeated DIHE parameter (  8692): CG32  CG2O  CG31  CG33 is replaced
 PARRDR> Error: Repeated DIHE parameter (  8689): CG32  CG2O  CG31  CG33 is replaced
 PARRDR> Error: Repeated DIHE parameter (  8690): CG32  CG2O  CG31  CG33 is replaced
 PARRDR> Error: Repeated DIHE parameter (  8691): CG32  CG2O  CG31  CG33 is replaced
 PARRDR> Error: Repeated DIHE parameter (  8692): CG32  CG2O  CG31  CG33 is replaced
 PARRDR> Error: Repeated DIHE parameter (  8918): CG31  CG2O  CG32  HGA2 is replaced
 PARRDR> Error: Repeated DIHE parameter (  8712): CG32  CG2O  CG31  HGA1 is replaced
 PARRDR> Error: Repeated DIHE parameter (  3545): CG2D  CG2D  CG32  CG2O is replaced
 PARRDR> Error: Repeated DIHE parameter (  3546): CG2D  CG2D  CG32  CG2O is replaced
 PARRDR> Error: Repeated DIHE parameter (  3547): CG2D  CG2D  CG32  CG2O is replaced
 PARRDR> Error: Repeated DIHE parameter (  3548): CG2D  CG2D  CG32  CG2O is replaced
 PARRDR> Error: Repeated DIHE parameter (  3549): CG2D  CG2D  CG32  CG2O is replaced
 PARRDR> Error: Repeated DIHE parameter (  3545): CG2D  CG2D  CG32  CG2O is replaced
 PARRDR> Error: Repeated DIHE parameter (  3546): CG2D  CG2D  CG32  CG2O is replaced
 PARRDR> Error: Repeated DIHE parameter (  3547): CG2D  CG2D  CG32  CG2O is replaced
 PARRDR> Error: Repeated DIHE parameter (  3548): CG2D  CG2D  CG32  CG2O is replaced
 PARRDR> Error: Repeated DIHE parameter (  3549): CG2D  CG2D  CG32  CG2O is replaced
 PARRDR> Error: Repeated DIHE parameter (  3545): CG2D  CG2D  CG32  CG2O is replaced
 PARRDR> Error: Repeated DIHE parameter (  3546): CG2D  CG2D  CG32  CG2O is replaced
 PARRDR> Error: Repeated DIHE parameter (  3547): CG2D  CG2D  CG32  CG2O is replaced
 PARRDR> Error: Repeated DIHE parameter (  3548): CG2D  CG2D  CG32  CG2O is replaced
 PARRDR> Error: Repeated DIHE parameter (  3549): CG2D  CG2D  CG32  CG2O is replaced
 PARRDR> Error: Repeated DIHE parameter (  3545): CG2D  CG2D  CG32  CG2O is replaced
 PARRDR> Error: Repeated DIHE parameter (  3546): CG2D  CG2D  CG32  CG2O is replaced
 PARRDR> Error: Repeated DIHE parameter (  3547): CG2D  CG2D  CG32  CG2O is replaced
 PARRDR> Error: Repeated DIHE parameter (  3548): CG2D  CG2D  CG32  CG2O is replaced
 PARRDR> Error: Repeated DIHE parameter (  3549): CG2D  CG2D  CG32  CG2O is replaced
 PARRDR> Error: Repeated DIHE parameter (  9003): OG2D  CG2O  CG32  CG2D is replaced
 PARRDR> Error: Repeated DIHE parameter (  9004): OG2D  CG2O  CG32  CG2D is replaced
 PARRDR> Error: Repeated DIHE parameter (  7767): OG2D  CG2O  NG2S  CG2O is replaced
 PARRDR> Error: Repeated DIHE parameter (  7688): CG32  CG2O  NG2S  CG2O is replaced
 PARRDR> Error: Repeated DIHE parameter (  7688): CG32  CG2O  NG2S  CG2O is replaced
 PARRDR> Error: Repeated DIHE parameter (  8930): CG32  CG2O  CG32  CG2O is replaced
 PARRDR> Error: Repeated DIHE parameter (  8931): CG32  CG2O  CG32  CG2O is replaced
 PARRDR> Error: Repeated DIHE parameter (  8932): CG32  CG2O  CG32  CG2O is replaced
 PARRDR> Error: Repeated DIHE parameter (  8933): CG32  CG2O  CG32  CG2O is replaced
 PARRDR> Error: Repeated DIHE parameter (  8934): CG32  CG2O  CG32  CG2O is replaced
 PARRDR> Error: Repeated DIHE parameter (  8930): CG32  CG2O  CG32  CG2O is replaced
 PARRDR> Error: Repeated DIHE parameter (  8931): CG32  CG2O  CG32  CG2O is replaced
 PARRDR> Error: Repeated DIHE parameter (  8932): CG32  CG2O  CG32  CG2O is replaced
 PARRDR> Error: Repeated DIHE parameter (  8933): CG32  CG2O  CG32  CG2O is replaced
 PARRDR> Error: Repeated DIHE parameter (  8934): CG32  CG2O  CG32  CG2O is replaced
 PARRDR> Error: Repeated DIHE parameter (  8930): CG32  CG2O  CG32  CG2O is replaced
 PARRDR> Error: Repeated DIHE parameter (  8931): CG32  CG2O  CG32  CG2O is replaced
 PARRDR> Error: Repeated DIHE parameter (  8932): CG32  CG2O  CG32  CG2O is replaced
 PARRDR> Error: Repeated DIHE parameter (  8933): CG32  CG2O  CG32  CG2O is replaced
 PARRDR> Error: Repeated DIHE parameter (  8934): CG32  CG2O  CG32  CG2O is replaced
 PARRDR> Error: Repeated DIHE parameter (  8930): CG32  CG2O  CG32  CG2O is replaced
 PARRDR> Error: Repeated DIHE parameter (  8931): CG32  CG2O  CG32  CG2O is replaced
 PARRDR> Error: Repeated DIHE parameter (  8932): CG32  CG2O  CG32  CG2O is replaced
 PARRDR> Error: Repeated DIHE parameter (  8933): CG32  CG2O  CG32  CG2O is replaced
 PARRDR> Error: Repeated DIHE parameter (  8934): CG32  CG2O  CG32  CG2O is replaced
 PARRDR> Error: Repeated DIHE parameter (  7089): OG2D  CG2O  CG32  CG2O is replaced
 PARRDR> Error: Repeated DIHE parameter (  7090): OG2D  CG2O  CG32  CG2O is replaced
 PARRDR> Error: Repeated DIHE parameter (  9005): OG2D  CG2O  CG32  CG2O is replaced
 PARRDR> Error: Repeated DIHE parameter (  9006): OG2D  CG2O  CG32  CG2O is replaced
 PARRDR> Error: Repeated DIHE parameter (  9007): OG2D  CG2O  CG32  CG2O is replaced
 PARRDR> Error: Repeated DIHE parameter (  8659): CG32  CG2O  CG31  CG2O is replaced
 PARRDR> Error: Repeated DIHE parameter (  8660): CG32  CG2O  CG31  CG2O is replaced
 PARRDR> Error: Repeated DIHE parameter (  8661): CG32  CG2O  CG31  CG2O is replaced
 PARRDR> Error: Repeated DIHE parameter (  8659): CG32  CG2O  CG31  CG2O is replaced
 PARRDR> Error: Repeated DIHE parameter (  8660): CG32  CG2O  CG31  CG2O is replaced
 PARRDR> Error: Repeated DIHE parameter (  8661): CG32  CG2O  CG31  CG2O is replaced
 PARRDR> Error: Repeated DIHE parameter (  8659): CG32  CG2O  CG31  CG2O is replaced
 PARRDR> Error: Repeated DIHE parameter (  8660): CG32  CG2O  CG31  CG2O is replaced
 PARRDR> Error: Repeated DIHE parameter (  8661): CG32  CG2O  CG31  CG2O is replaced
 PARRDR> Error: Repeated DIHE parameter (  8659): CG32  CG2O  CG31  CG2O is replaced
 PARRDR> Error: Repeated DIHE parameter (  8660): CG32  CG2O  CG31  CG2O is replaced
 PARRDR> Error: Repeated DIHE parameter (  8661): CG32  CG2O  CG31  CG2O is replaced
 PARRDR> Error: Repeated DIHE parameter (  8662): CG32  CG2O  CG31  CG2O is replaced
 PARRDR> Error: Repeated DIHE parameter (  8663): CG32  CG2O  CG31  CG2O is replaced
 PARRDR> Error: Repeated DIHE parameter (  8664): CG32  CG2O  CG31  CG2O is replaced
 PARRDR> Error: Repeated DIHE parameter (  8662): CG32  CG2O  CG31  CG2O is replaced
 PARRDR> Error: Repeated DIHE parameter (  8663): CG32  CG2O  CG31  CG2O is replaced
 PARRDR> Error: Repeated DIHE parameter (  8664): CG32  CG2O  CG31  CG2O is replaced
 PARRDR> Error: Repeated DIHE parameter (  8662): CG32  CG2O  CG31  CG2O is replaced
 PARRDR> Error: Repeated DIHE parameter (  8663): CG32  CG2O  CG31  CG2O is replaced
 PARRDR> Error: Repeated DIHE parameter (  8664): CG32  CG2O  CG31  CG2O is replaced
 PARRDR> Error: Repeated DIHE parameter (  8662): CG32  CG2O  CG31  CG2O is replaced
 PARRDR> Error: Repeated DIHE parameter (  8663): CG32  CG2O  CG31  CG2O is replaced
 PARRDR> Error: Repeated DIHE parameter (  8664): CG32  CG2O  CG31  CG2O is replaced
 PARRDR> Error: Repeated DIHE parameter (  8556): CG32  CG2O  CG30  CG32 is replaced
 PARRDR> Error: Repeated DIHE parameter (  8557): CG32  CG2O  CG30  CG32 is replaced
 PARRDR> Error: Repeated DIHE parameter (  8558): CG32  CG2O  CG30  CG32 is replaced
 PARRDR> Error: Repeated DIHE parameter (  8559): CG32  CG2O  CG30  CG32 is replaced
 PARRDR> Error: Repeated DIHE parameter (  8556): CG32  CG2O  CG30  CG32 is replaced
 PARRDR> Error: Repeated DIHE parameter (  8557): CG32  CG2O  CG30  CG32 is replaced
 PARRDR> Error: Repeated DIHE parameter (  8558): CG32  CG2O  CG30  CG32 is replaced
 PARRDR> Error: Repeated DIHE parameter (  8559): CG32  CG2O  CG30  CG32 is replaced
 PARRDR> Error: Repeated DIHE parameter (  8556): CG32  CG2O  CG30  CG32 is replaced
 PARRDR> Error: Repeated DIHE parameter (  8557): CG32  CG2O  CG30  CG32 is replaced
 PARRDR> Error: Repeated DIHE parameter (  8558): CG32  CG2O  CG30  CG32 is replaced
 PARRDR> Error: Repeated DIHE parameter (  8559): CG32  CG2O  CG30  CG32 is replaced
 PARRDR> Error: Repeated DIHE parameter (  8556): CG32  CG2O  CG30  CG32 is replaced
 PARRDR> Error: Repeated DIHE parameter (  8557): CG32  CG2O  CG30  CG32 is replaced
 PARRDR> Error: Repeated DIHE parameter (  8558): CG32  CG2O  CG30  CG32 is replaced
 PARRDR> Error: Repeated DIHE parameter (  8559): CG32  CG2O  CG30  CG32 is replaced
 PARRDR> Error: Repeated DIHE parameter ( 19802): CG32  CG31  CG32  CG2O is replaced
 PARRDR> Error: Repeated DIHE parameter ( 19802): CG32  CG31  CG32  CG2O is replaced
 PARRDR> Error: Repeated DIHE parameter ( 19802): CG32  CG31  CG32  CG2O is replaced
 PARRDR> Error: Repeated DIHE parameter ( 19802): CG32  CG31  CG32  CG2O is replaced
 PARRDR> Error: Repeated DIHE parameter ( 19802): CG32  CG31  CG32  CG2O is replaced
 PARRDR> Error: Repeated DIHE parameter ( 19676): CG2O  CG31  CG32  NG2S is replaced
 PARRDR> Error: Repeated DIHE parameter (  8560): CG32  CG2O  CG30  CG33 is replaced
 PARRDR> Error: Repeated DIHE parameter (  8561): CG32  CG2O  CG30  CG33 is replaced
 PARRDR> Error: Repeated DIHE parameter (  8562): CG32  CG2O  CG30  CG33 is replaced
 PARRDR> Error: Repeated DIHE parameter (  8563): CG32  CG2O  CG30  CG33 is replaced
 PARRDR> Error: Repeated DIHE parameter (  8564): CG32  CG2O  CG30  CG33 is replaced
 PARRDR> Error: Repeated DIHE parameter (  8560): CG32  CG2O  CG30  CG33 is replaced
 PARRDR> Error: Repeated DIHE parameter (  8561): CG32  CG2O  CG30  CG33 is replaced
 PARRDR> Error: Repeated DIHE parameter (  8562): CG32  CG2O  CG30  CG33 is replaced
 PARRDR> Error: Repeated DIHE parameter (  8563): CG32  CG2O  CG30  CG33 is replaced
 PARRDR> Error: Repeated DIHE parameter (  8564): CG32  CG2O  CG30  CG33 is replaced
 PARRDR> Error: Repeated DIHE parameter (  8560): CG32  CG2O  CG30  CG33 is replaced
 PARRDR> Error: Repeated DIHE parameter (  8561): CG32  CG2O  CG30  CG33 is replaced
 PARRDR> Error: Repeated DIHE parameter (  8562): CG32  CG2O  CG30  CG33 is replaced
 PARRDR> Error: Repeated DIHE parameter (  8563): CG32  CG2O  CG30  CG33 is replaced
 PARRDR> Error: Repeated DIHE parameter (  8564): CG32  CG2O  CG30  CG33 is replaced
 PARRDR> Error: Repeated DIHE parameter (  8560): CG32  CG2O  CG30  CG33 is replaced
 PARRDR> Error: Repeated DIHE parameter (  8561): CG32  CG2O  CG30  CG33 is replaced
 PARRDR> Error: Repeated DIHE parameter (  8562): CG32  CG2O  CG30  CG33 is replaced
 PARRDR> Error: Repeated DIHE parameter (  8563): CG32  CG2O  CG30  CG33 is replaced
 PARRDR> Error: Repeated DIHE parameter (  8564): CG32  CG2O  CG30  CG33 is replaced
 PARRDR> Error: Repeated DIHE parameter ( 19860): CG33  CG31  CG32  CG2O is replaced
 PARRDR> Error: Repeated DIHE parameter ( 19860): CG33  CG31  CG32  CG2O is replaced
 PARRDR> Error: Repeated DIHE parameter ( 19860): CG33  CG31  CG32  CG2O is replaced
 PARRDR> Error: Repeated DIHE parameter ( 19860): CG33  CG31  CG32  CG2O is replaced
 PARRDR> Error: Repeated DIHE parameter ( 19860): CG33  CG31  CG32  CG2O is replaced
 PARRDR> Error: Repeated DIHE parameter ( 18337): CG2O  CG30  CG32  CG32 is replaced
 PARRDR> Error: Repeated DIHE parameter ( 18338): CG2O  CG30  CG32  CG32 is replaced
 PARRDR> Error: Repeated DIHE parameter (  8947): CG32  CG2O  CG32  CG31 is replaced
 PARRDR> Error: Repeated DIHE parameter (  8948): CG32  CG2O  CG32  CG31 is replaced
 PARRDR> Error: Repeated DIHE parameter (  8949): CG32  CG2O  CG32  CG31 is replaced
 PARRDR> Error: Repeated DIHE parameter (  8950): CG32  CG2O  CG32  CG31 is replaced
 PARRDR> Error: Repeated DIHE parameter (  8947): CG32  CG2O  CG32  CG31 is replaced
 PARRDR> Error: Repeated DIHE parameter (  8948): CG32  CG2O  CG32  CG31 is replaced
 PARRDR> Error: Repeated DIHE parameter (  8949): CG32  CG2O  CG32  CG31 is replaced
 PARRDR> Error: Repeated DIHE parameter (  8950): CG32  CG2O  CG32  CG31 is replaced
 PARRDR> Error: Repeated DIHE parameter (  8947): CG32  CG2O  CG32  CG31 is replaced
 PARRDR> Error: Repeated DIHE parameter (  8948): CG32  CG2O  CG32  CG31 is replaced
 PARRDR> Error: Repeated DIHE parameter (  8949): CG32  CG2O  CG32  CG31 is replaced
 PARRDR> Error: Repeated DIHE parameter (  8950): CG32  CG2O  CG32  CG31 is replaced
 PARRDR> Error: Repeated DIHE parameter (  8947): CG32  CG2O  CG32  CG31 is replaced
 PARRDR> Error: Repeated DIHE parameter (  8948): CG32  CG2O  CG32  CG31 is replaced
 PARRDR> Error: Repeated DIHE parameter (  8949): CG32  CG2O  CG32  CG31 is replaced
 PARRDR> Error: Repeated DIHE parameter (  8950): CG32  CG2O  CG32  CG31 is replaced
 PARRDR> Error: Repeated DIHE parameter ( 19705): CG2R  CG31  CG32  CG2O is replaced
 PARRDR> Error: Repeated DIHE parameter (  8590): OG2D  CG2O  CG30  CG33 is replaced
 PARRDR> Error: Repeated DIHE parameter (  8591): OG2D  CG2O  CG30  CG33 is replaced
 PARRDR> Error: Repeated DIHE parameter (  8592): OG2D  CG2O  CG30  CG33 is replaced
 PARRDR> Error: Repeated DIHE parameter (  8593): OG2D  CG2O  CG30  CG33 is replaced
 PARRDR> Error: Repeated DIHE parameter (  8594): OG2D  CG2O  CG30  CG33 is replaced
 PARRDR> Error: Repeated DIHE parameter (  8590): OG2D  CG2O  CG30  CG33 is replaced
 PARRDR> Error: Repeated DIHE parameter (  8591): OG2D  CG2O  CG30  CG33 is replaced
 PARRDR> Error: Repeated DIHE parameter (  8592): OG2D  CG2O  CG30  CG33 is replaced
 PARRDR> Error: Repeated DIHE parameter (  8593): OG2D  CG2O  CG30  CG33 is replaced
 PARRDR> Error: Repeated DIHE parameter (  8594): OG2D  CG2O  CG30  CG33 is replaced
 PARRDR> Error: Repeated DIHE parameter (  8590): OG2D  CG2O  CG30  CG33 is replaced
 PARRDR> Error: Repeated DIHE parameter (  8591): OG2D  CG2O  CG30  CG33 is replaced
 PARRDR> Error: Repeated DIHE parameter (  8592): OG2D  CG2O  CG30  CG33 is replaced
 PARRDR> Error: Repeated DIHE parameter (  8593): OG2D  CG2O  CG30  CG33 is replaced
 PARRDR> Error: Repeated DIHE parameter (  8594): OG2D  CG2O  CG30  CG33 is replaced
 PARRDR> Error: Repeated DIHE parameter (  8590): OG2D  CG2O  CG30  CG33 is replaced
 PARRDR> Error: Repeated DIHE parameter (  8591): OG2D  CG2O  CG30  CG33 is replaced
 PARRDR> Error: Repeated DIHE parameter (  8592): OG2D  CG2O  CG30  CG33 is replaced
 PARRDR> Error: Repeated DIHE parameter (  8593): OG2D  CG2O  CG30  CG33 is replaced
 PARRDR> Error: Repeated DIHE parameter (  8594): OG2D  CG2O  CG30  CG33 is replaced
 PARRDR> Error: Repeated DIHE parameter (  8665): CG32  CG2O  CG31  CG2R is replaced
 PARRDR> Error: Repeated DIHE parameter (  8666): CG32  CG2O  CG31  CG2R is replaced
 PARRDR> Error: Repeated DIHE parameter (  8665): CG32  CG2O  CG31  CG2R is replaced
 PARRDR> Error: Repeated DIHE parameter (  8666): CG32  CG2O  CG31  CG2R is replaced
 PARRDR> Error: Repeated DIHE parameter (  8665): CG32  CG2O  CG31  CG2R is replaced
 PARRDR> Error: Repeated DIHE parameter (  8666): CG32  CG2O  CG31  CG2R is replaced
 PARRDR> Error: Repeated DIHE parameter (  8665): CG32  CG2O  CG31  CG2R is replaced
 PARRDR> Error: Repeated DIHE parameter (  8666): CG32  CG2O  CG31  CG2R is replaced
 PARRDR> Error: Repeated DIHE parameter (  8656): CG32  CG2O  CG31  CG2O is replaced
 PARRDR> Error: Repeated DIHE parameter (  8657): CG32  CG2O  CG31  CG2O is replaced
 PARRDR> Error: Repeated DIHE parameter (  8658): CG32  CG2O  CG31  CG2O is replaced
 PARRDR> Error: Repeated DIHE parameter (  8656): CG32  CG2O  CG31  CG2O is replaced
 PARRDR> Error: Repeated DIHE parameter (  8657): CG32  CG2O  CG31  CG2O is replaced
 PARRDR> Error: Repeated DIHE parameter (  8658): CG32  CG2O  CG31  CG2O is replaced
 PARRDR> Error: Repeated DIHE parameter (  8656): CG32  CG2O  CG31  CG2O is replaced
 PARRDR> Error: Repeated DIHE parameter (  8657): CG32  CG2O  CG31  CG2O is replaced
 PARRDR> Error: Repeated DIHE parameter (  8658): CG32  CG2O  CG31  CG2O is replaced
 PARRDR> Error: Repeated DIHE parameter (  8656): CG32  CG2O  CG31  CG2O is replaced
 PARRDR> Error: Repeated DIHE parameter (  8657): CG32  CG2O  CG31  CG2O is replaced
 PARRDR> Error: Repeated DIHE parameter (  8658): CG32  CG2O  CG31  CG2O is replaced
 PARRDR> Error: Repeated DIHE parameter (  8693): CG32  CG2O  CG31  NG2R is replaced
 PARRDR> Error: Repeated DIHE parameter (  8694): CG32  CG2O  CG31  NG2R is replaced
 PARRDR> Error: Repeated DIHE parameter ( 18343): CG2O  CG30  CG32  HGA2 is replaced
 PARRDR> Error: Repeated DIHE parameter (  8730): OG2D  CG2O  CG31  CG2O is replaced
 PARRDR> Error: Repeated DIHE parameter (  8731): OG2D  CG2O  CG31  CG2O is replaced
 PARRDR> Error: Repeated DIHE parameter (  8586): OG2D  CG2O  CG30  CG32 is replaced
 PARRDR> Error: Repeated DIHE parameter (  8587): OG2D  CG2O  CG30  CG32 is replaced
 PARRDR> Error: Repeated DIHE parameter (  8588): OG2D  CG2O  CG30  CG32 is replaced
 PARRDR> Error: Repeated DIHE parameter (  8589): OG2D  CG2O  CG30  CG32 is replaced
 PARRDR> Error: Repeated DIHE parameter (  8586): OG2D  CG2O  CG30  CG32 is replaced
 PARRDR> Error: Repeated DIHE parameter (  8587): OG2D  CG2O  CG30  CG32 is replaced
 PARRDR> Error: Repeated DIHE parameter (  8588): OG2D  CG2O  CG30  CG32 is replaced
 PARRDR> Error: Repeated DIHE parameter (  8589): OG2D  CG2O  CG30  CG32 is replaced
 PARRDR> Error: Repeated DIHE parameter (  8586): OG2D  CG2O  CG30  CG32 is replaced
 PARRDR> Error: Repeated DIHE parameter (  8587): OG2D  CG2O  CG30  CG32 is replaced
 PARRDR> Error: Repeated DIHE parameter (  8588): OG2D  CG2O  CG30  CG32 is replaced
 PARRDR> Error: Repeated DIHE parameter (  8589): OG2D  CG2O  CG30  CG32 is replaced
 PARRDR> Error: Repeated DIHE parameter (  8586): OG2D  CG2O  CG30  CG32 is replaced
 PARRDR> Error: Repeated DIHE parameter (  8587): OG2D  CG2O  CG30  CG32 is replaced
 PARRDR> Error: Repeated DIHE parameter (  8588): OG2D  CG2O  CG30  CG32 is replaced
 PARRDR> Error: Repeated DIHE parameter (  8589): OG2D  CG2O  CG30  CG32 is replaced
 PARRDR> Error: Repeated DIHE parameter (  8883): CG30  CG2O  CG32  HGA2 is replaced
 PARRDR> Error: Repeated DIHE parameter (  8724): OG2D  CG2O  CG31  CG2O is replaced
 PARRDR> Error: Repeated DIHE parameter (  8725): OG2D  CG2O  CG31  CG2O is replaced
 PARRDR> Error: Repeated DIHE parameter ( 20067): OG31  CG31  CG32  NG2S is replaced
 PARRDR> Error: Repeated DIHE parameter (  8700): CG32  CG2O  CG31  OG31 is replaced
 PARRDR> Error: Repeated DIHE parameter (  8701): CG32  CG2O  CG31  OG31 is replaced
 PARRDR> Error: Repeated DIHE parameter (  8702): CG32  CG2O  CG31  OG31 is replaced
 PARRDR> Error: Repeated DIHE parameter (  8703): CG32  CG2O  CG31  OG31 is replaced
 PARRDR> Error: Repeated DIHE parameter (  8700): CG32  CG2O  CG31  OG31 is replaced
 PARRDR> Error: Repeated DIHE parameter (  8701): CG32  CG2O  CG31  OG31 is replaced
 PARRDR> Error: Repeated DIHE parameter (  8702): CG32  CG2O  CG31  OG31 is replaced
 PARRDR> Error: Repeated DIHE parameter (  8703): CG32  CG2O  CG31  OG31 is replaced
 PARRDR> Error: Repeated DIHE parameter (  8700): CG32  CG2O  CG31  OG31 is replaced
 PARRDR> Error: Repeated DIHE parameter (  8701): CG32  CG2O  CG31  OG31 is replaced
 PARRDR> Error: Repeated DIHE parameter (  8702): CG32  CG2O  CG31  OG31 is replaced
 PARRDR> Error: Repeated DIHE parameter (  8703): CG32  CG2O  CG31  OG31 is replaced
 PARRDR> Error: Repeated DIHE parameter (  8700): CG32  CG2O  CG31  OG31 is replaced
 PARRDR> Error: Repeated DIHE parameter (  8701): CG32  CG2O  CG31  OG31 is replaced
 PARRDR> Error: Repeated DIHE parameter (  8702): CG32  CG2O  CG31  OG31 is replaced
 PARRDR> Error: Repeated DIHE parameter (  8703): CG32  CG2O  CG31  OG31 is replaced
 PARRDR> Error: Repeated DIHE parameter (  9017): OG2D  CG2O  CG32  CG31 is replaced
 PARRDR> Error: Repeated DIHE parameter (  9018): OG2D  CG2O  CG32  CG31 is replaced
 PARRDR> Error: Repeated DIHE parameter (  9019): OG2D  CG2O  CG32  CG31 is replaced
 PARRDR> Error: Repeated DIHE parameter (  9020): OG2D  CG2O  CG32  CG31 is replaced
 PARRDR> Error: Repeated DIHE parameter (  9017): OG2D  CG2O  CG32  CG31 is replaced
 PARRDR> Error: Repeated DIHE parameter (  9018): OG2D  CG2O  CG32  CG31 is replaced
 PARRDR> Error: Repeated DIHE parameter (  9019): OG2D  CG2O  CG32  CG31 is replaced
 PARRDR> Error: Repeated DIHE parameter (  9020): OG2D  CG2O  CG32  CG31 is replaced
 PARRDR> Error: Repeated DIHE parameter (  9017): OG2D  CG2O  CG32  CG31 is replaced
 PARRDR> Error: Repeated DIHE parameter (  9018): OG2D  CG2O  CG32  CG31 is replaced
 PARRDR> Error: Repeated DIHE parameter (  9019): OG2D  CG2O  CG32  CG31 is replaced
 PARRDR> Error: Repeated DIHE parameter (  9020): OG2D  CG2O  CG32  CG31 is replaced
 PARRDR> Error: Repeated DIHE parameter (  9017): OG2D  CG2O  CG32  CG31 is replaced
 PARRDR> Error: Repeated DIHE parameter (  9018): OG2D  CG2O  CG32  CG31 is replaced
 PARRDR> Error: Repeated DIHE parameter (  9019): OG2D  CG2O  CG32  CG31 is replaced
 PARRDR> Error: Repeated DIHE parameter (  9020): OG2D  CG2O  CG32  CG31 is replaced
 PARRDR> Error: Repeated DIHE parameter (  8765): OG2D  CG2O  CG31  NG2R is replaced
 PARRDR> Error: Repeated DIHE parameter (  8766): OG2D  CG2O  CG31  NG2R is replaced
 PARRDR> Error: Repeated DIHE parameter (  8728): OG2D  CG2O  CG31  CG2O is replaced
 PARRDR> Error: Repeated DIHE parameter (  8729): OG2D  CG2O  CG31  CG2O is replaced
 PARRDR> Error: Repeated DIHE parameter (  7887): OG2D  CG2O  CG31  CG2O is replaced
 PARRDR> Error: Repeated DIHE parameter (  7888): OG2D  CG2O  CG31  CG2O is replaced
 PARRDR> Error: Repeated DIHE parameter (  8680): CG32  CG2O  CG31  CG32 is replaced
 PARRDR> Error: Repeated DIHE parameter (  8681): CG32  CG2O  CG31  CG32 is replaced
 PARRDR> Error: Repeated DIHE parameter (  8682): CG32  CG2O  CG31  CG32 is replaced
 PARRDR> Error: Repeated DIHE parameter (  8683): CG32  CG2O  CG31  CG32 is replaced
 PARRDR> Error: Repeated DIHE parameter (  8680): CG32  CG2O  CG31  CG32 is replaced
 PARRDR> Error: Repeated DIHE parameter (  8681): CG32  CG2O  CG31  CG32 is replaced
 PARRDR> Error: Repeated DIHE parameter (  8682): CG32  CG2O  CG31  CG32 is replaced
 PARRDR> Error: Repeated DIHE parameter (  8683): CG32  CG2O  CG31  CG32 is replaced
 PARRDR> Error: Repeated DIHE parameter (  8680): CG32  CG2O  CG31  CG32 is replaced
 PARRDR> Error: Repeated DIHE parameter (  8681): CG32  CG2O  CG31  CG32 is replaced
 PARRDR> Error: Repeated DIHE parameter (  8682): CG32  CG2O  CG31  CG32 is replaced
 PARRDR> Error: Repeated DIHE parameter (  8683): CG32  CG2O  CG31  CG32 is replaced
 PARRDR> Error: Repeated DIHE parameter (  8680): CG32  CG2O  CG31  CG32 is replaced
 PARRDR> Error: Repeated DIHE parameter (  8681): CG32  CG2O  CG31  CG32 is replaced
 PARRDR> Error: Repeated DIHE parameter (  8682): CG32  CG2O  CG31  CG32 is replaced
 PARRDR> Error: Repeated DIHE parameter (  8683): CG32  CG2O  CG31  CG32 is replaced
 PARRDR> Error: Repeated DIHE parameter (  3633): CG33  CG2D  CG32  CG2O is replaced
 PARRDR> Error: Repeated DIHE parameter (  3634): CG33  CG2D  CG32  CG2O is replaced
 PARRDR> Error: Repeated DIHE parameter (  8732): OG2D  CG2O  CG31  CG2R is replaced
 PARRDR> Error: Repeated DIHE parameter (  8733): OG2D  CG2O  CG31  CG2R is replaced
 PARRDR> Error: Repeated DIHE parameter (  8734): OG2D  CG2O  CG31  CG2R is replaced
 PARRDR> Error: Repeated DIHE parameter (  8850): CG2O  CG2O  CG32  HGA2 is replaced
 PARRDR> Error: Repeated DIHE parameter ( 18612): CG2O  CG30  CG33  HGA3 is replaced
 PARRDR> Error: Repeated DIHE parameter ( 19641): CG2O  CG31  CG32  NG2S is replaced
 PARRDR> Error: Repeated DIHE parameter (  8231): OG2D  CG2O  CG31  CG2O is replaced
 PARRDR> Error: Repeated DIHE parameter ( 20196): HGA1  CG31  CG32  CG2O is replaced
 PARRDR> Error: Repeated DIHE parameter (  8726): OG2D  CG2O  CG31  CG2O is replaced
 PARRDR> Error: Repeated DIHE parameter (  8727): OG2D  CG2O  CG31  CG2O is replaced
 PARRDR> Error: Repeated DIHE parameter ( 14384): CG2R  CG2R  CG31  CG2O is replaced
 PARRDR> Error: Repeated DIHE parameter (  7924): OG31  CG2O  CG31  CG2O is replaced
 PARRDR> Error: Repeated DIHE parameter (  7925): OG31  CG2O  CG31  CG2O is replaced
 PARRDR> Error: Repeated DIHE parameter (  7926): OG31  CG2O  CG31  CG2O is replaced
 PARRDR> Error: Repeated DIHE parameter (  8485): CG32  CG2O  CG2O  OG2D is replaced
 PARRDR> Error: Repeated DIHE parameter (  8486): CG32  CG2O  CG2O  OG2D is replaced
 PARRDR> Error: Repeated DIHE parameter ( 18407): CG33  CG30  CG32  CG2O is replaced
 PARRDR> Error: Repeated DIHE parameter ( 20733): CG2O  CG31  NG2R  CG2R is replaced
 PARRDR> Error: Repeated DIHE parameter (  6877): NG2S  CG2O  CG31  CG2O is replaced
 PARRDR> Error: Repeated DIHE parameter (  6878): NG2S  CG2O  CG31  CG2O is replaced
 PARRDR> Error: Repeated DIHE parameter (  6879): NG2S  CG2O  CG31  CG2O is replaced
 PARRDR> Error: Repeated DIHE parameter (  6880): NG2S  CG2O  CG31  CG2O is replaced
 PARRDR> Error: Repeated DIHE parameter (  6930): OG2D  CG2O  CG31  CG2O is replaced
 PARRDR> Error: Repeated DIHE parameter (  6931): OG2D  CG2O  CG31  CG2O is replaced
 PARRDR> Error: Repeated DIHE parameter ( 22512): CG2O  CG32  CG32  NG31 is replaced
 PARRDR> Error: Repeated DIHE parameter ( 22513): CG2O  CG32  CG32  NG31 is replaced
 PARRDR> Error: Repeated DIHE parameter ( 22514): CG2O  CG32  CG32  NG31 is replaced
 PARRDR> Error: Repeated DIHE parameter ( 22515): CG2O  CG32  CG32  NG31 is replaced
 PARRDR> Error: Repeated DIHE parameter ( 22512): CG2O  CG32  CG32  NG31 is replaced
 PARRDR> Error: Repeated DIHE parameter ( 22513): CG2O  CG32  CG32  NG31 is replaced
 PARRDR> Error: Repeated DIHE parameter ( 22514): CG2O  CG32  CG32  NG31 is replaced
 PARRDR> Error: Repeated DIHE parameter ( 22515): CG2O  CG32  CG32  NG31 is replaced
 PARRDR> Error: Repeated DIHE parameter ( 22512): CG2O  CG32  CG32  NG31 is replaced
 PARRDR> Error: Repeated DIHE parameter ( 22513): CG2O  CG32  CG32  NG31 is replaced
 PARRDR> Error: Repeated DIHE parameter ( 22514): CG2O  CG32  CG32  NG31 is replaced
 PARRDR> Error: Repeated DIHE parameter ( 22515): CG2O  CG32  CG32  NG31 is replaced
 PARRDR> Error: Repeated DIHE parameter ( 22512): CG2O  CG32  CG32  NG31 is replaced
 PARRDR> Error: Repeated DIHE parameter ( 22513): CG2O  CG32  CG32  NG31 is replaced
 PARRDR> Error: Repeated DIHE parameter ( 22514): CG2O  CG32  CG32  NG31 is replaced
 PARRDR> Error: Repeated DIHE parameter ( 22515): CG2O  CG32  CG32  NG31 is replaced
 PARRDR> Error: Repeated DIHE parameter ( 22512): CG2O  CG32  CG32  NG31 is replaced
 PARRDR> Error: Repeated DIHE parameter ( 22513): CG2O  CG32  CG32  NG31 is replaced
 PARRDR> Error: Repeated DIHE parameter ( 22514): CG2O  CG32  CG32  NG31 is replaced
 PARRDR> Error: Repeated DIHE parameter ( 22515): CG2O  CG32  CG32  NG31 is replaced
 PARRDR> Error: Repeated DIHE parameter ( 19670): CG2O  CG31  CG32  CG2O is replaced
 PARRDR> Error: Repeated DIHE parameter (  8879): CG30  CG2O  CG32  CG32 is replaced
 PARRDR> Error: Repeated DIHE parameter (  8880): CG30  CG2O  CG32  CG32 is replaced
 PARRDR> Error: Repeated DIHE parameter (  8881): CG30  CG2O  CG32  CG32 is replaced
 PARRDR> Error: Repeated DIHE parameter (  8882): CG30  CG2O  CG32  CG32 is replaced
 PARRDR> Error: Repeated DIHE parameter (  8879): CG30  CG2O  CG32  CG32 is replaced
 PARRDR> Error: Repeated DIHE parameter (  8880): CG30  CG2O  CG32  CG32 is replaced
 PARRDR> Error: Repeated DIHE parameter (  8881): CG30  CG2O  CG32  CG32 is replaced
 PARRDR> Error: Repeated DIHE parameter (  8882): CG30  CG2O  CG32  CG32 is replaced
 PARRDR> Error: Repeated DIHE parameter (  8879): CG30  CG2O  CG32  CG32 is replaced
 PARRDR> Error: Repeated DIHE parameter (  8880): CG30  CG2O  CG32  CG32 is replaced
 PARRDR> Error: Repeated DIHE parameter (  8881): CG30  CG2O  CG32  CG32 is replaced
 PARRDR> Error: Repeated DIHE parameter (  8882): CG30  CG2O  CG32  CG32 is replaced
 PARRDR> Error: Repeated DIHE parameter (  8879): CG30  CG2O  CG32  CG32 is replaced
 PARRDR> Error: Repeated DIHE parameter (  8880): CG30  CG2O  CG32  CG32 is replaced
 PARRDR> Error: Repeated DIHE parameter (  8881): CG30  CG2O  CG32  CG32 is replaced
 PARRDR> Error: Repeated DIHE parameter (  8882): CG30  CG2O  CG32  CG32 is replaced
 PARRDR> Error: Repeated DIHE parameter (  8905): CG31  CG2O  CG32  CG32 is replaced
 PARRDR> Error: Repeated DIHE parameter (  8906): CG31  CG2O  CG32  CG32 is replaced
 PARRDR> Error: Repeated DIHE parameter (  8907): CG31  CG2O  CG32  CG32 is replaced
 PARRDR> Error: Repeated DIHE parameter (  8908): CG31  CG2O  CG32  CG32 is replaced
 PARRDR> Error: Repeated DIHE parameter (  8905): CG31  CG2O  CG32  CG32 is replaced
 PARRDR> Error: Repeated DIHE parameter (  8906): CG31  CG2O  CG32  CG32 is replaced
 PARRDR> Error: Repeated DIHE parameter (  8907): CG31  CG2O  CG32  CG32 is replaced
 PARRDR> Error: Repeated DIHE parameter (  8908): CG31  CG2O  CG32  CG32 is replaced
 PARRDR> Error: Repeated DIHE parameter (  8905): CG31  CG2O  CG32  CG32 is replaced
 PARRDR> Error: Repeated DIHE parameter (  8906): CG31  CG2O  CG32  CG32 is replaced
 PARRDR> Error: Repeated DIHE parameter (  8907): CG31  CG2O  CG32  CG32 is replaced
 PARRDR> Error: Repeated DIHE parameter (  8908): CG31  CG2O  CG32  CG32 is replaced
 PARRDR> Error: Repeated DIHE parameter (  8905): CG31  CG2O  CG32  CG32 is replaced
 PARRDR> Error: Repeated DIHE parameter (  8906): CG31  CG2O  CG32  CG32 is replaced
 PARRDR> Error: Repeated DIHE parameter (  8907): CG31  CG2O  CG32  CG32 is replaced
 PARRDR> Error: Repeated DIHE parameter (  8908): CG31  CG2O  CG32  CG32 is replaced
 PARRDR> Error: Repeated DIHE parameter ( 18334): CG2O  CG30  CG32  CG30 is replaced
 PARRDR> Error: Repeated DIHE parameter ( 18335): CG2O  CG30  CG32  CG30 is replaced
 PARRDR> Error: Repeated DIHE parameter ( 18336): CG2O  CG30  CG32  CG31 is replaced
 PARRDR> Error: Repeated DIHE parameter ( 19982): NG31  CG31  CG32  CG2O is replaced
 PARRDR> Error: Repeated DIHE parameter ( 19983): NG31  CG31  CG32  CG2O is replaced
 PARRDR> Error: Repeated DIHE parameter ( 19984): NG31  CG31  CG32  CG2O is replaced
 PARRDR> Error: Repeated DIHE parameter (  7038): NG2S  CG2O  CG32  CG2O is replaced
 PARRDR> Error: Repeated DIHE parameter (  7039): NG2S  CG2O  CG32  CG2O is replaced
 PARRDR> Error: Repeated DIHE parameter (  7040): NG2S  CG2O  CG32  CG2O is replaced
 PARRDR> Error: Repeated DIHE parameter ( 20038): OG31  CG31  CG32  CG2O is replaced
 PARRDR> Error: Repeated DIHE parameter ( 24204): CG31  CG32  NG31  CG32 is replaced
 PARRDR> Error: Repeated DIHE parameter ( 24205): CG31  CG32  NG31  CG32 is replaced
 PARRDR> Error: Repeated DIHE parameter ( 24206): CG31  CG32  NG31  CG32 is replaced
 PARRDR> Error: Repeated DIHE parameter ( 24204): CG31  CG32  NG31  CG32 is replaced
 PARRDR> Error: Repeated DIHE parameter ( 24205): CG31  CG32  NG31  CG32 is replaced
 PARRDR> Error: Repeated DIHE parameter ( 24206): CG31  CG32  NG31  CG32 is replaced
 PARRDR> Error: Repeated DIHE parameter ( 24204): CG31  CG32  NG31  CG32 is replaced
 PARRDR> Error: Repeated DIHE parameter ( 24205): CG31  CG32  NG31  CG32 is replaced
 PARRDR> Error: Repeated DIHE parameter ( 24206): CG31  CG32  NG31  CG32 is replaced
 PARRDR> Error: Repeated DIHE parameter ( 20217): HGA1  CG31  CG32  NG31 is replaced
 PARRDR> Error: Repeated DIHE parameter ( 24211): CG31  CG32  NG31  HGPA is replaced
 PARRDR> Error: Repeated DIHE parameter ( 22553): CG2R  CG32  CG32  NG31 is replaced
 PARRDR> Error: Repeated DIHE parameter ( 19873): CG33  CG31  CG32  NG31 is replaced
 PARRDR> Error: Repeated DIHE parameter ( 19821): CG32  CG31  CG32  NG31 is replaced
 PARRDR> Error: Repeated DIHE parameter (  3643): CG33  CG2D  CG32  NG31 is replaced
 PARRDR> Error: Repeated DIHE parameter (  3644): CG33  CG2D  CG32  NG31 is replaced
 PARRDR> Error: Repeated DIHE parameter (  3645): CG33  CG2D  CG32  NG31 is replaced
 PARRDR> Error: Repeated DIHE parameter ( 24200): CG30  CG32  NG31  HGPA is replaced
 PARRDR> Error: Repeated DIHE parameter ( 24197): CG30  CG32  NG31  CG32 is replaced
 PARRDR> Error: Repeated DIHE parameter ( 24198): CG30  CG32  NG31  CG32 is replaced
 PARRDR> Error: Repeated DIHE parameter ( 24199): CG30  CG32  NG31  CG32 is replaced
 PARRDR> Error: Repeated DIHE parameter ( 24197): CG30  CG32  NG31  CG32 is replaced
 PARRDR> Error: Repeated DIHE parameter ( 24198): CG30  CG32  NG31  CG32 is replaced
 PARRDR> Error: Repeated DIHE parameter ( 24199): CG30  CG32  NG31  CG32 is replaced
 PARRDR> Error: Repeated DIHE parameter ( 24197): CG30  CG32  NG31  CG32 is replaced
 PARRDR> Error: Repeated DIHE parameter ( 24198): CG30  CG32  NG31  CG32 is replaced
 PARRDR> Error: Repeated DIHE parameter ( 24199): CG30  CG32  NG31  CG32 is replaced
 PARRDR> Error: Repeated DIHE parameter ( 18395): CG32  CG30  CG32  NG31 is replaced
 PARRDR> Error: Repeated DIHE parameter ( 18395): CG32  CG30  CG32  NG31 is replaced
 PARRDR> Error: Repeated DIHE parameter ( 18425): CG33  CG30  CG32  NG31 is replaced
 PARRDR> Error: Repeated DIHE parameter ( 18426): CG33  CG30  CG32  NG31 is replaced
 PARRDR> Error: Repeated DIHE parameter ( 18425): CG33  CG30  CG32  NG31 is replaced
 PARRDR> Error: Repeated DIHE parameter ( 18426): CG33  CG30  CG32  NG31 is replaced
 PARRDR> Error: Repeated DIHE parameter (  8744): OG2D  CG2O  CG31  CG31 is replaced
 PARRDR> Error: Repeated DIHE parameter (  8745): OG2D  CG2O  CG31  CG31 is replaced
 PARRDR> Error: Repeated DIHE parameter (  8746): OG2D  CG2O  CG31  CG31 is replaced
 PARRDR> Error: Repeated DIHE parameter (  8747): OG2D  CG2O  CG31  CG31 is replaced
 PARRDR> Error: Repeated DIHE parameter (  8744): OG2D  CG2O  CG31  CG31 is replaced
 PARRDR> Error: Repeated DIHE parameter (  8745): OG2D  CG2O  CG31  CG31 is replaced
 PARRDR> Error: Repeated DIHE parameter (  8746): OG2D  CG2O  CG31  CG31 is replaced
 PARRDR> Error: Repeated DIHE parameter (  8747): OG2D  CG2O  CG31  CG31 is replaced
 PARRDR> Error: Repeated DIHE parameter (  8744): OG2D  CG2O  CG31  CG31 is replaced
 PARRDR> Error: Repeated DIHE parameter (  8745): OG2D  CG2O  CG31  CG31 is replaced
 PARRDR> Error: Repeated DIHE parameter (  8746): OG2D  CG2O  CG31  CG31 is replaced
 PARRDR> Error: Repeated DIHE parameter (  8747): OG2D  CG2O  CG31  CG31 is replaced
 PARRDR> Error: Repeated DIHE parameter (  8744): OG2D  CG2O  CG31  CG31 is replaced
 PARRDR> Error: Repeated DIHE parameter (  8745): OG2D  CG2O  CG31  CG31 is replaced
 PARRDR> Error: Repeated DIHE parameter (  8746): OG2D  CG2O  CG31  CG31 is replaced
 PARRDR> Error: Repeated DIHE parameter (  8747): OG2D  CG2O  CG31  CG31 is replaced
 PARRDR> Error: Repeated DIHE parameter ( 19749): CG31  CG31  CG32  CG2O is replaced
 PARRDR> Error: Repeated DIHE parameter ( 19749): CG31  CG31  CG32  CG2O is replaced
 PARRDR> Error: Repeated DIHE parameter ( 19749): CG31  CG31  CG32  CG2O is replaced
 PARRDR> Error: Repeated DIHE parameter ( 19749): CG31  CG31  CG32  CG2O is replaced
 PARRDR> Error: Repeated DIHE parameter ( 19749): CG31  CG31  CG32  CG2O is replaced
 PARRDR> Error: Repeated DIHE parameter ( 18980): CG32  CG30  OG31  HGP1 is replaced
 PARRDR> Error: Repeated DIHE parameter ( 18981): CG32  CG30  OG31  HGP1 is replaced
 PARRDR> Error: Repeated DIHE parameter ( 18982): CG32  CG30  OG31  HGP1 is replaced
 PARRDR> Error: Repeated DIHE parameter ( 18980): CG32  CG30  OG31  HGP1 is replaced
 PARRDR> Error: Repeated DIHE parameter ( 18981): CG32  CG30  OG31  HGP1 is replaced
 PARRDR> Error: Repeated DIHE parameter ( 18982): CG32  CG30  OG31  HGP1 is replaced
 PARRDR> Error: Repeated DIHE parameter ( 18980): CG32  CG30  OG31  HGP1 is replaced
 PARRDR> Error: Repeated DIHE parameter ( 18981): CG32  CG30  OG31  HGP1 is replaced
 PARRDR> Error: Repeated DIHE parameter ( 18982): CG32  CG30  OG31  HGP1 is replaced
 PARRDR> Error: Repeated DIHE parameter ( 18511): OG31  CG30  CG32  HGA2 is replaced
 PARRDR> Error: Repeated DIHE parameter ( 18501): OG31  CG30  CG32  CG32 is replaced
 PARRDR> Error: Repeated DIHE parameter ( 19240): CG2R  CG31  CG31  CG32 is replaced
 PARRDR> Error: Repeated DIHE parameter ( 19229): CG2O  CG31  CG31  CG32 is replaced
 PARRDR> Error: Repeated DIHE parameter ( 19230): CG2O  CG31  CG31  CG33 is replaced
 PARRDR> Error: Repeated DIHE parameter ( 19236): CG2O  CG31  CG31  HGA1 is replaced
 PARRDR> Error: Repeated DIHE parameter (  7872): OG2D  CG2O  CG30  CG31 is replaced
 PARRDR> Error: Repeated DIHE parameter ( 19241): CG2R  CG31  CG31  CG33 is replaced
 PARRDR> Error: Repeated DIHE parameter ( 18168): CG2O  CG30  CG31  HGA1 is replaced
 PARRDR> Error: Repeated DIHE parameter ( 14389): CG2R  CG2R  CG31  CG31 is replaced
 PARRDR> Error: Repeated DIHE parameter ( 19247): CG2R  CG31  CG31  HGA1 is replaced
 PARRDR> Error: Repeated DIHE parameter ( 18164): CG2O  CG30  CG31  CG32 is replaced
 PARRDR> Error: Repeated DIHE parameter ( 24582): CG30  CG32  OG31  HGP1 is replaced
 PARRDR> Error: Repeated DIHE parameter ( 24583): CG30  CG32  OG31  HGP1 is replaced
 PARRDR> Error: Repeated DIHE parameter ( 24584): CG30  CG32  OG31  HGP1 is replaced
 PARRDR> Error: Repeated DIHE parameter ( 24582): CG30  CG32  OG31  HGP1 is replaced
 PARRDR> Error: Repeated DIHE parameter ( 24583): CG30  CG32  OG31  HGP1 is replaced
 PARRDR> Error: Repeated DIHE parameter ( 24584): CG30  CG32  OG31  HGP1 is replaced
 PARRDR> Error: Repeated DIHE parameter ( 24582): CG30  CG32  OG31  HGP1 is replaced
 PARRDR> Error: Repeated DIHE parameter ( 24583): CG30  CG32  OG31  HGP1 is replaced
 PARRDR> Error: Repeated DIHE parameter ( 24584): CG30  CG32  OG31  HGP1 is replaced
 PARRDR> Error: Repeated DIHE parameter ( 18396): CG32  CG30  CG32  OG31 is replaced
 PARRDR> Error: Repeated DIHE parameter ( 19716): CG2R  CG31  CG32  OG31 is replaced
 PARRDR> Error: Repeated DIHE parameter ( 25100): CG32  CG32  CG33  HGA3 is replaced
 PARRDR> Error: Repeated DIHE parameter ( 22890): HGA2  CG32  CG32  CG33 is replaced
 PARRDR> Error: Repeated DIHE parameter ( 22889): HGA2  CG32  CG32  CG32 is replaced
 PARRDR> Error: Repeated DIHE parameter ( 21781): FGA2  CG31  CG31  FGA2 is replaced
 PARRDR> Error: Repeated DIHE parameter ( 18329): CG2O  CG30  CG32  CG30 is replaced
 PARRDR> Error: Repeated DIHE parameter ( 18331): CG2O  CG30  CG32  HGA2 is replaced
 PARRDR> Error: Repeated DIHE parameter (  8209): OG2D  CG2O  CG30  CG32 is replaced
 PARRDR> Error: Repeated DIHE parameter ( 18330): CG2O  CG30  CG32  CG31 is replaced
 PARRDR> Error: Repeated DIHE parameter (  8135): CG30  CG2O  OG31  HGP1 is replaced
 PARRDR> Error: Repeated DIHE parameter (  8208): OG2D  CG2O  CG30  CG2O is replaced
 PARRDR> Error: Repeated DIHE parameter (  8585): OG2D  CG2O  CG30  CG2O is replaced
 PARRDR> Error: Repeated DIHE parameter (  7876): OG31  CG2O  CG30  CG31 is replaced
 PARRDR> Error: Repeated DIHE parameter (  7877): OG31  CG2O  CG30  CG32 is replaced
 PARRDR> Error: Repeated DIHE parameter (  7878): OG31  CG2O  CG30  CG33 is replaced
 PARRDR> Error: Repeated DIHE parameter ( 22570): CG30  CG32  CG32  CG32 is replaced
 PARRDR> Error: Repeated DIHE parameter ( 22692): CG32  CG32  CG32  OG30 is replaced
 PARRDR> Error: Repeated DIHE parameter ( 22693): CG32  CG32  CG32  OG30 is replaced
 PARRDR> Error: Repeated DIHE parameter ( 22694): CG32  CG32  CG32  OG30 is replaced
 PARRDR> Error: Repeated DIHE parameter ( 22692): CG32  CG32  CG32  OG30 is replaced
 PARRDR> Error: Repeated DIHE parameter ( 22693): CG32  CG32  CG32  OG30 is replaced
 PARRDR> Error: Repeated DIHE parameter ( 22694): CG32  CG32  CG32  OG30 is replaced
 PARRDR> Error: Repeated DIHE parameter ( 20322): NG31  CG31  CG32  HGA2 is replaced
 PARRDR> Error: Repeated DIHE parameter ( 21193): CG32  CG31  NG31  HGPA is replaced
 PARRDR> Error: Repeated DIHE parameter ( 19313): CG32  CG31  CG31  CG32 is replaced
 PARRDR> Error: Repeated DIHE parameter ( 19350): CG32  CG31  CG31  CG33 is replaced
 PARRDR> Error: Repeated DIHE parameter ( 19363): CG32  CG31  CG31  HGA1 is replaced
 PARRDR> Error: Repeated DIHE parameter ( 20277): CG31  CG31  CG32  HGA2 is replaced
 PARRDR> Error: Repeated DIHE parameter ( 22690): CG32  CG32  CG32  NG31 is replaced
 PARRDR> Error: Repeated DIHE parameter ( 22691): CG32  CG32  CG32  NG31 is replaced
 PARRDR> Error: Repeated DIHE parameter ( 22502): CG2O  CG32  CG32  CG32 is replaced
 PARRDR> Error: Repeated DIHE parameter (  8684): CG32  CG2O  CG31  CG32 is replaced
 PARRDR> Error: Repeated DIHE parameter (  8685): CG32  CG2O  CG31  CG32 is replaced
 PARRDR> Error: Repeated DIHE parameter (  8686): CG32  CG2O  CG31  CG32 is replaced
 PARRDR> Error: Repeated DIHE parameter (  8687): CG32  CG2O  CG31  CG32 is replaced
 PARRDR> Error: Repeated DIHE parameter (  8688): CG32  CG2O  CG31  CG32 is replaced
 PARRDR> Error: Repeated DIHE parameter (  8684): CG32  CG2O  CG31  CG32 is replaced
 PARRDR> Error: Repeated DIHE parameter (  8685): CG32  CG2O  CG31  CG32 is replaced
 PARRDR> Error: Repeated DIHE parameter (  8686): CG32  CG2O  CG31  CG32 is replaced
 PARRDR> Error: Repeated DIHE parameter (  8687): CG32  CG2O  CG31  CG32 is replaced
 PARRDR> Error: Repeated DIHE parameter (  8688): CG32  CG2O  CG31  CG32 is replaced
 PARRDR> Error: Repeated DIHE parameter (  8684): CG32  CG2O  CG31  CG32 is replaced
 PARRDR> Error: Repeated DIHE parameter (  8685): CG32  CG2O  CG31  CG32 is replaced
 PARRDR> Error: Repeated DIHE parameter (  8686): CG32  CG2O  CG31  CG32 is replaced
 PARRDR> Error: Repeated DIHE parameter (  8687): CG32  CG2O  CG31  CG32 is replaced
 PARRDR> Error: Repeated DIHE parameter (  8688): CG32  CG2O  CG31  CG32 is replaced
 PARRDR> Error: Repeated DIHE parameter (  8684): CG32  CG2O  CG31  CG32 is replaced
 PARRDR> Error: Repeated DIHE parameter (  8685): CG32  CG2O  CG31  CG32 is replaced
 PARRDR> Error: Repeated DIHE parameter (  8686): CG32  CG2O  CG31  CG32 is replaced
 PARRDR> Error: Repeated DIHE parameter (  8687): CG32  CG2O  CG31  CG32 is replaced
 PARRDR> Error: Repeated DIHE parameter (  8688): CG32  CG2O  CG31  CG32 is replaced
 PARRDR> Error: Repeated DIHE parameter (  8756): OG2D  CG2O  CG31  CG32 is replaced
 PARRDR> Error: Repeated DIHE parameter (  8757): OG2D  CG2O  CG31  CG32 is replaced
 PARRDR> Error: Repeated DIHE parameter (  8758): OG2D  CG2O  CG31  CG32 is replaced
 PARRDR> Error: Repeated DIHE parameter (  8759): OG2D  CG2O  CG31  CG32 is replaced
 PARRDR> Error: Repeated DIHE parameter (  8760): OG2D  CG2O  CG31  CG32 is replaced
 PARRDR> Error: Repeated DIHE parameter (  8756): OG2D  CG2O  CG31  CG32 is replaced
 PARRDR> Error: Repeated DIHE parameter (  8757): OG2D  CG2O  CG31  CG32 is replaced
 PARRDR> Error: Repeated DIHE parameter (  8758): OG2D  CG2O  CG31  CG32 is replaced
 PARRDR> Error: Repeated DIHE parameter (  8759): OG2D  CG2O  CG31  CG32 is replaced
 PARRDR> Error: Repeated DIHE parameter (  8760): OG2D  CG2O  CG31  CG32 is replaced
 PARRDR> Error: Repeated DIHE parameter (  8756): OG2D  CG2O  CG31  CG32 is replaced
 PARRDR> Error: Repeated DIHE parameter (  8757): OG2D  CG2O  CG31  CG32 is replaced
 PARRDR> Error: Repeated DIHE parameter (  8758): OG2D  CG2O  CG31  CG32 is replaced
 PARRDR> Error: Repeated DIHE parameter (  8759): OG2D  CG2O  CG31  CG32 is replaced
 PARRDR> Error: Repeated DIHE parameter (  8760): OG2D  CG2O  CG31  CG32 is replaced
 PARRDR> Error: Repeated DIHE parameter (  8756): OG2D  CG2O  CG31  CG32 is replaced
 PARRDR> Error: Repeated DIHE parameter (  8757): OG2D  CG2O  CG31  CG32 is replaced
 PARRDR> Error: Repeated DIHE parameter (  8758): OG2D  CG2O  CG31  CG32 is replaced
 PARRDR> Error: Repeated DIHE parameter (  8759): OG2D  CG2O  CG31  CG32 is replaced
 PARRDR> Error: Repeated DIHE parameter (  8760): OG2D  CG2O  CG31  CG32 is replaced
 PARRDR> Error: Repeated DIHE parameter ( 20261): CG2O  CG31  CG32  HGA2 is replaced
 PARRDR> Error: Repeated DIHE parameter (  8943): CG32  CG2O  CG32  CG30 is replaced
 PARRDR> Error: Repeated DIHE parameter (  8944): CG32  CG2O  CG32  CG30 is replaced
 PARRDR> Error: Repeated DIHE parameter (  8945): CG32  CG2O  CG32  CG30 is replaced
 PARRDR> Error: Repeated DIHE parameter (  8946): CG32  CG2O  CG32  CG30 is replaced
 PARRDR> Error: Repeated DIHE parameter (  8943): CG32  CG2O  CG32  CG30 is replaced
 PARRDR> Error: Repeated DIHE parameter (  8944): CG32  CG2O  CG32  CG30 is replaced
 PARRDR> Error: Repeated DIHE parameter (  8945): CG32  CG2O  CG32  CG30 is replaced
 PARRDR> Error: Repeated DIHE parameter (  8946): CG32  CG2O  CG32  CG30 is replaced
 PARRDR> Error: Repeated DIHE parameter (  8943): CG32  CG2O  CG32  CG30 is replaced
 PARRDR> Error: Repeated DIHE parameter (  8944): CG32  CG2O  CG32  CG30 is replaced
 PARRDR> Error: Repeated DIHE parameter (  8945): CG32  CG2O  CG32  CG30 is replaced
 PARRDR> Error: Repeated DIHE parameter (  8946): CG32  CG2O  CG32  CG30 is replaced
 PARRDR> Error: Repeated DIHE parameter (  8943): CG32  CG2O  CG32  CG30 is replaced
 PARRDR> Error: Repeated DIHE parameter (  8944): CG32  CG2O  CG32  CG30 is replaced
 PARRDR> Error: Repeated DIHE parameter (  8945): CG32  CG2O  CG32  CG30 is replaced
 PARRDR> Error: Repeated DIHE parameter (  8946): CG32  CG2O  CG32  CG30 is replaced
 PARRDR> Error: Repeated DIHE parameter (  9013): OG2D  CG2O  CG32  CG30 is replaced
 PARRDR> Error: Repeated DIHE parameter (  9014): OG2D  CG2O  CG32  CG30 is replaced
 PARRDR> Error: Repeated DIHE parameter (  9015): OG2D  CG2O  CG32  CG30 is replaced
 PARRDR> Error: Repeated DIHE parameter (  9016): OG2D  CG2O  CG32  CG30 is replaced
 PARRDR> Error: Repeated DIHE parameter (  9013): OG2D  CG2O  CG32  CG30 is replaced
 PARRDR> Error: Repeated DIHE parameter (  9014): OG2D  CG2O  CG32  CG30 is replaced
 PARRDR> Error: Repeated DIHE parameter (  9015): OG2D  CG2O  CG32  CG30 is replaced
 PARRDR> Error: Repeated DIHE parameter (  9016): OG2D  CG2O  CG32  CG30 is replaced
 PARRDR> Error: Repeated DIHE parameter (  9013): OG2D  CG2O  CG32  CG30 is replaced
 PARRDR> Error: Repeated DIHE parameter (  9014): OG2D  CG2O  CG32  CG30 is replaced
 PARRDR> Error: Repeated DIHE parameter (  9015): OG2D  CG2O  CG32  CG30 is replaced
 PARRDR> Error: Repeated DIHE parameter (  9016): OG2D  CG2O  CG32  CG30 is replaced
 PARRDR> Error: Repeated DIHE parameter (  9013): OG2D  CG2O  CG32  CG30 is replaced
 PARRDR> Error: Repeated DIHE parameter (  9014): OG2D  CG2O  CG32  CG30 is replaced
 PARRDR> Error: Repeated DIHE parameter (  9015): OG2D  CG2O  CG32  CG30 is replaced
 PARRDR> Error: Repeated DIHE parameter (  9016): OG2D  CG2O  CG32  CG30 is replaced
 PARRDR> Error: Repeated DIHE parameter ( 18321): CG2O  CG30  CG32  CG2O is replaced
 PARRDR> Error: Repeated DIHE parameter ( 18322): CG2O  CG30  CG32  CG2O is replaced
 PARRDR> Error: Repeated DIHE parameter ( 18384): CG32  CG30  CG32  CG2O is replaced
 PARRDR> Error: Repeated DIHE parameter ( 18384): CG32  CG30  CG32  CG2O is replaced
 PARRDR> Error: Repeated DIHE parameter ( 18384): CG32  CG30  CG32  CG2O is replaced
 PARRDR> Error: Repeated DIHE parameter ( 18384): CG32  CG30  CG32  CG2O is replaced
 PARRDR> Error: Repeated DIHE parameter ( 18384): CG32  CG30  CG32  CG2O is replaced
 PARRDR> Error: Repeated DIHE parameter ( 19751): CG31  CG31  CG32  CG30 is replaced
 PARRDR> Error: Repeated DIHE parameter ( 19759): CG31  CG31  CG32  NG2S is replaced
 PARRDR> Error: Repeated DIHE parameter ( 18371): CG31  CG30  CG32  CG31 is replaced
 PARRDR> Error: Repeated DIHE parameter ( 20027): OG30  CG31  CG32  NG31 is replaced
 PARRDR> Error: Repeated DIHE parameter ( 20028): OG30  CG31  CG32  NG31 is replaced
 PARRDR> Error: Repeated DIHE parameter ( 23786): CG30  CG32  NG2S  CG2O is replaced
 PARRDR> Error: Repeated DIHE parameter ( 23787): CG30  CG32  NG2S  HGP1 is replaced
 PARRDR> Error: Repeated DIHE parameter ( 18423): CG33  CG30  CG32  NG2S is replaced
 PARRDR> Error: Repeated DIHE parameter ( 18409): CG33  CG30  CG32  CG2O is replaced
 PARRDR> Error: Repeated DIHE parameter ( 18409): CG33  CG30  CG32  CG2O is replaced
 PARRDR> Error: Repeated DIHE parameter ( 18409): CG33  CG30  CG32  CG2O is replaced
 PARRDR> Error: Repeated DIHE parameter ( 18409): CG33  CG30  CG32  CG2O is replaced
 PARRDR> Error: Repeated DIHE parameter ( 18409): CG33  CG30  CG32  CG2O is replaced
 PARRDR> Error: Repeated DIHE parameter ( 19761): CG31  CG31  CG32  NG31 is replaced
 PARRDR> Error: Repeated DIHE parameter ( 19991): NG31  CG31  CG32  NG31 is replaced
 PARRDR> Error: Repeated DIHE parameter ( 19992): NG31  CG31  CG32  NG31 is replaced
 PARRDR> Error: Repeated IMPH parameter (   246): CG2O  CG2R  OG2D  OG31 is replaced
 PARRDR> Error: Repeated IMPH parameter (   345): CG2O  CG31  CG33  OG2D is replaced
 PARRDR> Error: Repeated IMPH parameter (   325): CG2O  CG2O  CG32  OG2D is replaced
 PARRDR> Error: Repeated IMPH parameter (   340): CG2O  CG30  CG32  OG2D is replaced
 PARRDR> Error: Repeated IMPH parameter (   344): CG2O  CG31  CG32  OG2D is replaced
 PARRDR> Error: Repeated IMPH parameter (   252): CG2O  CG30  OG2D  OG31 is replaced
 PARMIO> NONBOND, HBOND lists and IMAGE atoms cleared.
  
 CHARMM>    RETURN
 VCLOSE: Closing unit   98 with status "KEEP"

                    RETURNING TO INPUT STREAM    99
  
 CHARMM>    stream toppar/toppar_all36_synthetic_polymer_patch.str
 VOPEN> Attempting to open::toppar/toppar_all36_synthetic_polymer_patch.str::
 OPNLGU> Unit 98 opened for READONLY access to toppar/toppar_all36_synthetic_polymer_patch.str

                    INPUT STREAM SWITCHING TO UNIT    98
 RDTITL> READ RTF CARD APPEND
 RDTITL> No title read.
 Parameter: IN1 <- "" <empty>
  
 CHARMM>    read rtf card append
 MAINIO> Residue topology file being read from unit  98.
 RDTITL> * TOPOLOGY FOR SYNTHETIC_POLYMER
 RDTITL> *
  
 CHARMM>     
  
 CHARMM>    return
 VCLOSE: Closing unit   98 with status "KEEP"

                    RETURNING TO INPUT STREAM    99
  
 CHARMM>    stream toppar/toppar_all36_polymer_solvent.str
 VOPEN> Attempting to open::toppar/toppar_all36_polymer_solvent.str::
 OPNLGU> Unit 98 opened for READONLY access to toppar/toppar_all36_polymer_solvent.str

                    INPUT STREAM SWITCHING TO UNIT    98
 RDTITL> READ RTF CARD APPEND
 RDTITL> No title read.
 Parameter: IN1 <- "" <empty>
  
 CHARMM>    read rtf card append
 MAINIO> Residue topology file being read from unit  98.
 RDTITL> * TOPOLOGY FOR SYNTHETIC_POLYMER
 RDTITL> *
  
 CHARMM>    read param card flex append

          PARAMETER FILE BEING READ FROM UNIT 98
 RDTITL> * SYNTHETIC POLYMER PARAMETER
 RDTITL> *
 PARMIO> NONBOND, HBOND lists and IMAGE atoms cleared.
  
 CHARMM>     
  
 CHARMM>    RETURN
 VCLOSE: Closing unit   98 with status "KEEP"

                    RETURNING TO INPUT STREAM    99
  
 CHARMM>     
  
 CHARMM>    ! Additional topologies and parameters for water and ions
 CHARMM>    stream toppar/toppar_water_ions.str
 VOPEN> Attempting to open::toppar/toppar_water_ions.str::
 OPNLGU> Unit 98 opened for READONLY access to toppar/toppar_water_ions.str

                    INPUT STREAM SWITCHING TO UNIT    98
 RDTITL> * TOPLOGY AND PARAMETER INFORMATION FOR WATER AND IONS.
 RDTITL> *
 Parameter: IN1 <- "" <empty>
  
 CHARMM>     
  
 CHARMM>    !Testcase
 CHARMM>    !test_water_ions.inp
 CHARMM>     
  
 CHARMM>    ! IMPORTANT NOTE: this file contains NBFixes between carboxylates and sodium,
 CHARMM>    ! which will only apply if the main files containing carboxylate atom types
 CHARMM>    ! have been read in first!
 CHARMM>     
  
 CHARMM>    !references
 CHARMM>    !
 CHARMM>    !TIP3P water model
 CHARMM>    !
 CHARMM>    !W.L. Jorgensen; J.Chandrasekhar; J.D. Madura; R.W. Impey;
 CHARMM>    !M.L. Klein; "Comparison of simple potential functions for
 CHARMM>    !simulating liquid water", J. Chem. Phys. 79 926-935 (1983).
 CHARMM>    !
 CHARMM>    !IONS
 CHARMM>    !
 CHARMM>    !Ions from Roux and coworkers
 CHARMM>    !
 CHARMM>    !Beglov, D. and Roux, B., Finite Representation of an Infinite
 CHARMM>    !Bulk System: Solvent Boundary Potential for Computer Simulations,
 CHARMM>    !Journal of Chemical Physics, 1994, 100: 9050-9063
 CHARMM>    !
 CHARMM>    !ZINC
 CHARMM>    !
 CHARMM>    !Stote, R.H. and Karplus, M. Zinc Binding in Proteins and
 CHARMM>    !Solution: A Simple but Accurate Nonbonded Representation, PROTEINS:
 CHARMM>    !Structure, Function, and Genetics 23:12-31 (1995)
 CHARMM>     
  
 CHARMM>    !test "append" to determine if previous toppar files have been read and
 CHARMM>    !add append to "read rtf card" if true
 CHARMM>    set nat ?NATC
 RDCMND substituted energy or value "?NATC" to "473"
 Parameter: NAT <- "473"
  
 CHARMM>    set app
 Parameter: APP <- "" <empty>
  
 CHARMM>    !We're exploiting what is arguably a bug in the parser. On the left hand side,
 CHARMM>    !the quotes have priority, so NAT is correctly substituted. On the right hand
 CHARMM>    !side, the ? has priority and NATC" (sic) is not a valid substitution...
 CHARMM>    if "@NAT" ne "?NATC" if @nat ne 0 set app append
 Parameter: NAT -> "473"
 Parameter: NAT -> "473"
 RDCMND: can not substitute energy "?NATC""
 Comparing ""473"" and ""?NATC"".
 IF test evaluated as true.  Performing command
 Comparing "473" and "0".
 IF test evaluated as true.  Performing command
 Parameter: APP <- "APPEND"
  
 CHARMM>     
  
 CHARMM>    read rtf card @app
 Parameter: APP -> "APPEND"
 MAINIO> Residue topology file being read from unit  98.
 RDTITL> * TOPOLOGY FOR WATER AND IONS
 RDTITL> *
  
 CHARMM>     
  
 CHARMM>    read para card flex @app
 Parameter: APP -> "APPEND"

          PARAMETER FILE BEING READ FROM UNIT 98
 RDTITL> * PARAMETERS FOR WATER AND IONS
 RDTITL> *
 PARMIO> NONBOND, HBOND lists and IMAGE atoms cleared.
  
 CHARMM>     
  
 CHARMM>    ! The following section contains NBFixes for sodium interacting with
 CHARMM>    ! carboxylate oxygens of various CHARMM force fields. It will generate
 CHARMM>    ! level -1 warnings whenever any of these force fields have not been
 CHARMM>    ! read prior to the current stream file. Since we don't want to force
 CHARMM>    ! the user to always read all the force fields, we're suppressing the
 CHARMM>    ! warnings. The only side effect is that you will have "most severe
 CHARMM>    ! warning was at level 0" at the end of your output. Also note that
 CHARMM>    ! the user is responsible for reading the current file last if they
 CHARMM>    ! want the NBFixes to apply. A more elegant solution would require new
 CHARMM>    ! features to be added to CHARMM.
 CHARMM>    ! parallel fix, to avoid duplicated messages in the log
 CHARMM>    set para
 Parameter: PARA <- "" <empty>
  
 CHARMM>    if ?NUMNODE gt 1 set para node 0
 RDCMND substituted energy or value "?NUMNODE" to "1"
 Comparing "1" and "1".
 IF test evaluated as false.  Skipping command
  
 CHARMM>     
  
 CHARMM>    set wrn ?WRNLEV
 RDCMND substituted energy or value "?WRNLEV" to "5"
 Parameter: WRN <- "5"
  
 CHARMM>    ! Some versions of CHARMM don't seem to initialize wrnlev...
 CHARMM>    if "@WRN" eq "?WRNLEV" set wrn 5
 Parameter: WRN -> "5"
 RDCMND: can not substitute energy "?WRNLEV""
 Comparing ""5"" and ""?WRNLEV"".
 IF test evaluated as false.  Skipping command
  
 CHARMM>    set bom ?bomlev
 RDCMND substituted energy or value "?BOMLEV" to "0"
 Parameter: BOM <- "0"
  
 CHARMM>    WRNLEV -1 @PARA
 Parameter: PARA -> "" <empty>
  
 CHARMM>    BOMLEV -1 @PARA
 Parameter: PARA -> "" <empty>
  
 CHARMM>    read para card flex append

          PARAMETER FILE BEING READ FROM UNIT 98
 RDTITL> * NBFIX BETWEEN CARBOXYLATE AND SODIUM
 RDTITL> *
 PARMIO> NONBOND, HBOND lists and IMAGE atoms cleared.
  
 CHARMM>    BOMLEV @bom @PARA
 Parameter: BOM -> "0"
 Parameter: PARA -> "" <empty>
  
 CHARMM>    WRNLEV @wrn @PARA
 Parameter: WRN -> "5"
 Parameter: PARA -> "" <empty>
  
 CHARMM>     
  
 CHARMM>    return
 VCLOSE: Closing unit   98 with status "KEEP"

                    RETURNING TO INPUT STREAM    99
  
 CHARMM>    stream toppar/toppar_dum_noble_gases.str
 VOPEN> Attempting to open::toppar/toppar_dum_noble_gases.str::
 OPNLGU> Unit 98 opened for READONLY access to toppar/toppar_dum_noble_gases.str

                    INPUT STREAM SWITCHING TO UNIT    98
 RDTITL> * TOPLOGY AND PARAMETER INFORMATION FOR HELIUM, NEON AND A DUMMY ATOM.
 RDTITL> *
 Parameter: IN1 <- "" <empty>
  
 CHARMM>     
  
 CHARMM>    !Testcase
 CHARMM>    !test_dum_nobel_gases.inp
 CHARMM>     
  
 CHARMM>    !test "append" to determine if previous	toppar files have been read and
 CHARMM>    !add append to "read rtf card" if true
 CHARMM>    set nat ?NATC
 RDCMND substituted energy or value "?NATC" to "487"
 Parameter: NAT <- "487"
  
 CHARMM>    set app
 Parameter: APP <- "" <empty>
  
 CHARMM>    !We're exploiting what is arguably a bug in the parser. On the left hand side,
 CHARMM>    !the quotes have proirity, so NAT is correctly substituted. On the right hand
 CHARMM>    !side, the ? has priority and NATC" (sic) is not a valid substitution...
 CHARMM>    if "@NAT" ne "?NATC" if @nat ne 0 set app append
 Parameter: NAT -> "487"
 Parameter: NAT -> "487"
 RDCMND: can not substitute energy "?NATC""
 Comparing ""487"" and ""?NATC"".
 IF test evaluated as true.  Performing command
 Comparing "487" and "0".
 IF test evaluated as true.  Performing command
 Parameter: APP <- "APPEND"
  
 CHARMM>     
  
 CHARMM>    read rtf card @app
 Parameter: APP -> "APPEND"
 MAINIO> Residue topology file being read from unit  98.
 RDTITL> * TOPOLOGY FOR HELIUM, NEON AND A DUMMY ATOM.
 RDTITL> *
  
 CHARMM>     
  
 CHARMM>    read para card flex @app
 Parameter: APP -> "APPEND"

          PARAMETER FILE BEING READ FROM UNIT 98
 RDTITL> * PARAMETERS FOR HELIUM, NEON AND A DUMMY ATOM.
 RDTITL> *
 PARMIO> NONBOND, HBOND lists and IMAGE atoms cleared.
  
 CHARMM>     
  
 CHARMM>    return
 VCLOSE: Closing unit   98 with status "KEEP"

                    RETURNING TO INPUT STREAM    99
  
 CHARMM>    stream toppar/toppar_ions_won.str
 VOPEN> Attempting to open::toppar/toppar_ions_won.str::
 OPNLGU> Unit 98 opened for READONLY access to toppar/toppar_ions_won.str

                    INPUT STREAM SWITCHING TO UNIT    98
 RDTITL> * TOP_IONS_WON.STR: GENERAL MODEL FOR MONO-, DI-, AND TRIVALENT CATIONS
 RDTITL> *
 Parameter: IN1 <- "" <empty>
  
 CHARMM>     
  
 CHARMM>    !This is a comprehensive set of ions developed using stochastic boundary
 CHARMM>    !conditions. It is strongly recommended that ion parameters in
 CHARMM>    !toppar_water_ions.str be used if available, as they are more highly
 CHARMM>    !optimized.  Accordingly, those ions have been commented in this
 CHARMM>    !file.
 CHARMM>    !
 CHARMM>    !reference
 CHARMM>    !Won, Y., "Force Field for Monovalent, Divalent, and Trivalent Cations
 CHARMM>    !Developed under the Solvent Boundary Potential," Journal of Physical
 CHARMM>    !Chemistry A., 116: 11763-11767, 2012.
 CHARMM>     
  
 CHARMM>     
  
 CHARMM>    !test "append" to determine if previous toppar files have been read and
 CHARMM>    !add append to "read rtf card" if true
 CHARMM>    set nat ?NATC
 RDCMND substituted energy or value "?NATC" to "490"
 Parameter: NAT <- "490"
  
 CHARMM>    set app
 Parameter: APP <- "" <empty>
  
 CHARMM>    !We're exploiting what is arguably a bug in the parser. On the left hand side,
 CHARMM>    !the quotes have priority, so NAT is correctly substituted. On the right hand
 CHARMM>    !side, the ? has priority and NATC" (sic) is not a valid substitution...
 CHARMM>    if "@NAT" ne "?NATC" if @nat ne 0 set app append
 Parameter: NAT -> "490"
 Parameter: NAT -> "490"
 RDCMND: can not substitute energy "?NATC""
 Comparing ""490"" and ""?NATC"".
 IF test evaluated as true.  Performing command
 Comparing "490" and "0".
 IF test evaluated as true.  Performing command
 Parameter: APP <- "APPEND"
  
 CHARMM>     
  
 CHARMM>    read rtf card @app
 Parameter: APP -> "APPEND"
 MAINIO> Residue topology file being read from unit  98.
 RDTITL> * TOPOLOGY FOR WATER AND IONS
 RDTITL> *
  
 CHARMM>     
  
 CHARMM>    read para card flex @app
 Parameter: APP -> "APPEND"

          PARAMETER FILE BEING READ FROM UNIT 98
 RDTITL> * PAR_CATION.PRM FOR MONO-, DI-, AND TRIVALENT CATIONS
 RDTITL> *
 PARMIO> NONBOND, HBOND lists and IMAGE atoms cleared.
  
 VCLOSE: Closing unit   98 with status "KEEP"

                    RETURNING TO INPUT STREAM    99
  
 CHARMM>    stream toppar/cam.str
 VOPEN> Attempting to open::toppar/cam.str::
 OPNLGU> Unit 98 opened for READONLY access to toppar/cam.str

                    INPUT STREAM SWITCHING TO UNIT    98
 RDTITL> READ RTF CARD APPEND
 RDTITL> No title read.
 Parameter: IN1 <- "" <empty>
  
 CHARMM>    read rtf card append
 MAINIO> Residue topology file being read from unit  98.
 RDTITL> * TOPOLOGY GENERATED BY PARMED
 RDTITL> *

      ***** LEVEL  1 WARNING FROM <rtfrdr> *****
      ***** No AUTOgen defaults specified in appended RTF. Potential conflict with prior RTF autogen options. Check.
      ******************************************
      BOMLEV (  0) IS NOT REACHED. WRNLEV IS  5

  
 CHARMM>     
  
 CHARMM>    read para card flex append

          PARAMETER FILE BEING READ FROM UNIT 98
 RDTITL> * PARAMETERS GENERATED BY PARMED
 RDTITL> *
 PARMIO> NONBOND, HBOND lists and IMAGE atoms cleared.
  
 CHARMM>     
  
 CHARMM>    ! The following section contains NBFixes for CAM interacting with
 CHARMM>    ! water.
 CHARMM>    set para
 Parameter: PARA <- "" <empty>
  
 CHARMM>    if ?NUMNODE gt 1 set para node 0
 RDCMND substituted energy or value "?NUMNODE" to "1"
 Comparing "1" and "1".
 IF test evaluated as false.  Skipping command
  
 CHARMM>     
  
 CHARMM>    set wrn ?WRNLEV
 RDCMND substituted energy or value "?WRNLEV" to "5"
 Parameter: WRN <- "5"
  
 CHARMM>    ! Some versions of CHARMM don't seem to initialize wrnlev...
 CHARMM>    if "@WRN" eq "?WRNLEV" set wrn 5
 Parameter: WRN -> "5"
 RDCMND: can not substitute energy "?WRNLEV""
 Comparing ""5"" and ""?WRNLEV"".
 IF test evaluated as false.  Skipping command
  
 CHARMM>    set bom ?bomlev
 RDCMND substituted energy or value "?BOMLEV" to "0"
 Parameter: BOM <- "0"
  
 CHARMM>    WRNLEV -1 @PARA
 Parameter: PARA -> "" <empty>
  
 CHARMM>    BOMLEV -1 @PARA
 Parameter: PARA -> "" <empty>
  
 CHARMM>     
  
 CHARMM>    read para card flex append

          PARAMETER FILE BEING READ FROM UNIT 98
 RDTITL> * NBFIX BETWEEN CAM AND WATER
 RDTITL> *
 PARMIO> NONBOND, HBOND lists and IMAGE atoms cleared.
  
 CHARMM>    BOMLEV @bom @PARA
 Parameter: BOM -> "0"
 Parameter: PARA -> "" <empty>
  
 CHARMM>    WRNLEV @wrn @PARA
 Parameter: WRN -> "5"
 Parameter: PARA -> "" <empty>
  
 CHARMM>     
  
 CHARMM>    return
 VCLOSE: Closing unit   98 with status "KEEP"

                    RETURNING TO INPUT STREAM    99
  
 CHARMM>     
  
 CHARMM>    ! Additional topologies and parameters for protein
 CHARMM>    stream toppar/toppar_all36_prot_arg0.str
 VOPEN> Attempting to open::toppar/toppar_all36_prot_arg0.str::
 OPNLGU> Unit 98 opened for READONLY access to toppar/toppar_all36_prot_arg0.str

                    INPUT STREAM SWITCHING TO UNIT    98
 RDTITL> *>>>>>> ALL-HYDROGEN TOPOLOGY FOR NEUTRAL ARG <<<<<<<<<<<<<<<<<<<<
 RDTITL> *>>>>>>>>>>>>>>>>>>>>>>> 2007 <<<<<<<<<<<<<<<<<<<<<<<<<<<<<<<<<<<<
 RDTITL> *>>>>>>>> DIRECT COMMENTS TO ALEXANDER D. MACKERELL JR. <<<<<<<<<<
 RDTITL> *>>>>>>>>>>>>>>> PARAMETER FORUM, WWW.CHARMM.ORG <<<<<<<<<<<<<<<<<
 RDTITL> *
 Parameter: IN1 <- "" <empty>
  
 CHARMM>     
  
 CHARMM>    ! Atom names include "R" (for Arg) as the second letter. The
 CHARMM>    ! only other atom types in the additive FF with this second
 CHARMM>    ! letter are histidine [HN]R[123] in the protein FF and CRL[12]
 CHARMM>    ! in toppar_all36_lipid_cholesterol.str , so no more conflicts.
 CHARMM>     
  
 CHARMM>    !Parent files that have to be read prior to streaming this file
 CHARMM>    !top_all36_prot.rtf
 CHARMM>    !par_all36_prot.rtf
 CHARMM>    !
 CHARMM>    !Testcase
 CHARMM>    !test_all36_prot_arg0.inp
 CHARMM>     
  
 CHARMM>    !Li, L., Vorobyov, I.V., MacKerell, Jr., A.D., Allen, T.W., "Is
 CHARMM>    !arginine charged in a membrane?" Biophysical Journal, 94: L11-L13,
 CHARMM>    !2008, PMCID: PMC2157258
 CHARMM>     
  
 CHARMM>    read rtf card append
 MAINIO> Residue topology file being read from unit  98.
 RDTITL> * TOPOLOGY FOR PROTEIN RELATED MODEL COMPOUNDS
 RDTITL> *
*** WARNING **** residue MGU1 already exists (old one deleted)

      ***** LEVEL  1 WARNING FROM <RTFRDR> *****
      ***** Residue already exists.
      ******************************************
      BOMLEV (  0) IS NOT REACHED. WRNLEV IS  5

          RESI MGU1          0.00
*** WARNING **** residue MGU2 already exists (old one deleted)

      ***** LEVEL  1 WARNING FROM <RTFRDR> *****
      ***** Residue already exists.
      ******************************************
      BOMLEV (  0) IS NOT REACHED. WRNLEV IS  5

          RESI MGU2          0.00
 There were   2 warning(s) from RTFRDR.
  
 CHARMM>     
  
 CHARMM>    read param card flex append

          PARAMETER FILE BEING READ FROM UNIT 98
 RDTITL>  
 RDTITL> No title read.
 PARMIO> NONBOND, HBOND lists and IMAGE atoms cleared.
  
 CHARMM>     
  
 CHARMM>    return
 VCLOSE: Closing unit   98 with status "KEEP"

                    RETURNING TO INPUT STREAM    99
  
 CHARMM>    stream toppar/toppar_all36_prot_c36m_d_aminoacids.str
 VOPEN> Attempting to open::toppar/toppar_all36_prot_c36m_d_aminoacids.str::
 OPNLGU> Unit 98 opened for READONLY access to toppar/toppar_all36_prot_c36m_d_aminoacids.str

                    INPUT STREAM SWITCHING TO UNIT    98
 RDTITL> *>>>>>>CHARMM36 ALL-HYDROGEN TOPPAR FILE FOR D-PROTEINS <<<<<<<
 RDTITL> *>>>>>>>>>>>>>>>>>>>>>>>>>> JAN. 2016 <<<<<<<<<<<<<<<<<<<<<<<<<<<<
 RDTITL> * ALL COMMENTS TO THE CHARMM WEB SITE: WWW.CHARMM.ORG
 RDTITL> *             PARAMETER SET DISCUSSION FORUM
 RDTITL> *
 Parameter: IN1 <- "" <empty>
  
 CHARMM>     
  
 CHARMM>    !update 2016/2. use directly inverted CMAPs
 CHARMM>     
  
 CHARMM>    !toppar stream file for D-amino acids. Includes new residue
 CHARMM>    !names, inverted CMAP and additional parameters.
 CHARMM>     
  
 CHARMM>    !Parent files that have to be read prior to streaming this file
 CHARMM>    !top_all36_prot.rtf
 CHARMM>    !par_all36m_prot.prm
 CHARMM>    !
 CHARMM>    !Testcase
 CHARMM>    !test_all36_d_amino_acid.inp
 CHARMM>     
  
 CHARMM>    !test "append" to determine if previous toppar files have been read and
 CHARMM>    !add append to "read rtf card" if true
 CHARMM>    set nat ?NATC
 RDCMND substituted energy or value "?NATC" to "556"
 Parameter: NAT <- "556"
  
 CHARMM>    set app
 Parameter: APP <- "" <empty>
  
 CHARMM>    !We're exploiting what is arguably a bug in the parser. On the left hand side,
 CHARMM>    !the quotes have priority, so NAT is correctly substituted. On the right hand
 CHARMM>    !side, the ? has priority and NATC" (sic) is not a valid substitution...
 CHARMM>    if "@NAT" ne "?NATC" if @nat ne 0 set app append
 Parameter: NAT -> "556"
 Parameter: NAT -> "556"
 RDCMND: can not substitute energy "?NATC""
 Comparing ""556"" and ""?NATC"".
 IF test evaluated as true.  Performing command
 Comparing "556" and "0".
 IF test evaluated as true.  Performing command
 Parameter: APP <- "APPEND"
  
 CHARMM>     
  
 CHARMM>    read rtf card @app
 Parameter: APP -> "APPEND"
 MAINIO> Residue topology file being read from unit  98.
 RDTITL> * TOPOLOGY FOR D- AMINOACIDS
 RDTITL> *
  
 CHARMM>     
  
 CHARMM>    read para card flex @app
 Parameter: APP -> "APPEND"

          PARAMETER FILE BEING READ FROM UNIT 98
 RDTITL> * PARAMETERS FOR D- AMINOACIDS
 RDTITL> *
 PARMIO> NONBOND, HBOND lists and IMAGE atoms cleared.
  
 VCLOSE: Closing unit   98 with status "KEEP"

                    RETURNING TO INPUT STREAM    99
  
 CHARMM>    stream toppar/toppar_all36_prot_fluoro_alkanes.str
 VOPEN> Attempting to open::toppar/toppar_all36_prot_fluoro_alkanes.str::
 OPNLGU> Unit 98 opened for READONLY access to toppar/toppar_all36_prot_fluoro_alkanes.str

                    INPUT STREAM SWITCHING TO UNIT    98
 RDTITL> * TOPOLOGY AND PARAMETERS FOR FLUORINATED ALKANES.
 RDTITL> *
 Parameter: IN1 <- "" <empty>
  
 CHARMM>     
  
 CHARMM>    !These parameters are maintained for historic reasons.  The CGenFF
 CHARMM>    !halogen parameters are a significant improvement over these
 CHARMM>    !parameters.
 CHARMM>     
  
 CHARMM>    !Parent files that have to be read prior to streaming this file
 CHARMM>    !top_all36_prot.rtf
 CHARMM>    !par_all36_prot.prm
 CHARMM>     
  
 CHARMM>    !Testcase
 CHARMM>    !test_all36_prot_fluoro_alkanes.inp
 CHARMM>     
  
 CHARMM>    !Reference
 CHARMM>    !Chen, I.-J., Yin, D. and MacKerell, Jr., A.D., "Combined Ab
 CHARMM>    !initio/Empirical Approach for Optimization of Lennard-Jones Parameters
 CHARMM>    !for Polar-Neutral Compounds," Journal of Computational Chemistry,
 CHARMM>    !2002, 23:199-213.
 CHARMM>    !
 CHARMM>    !Note that these parameters are higly optimized to reproduce the
 CHARMM>    !corresponding condensed phase properties and have not been incorporated
 CHARMM>    !into the CHARMM22 or CHARMM27 biomolecular force fields
 CHARMM>     
  
 CHARMM>    read rtf card append
 MAINIO> Residue topology file being read from unit  98.
 RDTITL> * TOPOLOGY FOR FLUOROALKANES
 RDTITL> *
*** WARNING **** residue ETHA already exists (old one deleted)

      ***** LEVEL  1 WARNING FROM <RTFRDR> *****
      ***** Residue already exists.
      ******************************************
      BOMLEV (  0) IS NOT REACHED. WRNLEV IS  5

          RESI ETHA  0.0
*** WARNING **** residue FETH already exists (old one deleted)

      ***** LEVEL  1 WARNING FROM <RTFRDR> *****
      ***** Residue already exists.
      ******************************************
      BOMLEV (  0) IS NOT REACHED. WRNLEV IS  5

          RESI FETH  0.0
*** WARNING **** residue DFET already exists (old one deleted)

      ***** LEVEL  1 WARNING FROM <RTFRDR> *****
      ***** Residue already exists.
      ******************************************
      BOMLEV (  0) IS NOT REACHED. WRNLEV IS  5

          RESI DFET 0.0
*** WARNING **** residue TFET already exists (old one deleted)

      ***** LEVEL  1 WARNING FROM <RTFRDR> *****
      ***** Residue already exists.
      ******************************************
      BOMLEV (  0) IS NOT REACHED. WRNLEV IS  5

          RESI TFET  0.0
*** WARNING **** residue TFE  already exists (old one deleted)

      ***** LEVEL  1 WARNING FROM <RTFRDR> *****
      ***** Residue already exists.
      ******************************************
      BOMLEV (  0) IS NOT REACHED. WRNLEV IS  5

          RESI TFE   0.0
 There were   5 warning(s) from RTFRDR.
  
 CHARMM>     
  
 CHARMM>    read para card flex append

          PARAMETER FILE BEING READ FROM UNIT 98
 RDTITL> * FLUOROALKANE PARAMETERS
 RDTITL> *
 PARMIO> NONBOND, HBOND lists and IMAGE atoms cleared.
  
 CHARMM>     
  
 CHARMM>    return
 VCLOSE: Closing unit   98 with status "KEEP"

                    RETURNING TO INPUT STREAM    99
  
 CHARMM>    stream toppar/toppar_all36_prot_heme.str
 VOPEN> Attempting to open::toppar/toppar_all36_prot_heme.str::
 OPNLGU> Unit 98 opened for READONLY access to toppar/toppar_all36_prot_heme.str

                    INPUT STREAM SWITCHING TO UNIT    98
 RDTITL> * TOPOLOGY AND PARAMETER STREAM FILE FOR HEME AND RELATED
 RDTITL> * LIGANDS AND PATCHES.
 RDTITL> *
 Parameter: IN1 <- "" <empty>
  
 CHARMM>     
  
 CHARMM>    !updated 2016/2, allow for use of AUTOGENERATE ANGLE DIHEDRAl PATCH
 CHARMM>     
  
 CHARMM>    !Parent files that have to be read prior to streaming this file
 CHARMM>    !top_all36_prot.rtf
 CHARMM>    !par_all36_prot.prm
 CHARMM>     
  
 CHARMM>    !Testcase
 CHARMM>    !test_all36_prot_heme.inp
 CHARMM>     
  
 CHARMM>    read rtf card append
 MAINIO> Residue topology file being read from unit  98.
 RDTITL> * TOPOLOGY FOR HEME AND RELATED COMPOUNDS AND PATCHES
 RDTITL> *
*** WARNING **** residue CO2  already exists (old one deleted)

      ***** LEVEL  1 WARNING FROM <RTFRDR> *****
      ***** Residue already exists.
      ******************************************
      BOMLEV (  0) IS NOT REACHED. WRNLEV IS  5

          RESI CO2             0.00
 There were   1 warning(s) from RTFRDR.
  
 CHARMM>     
  
 CHARMM>    read para card flex append

          PARAMETER FILE BEING READ FROM UNIT 98
 RDTITL> * ADDITIONAL PARAMETERS FOR HEME
 RDTITL> *
 PARMIO> NONBOND, HBOND lists and IMAGE atoms cleared.
  
 CHARMM>     
  
 CHARMM>    return
 VCLOSE: Closing unit   98 with status "KEEP"

                    RETURNING TO INPUT STREAM    99
  
 CHARMM>    stream toppar/toppar_all36_prot_na_combined.str
 VOPEN> Attempting to open::toppar/toppar_all36_prot_na_combined.str::
 OPNLGU> Unit 98 opened for READONLY access to toppar/toppar_all36_prot_na_combined.str

                    INPUT STREAM SWITCHING TO UNIT    98
 RDTITL> * TOPOLOGY AND PARAMETER STREAM FILE FOR PATCHES TO CREATE
 RDTITL> * MODEL COMPOUNDS AND PATCHES THAT REQUIRE BOTH PROTEIN AND
 RDTITL> * NUCLEIC ACID TOPOLOGY AND PARAMETER INFORMATION
 RDTITL> *
 Parameter: IN1 <- "" <empty>
  
 CHARMM>     
  
 CHARMM>    !Parent files that have to be read prior to streaming this file
 CHARMM>    !top_all36_prot.rtf
 CHARMM>    !par_all36_prot.prm
 CHARMM>    !top_all36_na.rtf
 CHARMM>    !par_all36_na.prm
 CHARMM>    !stream/toppar_all36_prot_fluoro_alkanes.str ! atom types an parameters for fluorinated compounds
 CHARMM>     
  
 CHARMM>    !Testcase
 CHARMM>    !test_all36_prot_na_combined.inp
 CHARMM>     
  
 CHARMM>    !all patches must be followed by AUTOGENERATE ANGLES DIHEDRALS
 CHARMM>     
  
 CHARMM>    !PHOSPHOTYROSINE
 CHARMM>    !
 CHARMM>    !Feng, M.-H., Philippopoulos, M., MacKerell, Jr., A.D. and Lim, C.
 CHARMM>    !Structural Characterization of the Phosphotyrosine Binding Region of a
 CHARMM>    !High-Affinity aSH2 Domain-Phosphopeptide Complex by Molecular Dynamics
 CHARMM>    !Simulation and Chemical Shift Calculations. Journal of the American
 CHARMM>    !Chemical Society, 1996, 118: 11265-11277.
 CHARMM>     
  
 CHARMM>    read rtf card append
 MAINIO> Residue topology file being read from unit  98.
 RDTITL> * TOPOLOGY FOR PHOSPHORYLATED AMINO ACIDS
 RDTITL> *
*** WARNING **** residue THFI already exists (old one deleted)

      ***** LEVEL  1 WARNING FROM <RTFRDR> *****
      ***** Residue already exists.
      ******************************************
      BOMLEV (  0) IS NOT REACHED. WRNLEV IS  5

          RESI THFI       0.00
*** WARNING **** residue THMI already exists (old one deleted)

      ***** LEVEL  1 WARNING FROM <RTFRDR> *****
      ***** Residue already exists.
      ******************************************
      BOMLEV (  0) IS NOT REACHED. WRNLEV IS  5

          RESI THMI       0.00
*** WARNING **** residue THFA already exists (old one deleted)

      ***** LEVEL  1 WARNING FROM <RTFRDR> *****
      ***** Residue already exists.
      ******************************************
      BOMLEV (  0) IS NOT REACHED. WRNLEV IS  5

          RESI THFA        0.00
*** WARNING **** residue THAO already exists (old one deleted)

      ***** LEVEL  1 WARNING FROM <RTFRDR> *****
      ***** Residue already exists.
      ******************************************
      BOMLEV (  0) IS NOT REACHED. WRNLEV IS  5

          RESI THAO         0.00
*** WARNING **** residue RNUS already exists (old one deleted)

      ***** LEVEL  1 WARNING FROM <RTFRDR> *****
      ***** Residue already exists.
      ******************************************
      BOMLEV (  0) IS NOT REACHED. WRNLEV IS  5

          RESI RNUS         0.00
*** WARNING **** residue NUCL already exists (old one deleted)

      ***** LEVEL  1 WARNING FROM <RTFRDR> *****
      ***** Residue already exists.
      ******************************************
      BOMLEV (  0) IS NOT REACHED. WRNLEV IS  5

          RESI NUCL        -1.00
*** WARNING **** residue PPH1 already exists (old one deleted)

      ***** LEVEL  1 WARNING FROM <RTFRDR> *****
      ***** Residue already exists.
      ******************************************
      BOMLEV (  0) IS NOT REACHED. WRNLEV IS  5

          RESI PPH1      -1.00
*** WARNING **** residue BMPH already exists (old one deleted)

      ***** LEVEL  1 WARNING FROM <RTFRDR> *****
      ***** Residue already exists.
      ******************************************
      BOMLEV (  0) IS NOT REACHED. WRNLEV IS  5

          RESI BMPH      -1.00
*** WARNING **** residue BMPD already exists (old one deleted)

      ***** LEVEL  1 WARNING FROM <RTFRDR> *****
      ***** Residue already exists.
      ******************************************
      BOMLEV (  0) IS NOT REACHED. WRNLEV IS  5

          RESI BMPD      -2.00
*** WARNING **** residue BDFP already exists (old one deleted)

      ***** LEVEL  1 WARNING FROM <RTFRDR> *****
      ***** Residue already exists.
      ******************************************
      BOMLEV (  0) IS NOT REACHED. WRNLEV IS  5

          RESI BDFP      -1.00
*** WARNING **** residue BDFD already exists (old one deleted)

      ***** LEVEL  1 WARNING FROM <RTFRDR> *****
      ***** Residue already exists.
      ******************************************
      BOMLEV (  0) IS NOT REACHED. WRNLEV IS  5

          RESI BDFD -2.00
*** WARNING **** residue EP_2 already exists (old one deleted)

      ***** LEVEL  1 WARNING FROM <RTFRDR> *****
      ***** Residue already exists.
      ******************************************
      BOMLEV (  0) IS NOT REACHED. WRNLEV IS  5

          RESI EP_2        -2.00
*** WARNING **** residue IP_2 already exists (old one deleted)

      ***** LEVEL  1 WARNING FROM <RTFRDR> *****
      ***** Residue already exists.
      ******************************************
      BOMLEV (  0) IS NOT REACHED. WRNLEV IS  5

          RESI IP_2        -2.00
 There were  13 warning(s) from RTFRDR.
  
 CHARMM>     
  
 CHARMM>    read para card flex append

          PARAMETER FILE BEING READ FROM UNIT 98
 RDTITL> * ADDITIONAL PARAMETERS FOR PHOSPHORYLATED AMINO ACIDS
 RDTITL> *
 PARMIO> NONBOND, HBOND lists and IMAGE atoms cleared.
  
 VCLOSE: Closing unit   98 with status "KEEP"

                    RETURNING TO INPUT STREAM    99
  
 CHARMM>    stream toppar/toppar_all36_prot_retinol.str
 VOPEN> Attempting to open::toppar/toppar_all36_prot_retinol.str::
 OPNLGU> Unit 98 opened for READONLY access to toppar/toppar_all36_prot_retinol.str

                    INPUT STREAM SWITCHING TO UNIT    98
 RDTITL> * TOPPAR STREAM FILE FOR RETINOL AND RETINAL PARAMETERS
 RDTITL> * A. LOCCISANO, A.M.W., J. EVANSECK AND A.D. MACKERELL, JR.
 RDTITL> * APRIL, 2005
 RDTITL> *
 Parameter: IN1 <- "" <empty>
  
 CHARMM>     
  
 CHARMM>    !use with c36 protein force fields
 CHARMM>    !top_all36_prot.rtf
 CHARMM>    !par_all36_prot.prm
 CHARMM>     
  
 CHARMM>    read rtf card append
 MAINIO> Residue topology file being read from unit  98.
 RDTITL> * RETINAL/RETINOL AND RELATED MODEL COMPOUNDS
 RDTITL> *
*** WARNING **** residue BTE2 already exists (old one deleted)

      ***** LEVEL  1 WARNING FROM <RTFRDR> *****
      ***** Residue already exists.
      ******************************************
      BOMLEV (  0) IS NOT REACHED. WRNLEV IS  5

          RESI BTE2       0.00
*** WARNING **** residue 13DB already exists (old one deleted)

      ***** LEVEL  1 WARNING FROM <RTFRDR> *****
      ***** Residue already exists.
      ******************************************
      BOMLEV (  0) IS NOT REACHED. WRNLEV IS  5

          RESI 13DB       0.00
*** WARNING **** residue 13DP already exists (old one deleted)

      ***** LEVEL  1 WARNING FROM <RTFRDR> *****
      ***** Residue already exists.
      ******************************************
      BOMLEV (  0) IS NOT REACHED. WRNLEV IS  5

          RESI 13DP       0.00
*** WARNING **** residue DMB1 already exists (old one deleted)

      ***** LEVEL  1 WARNING FROM <RTFRDR> *****
      ***** Residue already exists.
      ******************************************
      BOMLEV (  0) IS NOT REACHED. WRNLEV IS  5

          RESI DMB1       0.00
*** WARNING **** residue DMP1 already exists (old one deleted)

      ***** LEVEL  1 WARNING FROM <RTFRDR> *****
      ***** Residue already exists.
      ******************************************
      BOMLEV (  0) IS NOT REACHED. WRNLEV IS  5

          RESI DMP1       0.00
*** WARNING **** residue DMP2 already exists (old one deleted)

      ***** LEVEL  1 WARNING FROM <RTFRDR> *****
      ***** Residue already exists.
      ******************************************
      BOMLEV (  0) IS NOT REACHED. WRNLEV IS  5

          RESI DMP2       0.00
*** WARNING **** residue CROT already exists (old one deleted)

      ***** LEVEL  1 WARNING FROM <RTFRDR> *****
      ***** Residue already exists.
      ******************************************
      BOMLEV (  0) IS NOT REACHED. WRNLEV IS  5

          RESI CROT       0.00
*** WARNING **** residue PACP already exists (old one deleted)

      ***** LEVEL  1 WARNING FROM <RTFRDR> *****
      ***** Residue already exists.
      ******************************************
      BOMLEV (  0) IS NOT REACHED. WRNLEV IS  5

          RESI PACP       0.00
*** WARNING **** residue MECH already exists (old one deleted)

      ***** LEVEL  1 WARNING FROM <RTFRDR> *****
      ***** Residue already exists.
      ******************************************
      BOMLEV (  0) IS NOT REACHED. WRNLEV IS  5

          RESI MECH       0.00
*** WARNING **** residue TMCH already exists (old one deleted)

      ***** LEVEL  1 WARNING FROM <RTFRDR> *****
      ***** Residue already exists.
      ******************************************
      BOMLEV (  0) IS NOT REACHED. WRNLEV IS  5

          RESI TMCH       0.00
*** WARNING **** residue FRET already exists (old one deleted)

      ***** LEVEL  1 WARNING FROM <RTFRDR> *****
      ***** Residue already exists.
      ******************************************
      BOMLEV (  0) IS NOT REACHED. WRNLEV IS  5

          RESI FRET       0.00
*** WARNING **** residue RTOL already exists (old one deleted)

      ***** LEVEL  1 WARNING FROM <RTFRDR> *****
      ***** Residue already exists.
      ******************************************
      BOMLEV (  0) IS NOT REACHED. WRNLEV IS  5

          RESI RTOL       0.00
*** WARNING **** residue RTAL already exists (old one deleted)

      ***** LEVEL  1 WARNING FROM <RTFRDR> *****
      ***** Residue already exists.
      ******************************************
      BOMLEV (  0) IS NOT REACHED. WRNLEV IS  5

          RESI RTAL       0.00
*** WARNING **** residue RTAC already exists (old one deleted)

      ***** LEVEL  1 WARNING FROM <RTFRDR> *****
      ***** Residue already exists.
      ******************************************
      BOMLEV (  0) IS NOT REACHED. WRNLEV IS  5

          RESI RTAC      -1.00
*** WARNING **** residue PRAC already exists (old one deleted)

      ***** LEVEL  1 WARNING FROM <RTFRDR> *****
      ***** Residue already exists.
      ******************************************
      BOMLEV (  0) IS NOT REACHED. WRNLEV IS  5

          RESI PRAC      -1.00
*** WARNING **** residue PROL already exists (old one deleted)

      ***** LEVEL  1 WARNING FROM <RTFRDR> *****
      ***** Residue already exists.
      ******************************************
      BOMLEV (  0) IS NOT REACHED. WRNLEV IS  5

          RESI PROL       0.00
*** WARNING **** residue PRAL already exists (old one deleted)

      ***** LEVEL  1 WARNING FROM <RTFRDR> *****
      ***** Residue already exists.
      ******************************************
      BOMLEV (  0) IS NOT REACHED. WRNLEV IS  5

          RESI PRAL       0.00
*** WARNING **** residue SCH1 already exists (old one deleted)

      ***** LEVEL  1 WARNING FROM <RTFRDR> *****
      ***** Residue already exists.
      ******************************************
      BOMLEV (  0) IS NOT REACHED. WRNLEV IS  5

          RESI SCH1       0.00
*** WARNING **** residue SCH2 already exists (old one deleted)

      ***** LEVEL  1 WARNING FROM <RTFRDR> *****
      ***** Residue already exists.
      ******************************************
      BOMLEV (  0) IS NOT REACHED. WRNLEV IS  5

          RESI SCH2       1.00
*** WARNING **** residue SCH3 already exists (old one deleted)

      ***** LEVEL  1 WARNING FROM <RTFRDR> *****
      ***** Residue already exists.
      ******************************************
      BOMLEV (  0) IS NOT REACHED. WRNLEV IS  5

          RESI SCH3       1.00
 There were  20 warning(s) from RTFRDR.
  
 CHARMM>     
  
 CHARMM>    read para card flex append

          PARAMETER FILE BEING READ FROM UNIT 98
 RDTITL> * RETINAL/RETINOL AND RELATED PARAMETERS
 RDTITL> *
 PARMIO> NONBOND, HBOND lists and IMAGE atoms cleared.
  
 CHARMM>     
  
 VCLOSE: Closing unit   98 with status "KEEP"

                    RETURNING TO INPUT STREAM    99
  
 CHARMM>    stream toppar/toppar_all36_prot_model.str
 VOPEN> Attempting to open::toppar/toppar_all36_prot_model.str::
 OPNLGU> Unit 98 opened for READONLY access to toppar/toppar_all36_prot_model.str

                    INPUT STREAM SWITCHING TO UNIT    98
 RDTITL> *>> ALL-HYDROGEN TOPOLOGY FOR SMALL MODEL COMPOUNDS USED IN THE <<
 RDTITL> *>> DEVELOPMENT OF THE CHARMM22 PROTEIN ALL-HYDROGEN PARAMETERS <<
 RDTITL> *>>>>>>>>>>>>>>>>>>>>>>> JULY 1997 <<<<<<<<<<<<<<<<<<<<<<<<<<<<<<<
 RDTITL> *>>>>>>>> DIRECT COMMENTS TO ALEXANDER D. MACKERELL JR. <<<<<<<<<<
 RDTITL> *>>>>>>>>>>>>>>> PARAMETER FORUM, WWW.CHARMM.ORG <<<<<<<<<<<<<<<<<
 RDTITL> *CONVERTED TO STREAM FORMAT, DECEMBER 2003
 RDTITL> *CONVERTED TO CHARMM36 PROTEIN ATOM TYPES, MAY 2011
 RDTITL> *
 Parameter: IN1 <- "" <empty>
  
 CHARMM>     
  
 CHARMM>    !Parent files that have to be read prior to streaming this file
 CHARMM>    !top_all36_prot.rtf
 CHARMM>    !par_all36_prot.prm
 CHARMM>    !
 CHARMM>    !Testcase
 CHARMM>    !test_all36_prot_model.inp
 CHARMM>     
  
 CHARMM>    !changes after 9/98
 CHARMM>    !
 CHARMM>    !change alkene HA1 and HA2 to HE1 and HE2
 CHARMM>    !
 CHARMM>    !improper atom ordering corrected
 CHARMM>    !
 CHARMM>    !version b5i to be consistent with protein toppar files
 CHARMM>    !
 CHARMM>    !Heme vinyl groups upgraded based on new butene parameters
 CHARMM>    !
 CHARMM>     
  
 CHARMM>    ! references
 CHARMM>    !
 CHARMM>    !PROTEINS
 CHARMM>    !
 CHARMM>    !MacKerell, Jr., A. D.; Bashford, D.; Bellott, M.; Dunbrack Jr., R.L.;
 CHARMM>    !Evanseck, J.D.; Field, M.J.; Fischer, S.; Gao, J.; Guo, H.; Ha, S.;
 CHARMM>    !Joseph-McCarthy, D.; Kuchnir, L.; Kuczera, K.; Lau, F.T.K.; Mattos,
 CHARMM>    !C.; Michnick, S.; Ngo, T.; Nguyen, D.T.; Prodhom, B.; Reiher, III,
 CHARMM>    !W.E.; Roux, B.; Schlenkrich, M.; Smith, J.C.; Stote, R.; Straub, J.;
 CHARMM>    !Watanabe, M.; Wiorkiewicz-Kuczera, J.; Yin, D.; Karplus, M.  All-atom
 CHARMM>    !empirical potential for molecular modeling and dynamics Studies of
 CHARMM>    !proteins.  Journal of Physical Chemistry B, 1998, 102, 3586-3616.
 CHARMM>     
  
 CHARMM>    read rtf card append
 MAINIO> Residue topology file being read from unit  98.
 RDTITL> * TOPOLOGY FOR PROTEIN RELATED MODEL COMPOUNDS
 RDTITL> *
*** WARNING **** residue ACET already exists (old one deleted)

      ***** LEVEL  1 WARNING FROM <RTFRDR> *****
      ***** Residue already exists.
      ******************************************
      BOMLEV (  0) IS NOT REACHED. WRNLEV IS  5

          RESI ACET       -1.00
*** WARNING **** residue PROA already exists (old one deleted)

      ***** LEVEL  1 WARNING FROM <RTFRDR> *****
      ***** Residue already exists.
      ******************************************
      BOMLEV (  0) IS NOT REACHED. WRNLEV IS  5

          RESI PROA       -1.00
*** WARNING **** residue GUAN already exists (old one deleted)

      ***** LEVEL  1 WARNING FROM <RTFRDR> *****
      ***** Residue already exists.
      ******************************************
      BOMLEV (  0) IS NOT REACHED. WRNLEV IS  5

          RESI GUAN        1.00
*** WARNING **** residue MGUA already exists (old one deleted)

      ***** LEVEL  1 WARNING FROM <RTFRDR> *****
      ***** Residue already exists.
      ******************************************
      BOMLEV (  0) IS NOT REACHED. WRNLEV IS  5

          RESI MGUA        1.00
*** WARNING **** residue GLYN already exists (old one deleted)

      ***** LEVEL  1 WARNING FROM <RTFRDR> *****
      ***** Residue already exists.
      ******************************************
      BOMLEV (  0) IS NOT REACHED. WRNLEV IS  5

          RESI GLYN         0.00
*** WARNING **** residue MAMM already exists (old one deleted)

      ***** LEVEL  1 WARNING FROM <RTFRDR> *****
      ***** Residue already exists.
      ******************************************
      BOMLEV (  0) IS NOT REACHED. WRNLEV IS  5

          RESI MAMM        1.00
*** WARNING **** residue EAMM already exists (old one deleted)

      ***** LEVEL  1 WARNING FROM <RTFRDR> *****
      ***** Residue already exists.
      ******************************************
      BOMLEV (  0) IS NOT REACHED. WRNLEV IS  5

          RESI EAMM        1.00
*** WARNING **** residue ACEH already exists (old one deleted)

      ***** LEVEL  1 WARNING FROM <RTFRDR> *****
      ***** Residue already exists.
      ******************************************
      BOMLEV (  0) IS NOT REACHED. WRNLEV IS  5

          RESI ACEH        0.00
*** WARNING **** residue MEOH already exists (old one deleted)

      ***** LEVEL  1 WARNING FROM <RTFRDR> *****
      ***** Residue already exists.
      ******************************************
      BOMLEV (  0) IS NOT REACHED. WRNLEV IS  5

          RESI MEOH        0.00
*** WARNING **** residue METO already exists (old one deleted)

      ***** LEVEL  1 WARNING FROM <RTFRDR> *****
      ***** Residue already exists.
      ******************************************
      BOMLEV (  0) IS NOT REACHED. WRNLEV IS  5

          RESI METO       -1.00
*** WARNING **** residue ETOH already exists (old one deleted)

      ***** LEVEL  1 WARNING FROM <RTFRDR> *****
      ***** Residue already exists.
      ******************************************
      BOMLEV (  0) IS NOT REACHED. WRNLEV IS  5

          RESI ETOH        0.00
*** WARNING **** residue ETO  already exists (old one deleted)

      ***** LEVEL  1 WARNING FROM <RTFRDR> *****
      ***** Residue already exists.
      ******************************************
      BOMLEV (  0) IS NOT REACHED. WRNLEV IS  5

          RESI ETO        -1.00
*** WARNING **** residue PRO2 already exists (old one deleted)

      ***** LEVEL  1 WARNING FROM <RTFRDR> *****
      ***** Residue already exists.
      ******************************************
      BOMLEV (  0) IS NOT REACHED. WRNLEV IS  5

          RESI PRO2        0.00
*** WARNING **** residue FORM already exists (old one deleted)

      ***** LEVEL  1 WARNING FROM <RTFRDR> *****
      ***** Residue already exists.
      ******************************************
      BOMLEV (  0) IS NOT REACHED. WRNLEV IS  5

          RESI FORM        0.00
*** WARNING **** residue ACEM already exists (old one deleted)

      ***** LEVEL  1 WARNING FROM <RTFRDR> *****
      ***** Residue already exists.
      ******************************************
      BOMLEV (  0) IS NOT REACHED. WRNLEV IS  5

          RESI ACEM        0.00
*** WARNING **** residue NMA  already exists (old one deleted)

      ***** LEVEL  1 WARNING FROM <RTFRDR> *****
      ***** Residue already exists.
      ******************************************
      BOMLEV (  0) IS NOT REACHED. WRNLEV IS  5

          RESI NMA         0.00
*** WARNING **** residue MESH already exists (old one deleted)

      ***** LEVEL  1 WARNING FROM <RTFRDR> *****
      ***** Residue already exists.
      ******************************************
      BOMLEV (  0) IS NOT REACHED. WRNLEV IS  5

          RESI MESH        0.00
*** WARNING **** residue MES1 already exists (old one deleted)

      ***** LEVEL  1 WARNING FROM <RTFRDR> *****
      ***** Residue already exists.
      ******************************************
      BOMLEV (  0) IS NOT REACHED. WRNLEV IS  5

          RESI MES1       -1.00
*** WARNING **** residue ETSH already exists (old one deleted)

      ***** LEVEL  1 WARNING FROM <RTFRDR> *****
      ***** Residue already exists.
      ******************************************
      BOMLEV (  0) IS NOT REACHED. WRNLEV IS  5

          RESI ETSH        0.00
*** WARNING **** residue ES1  already exists (old one deleted)

      ***** LEVEL  1 WARNING FROM <RTFRDR> *****
      ***** Residue already exists.
      ******************************************
      BOMLEV (  0) IS NOT REACHED. WRNLEV IS  5

          RESI ES1        -1.00
*** WARNING **** residue DMDS already exists (old one deleted)

      ***** LEVEL  1 WARNING FROM <RTFRDR> *****
      ***** Residue already exists.
      ******************************************
      BOMLEV (  0) IS NOT REACHED. WRNLEV IS  5

          RESI DMDS        0.00
*** WARNING **** residue DEDS already exists (old one deleted)

      ***** LEVEL  1 WARNING FROM <RTFRDR> *****
      ***** Residue already exists.
      ******************************************
      BOMLEV (  0) IS NOT REACHED. WRNLEV IS  5

          RESI DEDS        0.00
*** WARNING **** residue EMS  already exists (old one deleted)

      ***** LEVEL  1 WARNING FROM <RTFRDR> *****
      ***** Residue already exists.
      ******************************************
      BOMLEV (  0) IS NOT REACHED. WRNLEV IS  5

          RESI EMS         0.00
*** WARNING **** residue IMIA already exists (old one deleted)

      ***** LEVEL  1 WARNING FROM <RTFRDR> *****
      ***** Residue already exists.
      ******************************************
      BOMLEV (  0) IS NOT REACHED. WRNLEV IS  5

          RESI IMIA        0.00
*** WARNING **** residue MIMI already exists (old one deleted)

      ***** LEVEL  1 WARNING FROM <RTFRDR> *****
      ***** Residue already exists.
      ******************************************
      BOMLEV (  0) IS NOT REACHED. WRNLEV IS  5

          RESI MIMI        0.00
*** WARNING **** residue EIMI already exists (old one deleted)

      ***** LEVEL  1 WARNING FROM <RTFRDR> *****
      ***** Residue already exists.
      ******************************************
      BOMLEV (  0) IS NOT REACHED. WRNLEV IS  5

          RESI EIMI        0.00
*** WARNING **** residue IMIM already exists (old one deleted)

      ***** LEVEL  1 WARNING FROM <RTFRDR> *****
      ***** Residue already exists.
      ******************************************
      BOMLEV (  0) IS NOT REACHED. WRNLEV IS  5

          RESI IMIM        1.00
*** WARNING **** residue EIMM already exists (old one deleted)

      ***** LEVEL  1 WARNING FROM <RTFRDR> *****
      ***** Residue already exists.
      ******************************************
      BOMLEV (  0) IS NOT REACHED. WRNLEV IS  5

          RESI EIMM        1.00
*** WARNING **** residue BENZ already exists (old one deleted)

      ***** LEVEL  1 WARNING FROM <RTFRDR> *****
      ***** Residue already exists.
      ******************************************
      BOMLEV (  0) IS NOT REACHED. WRNLEV IS  5

          RESI BENZ        0.00
*** WARNING **** residue EBEN already exists (old one deleted)

      ***** LEVEL  1 WARNING FROM <RTFRDR> *****
      ***** Residue already exists.
      ******************************************
      BOMLEV (  0) IS NOT REACHED. WRNLEV IS  5

          RESI EBEN         0.00
*** WARNING **** residue PHEN already exists (old one deleted)

      ***** LEVEL  1 WARNING FROM <RTFRDR> *****
      ***** Residue already exists.
      ******************************************
      BOMLEV (  0) IS NOT REACHED. WRNLEV IS  5

          RESI PHEN        0.00
*** WARNING **** residue EPHE already exists (old one deleted)

      ***** LEVEL  1 WARNING FROM <RTFRDR> *****
      ***** Residue already exists.
      ******************************************
      BOMLEV (  0) IS NOT REACHED. WRNLEV IS  5

          RESI EPHE        0.00
*** WARNING **** residue PHEO already exists (old one deleted)

      ***** LEVEL  1 WARNING FROM <RTFRDR> *****
      ***** Residue already exists.
      ******************************************
      BOMLEV (  0) IS NOT REACHED. WRNLEV IS  5

          RESI PHEO       -1.00
*** WARNING **** residue INDO already exists (old one deleted)

      ***** LEVEL  1 WARNING FROM <RTFRDR> *****
      ***** Residue already exists.
      ******************************************
      BOMLEV (  0) IS NOT REACHED. WRNLEV IS  5

          RESI INDO        0.00
*** WARNING **** residue EIND already exists (old one deleted)

      ***** LEVEL  1 WARNING FROM <RTFRDR> *****
      ***** Residue already exists.
      ******************************************
      BOMLEV (  0) IS NOT REACHED. WRNLEV IS  5

          RESI EIND        0.00
*** WARNING **** residue PDIP already exists (old one deleted)

      ***** LEVEL  1 WARNING FROM <RTFRDR> *****
      ***** Residue already exists.
      ******************************************
      BOMLEV (  0) IS NOT REACHED. WRNLEV IS  5

          RESI PDIP        0.00
*** WARNING **** residue ETHA already exists (old one deleted)

      ***** LEVEL  1 WARNING FROM <RTFRDR> *****
      ***** Residue already exists.
      ******************************************
      BOMLEV (  0) IS NOT REACHED. WRNLEV IS  5

          RESI ETHA        0.00
*** WARNING **** residue PRPA already exists (old one deleted)

      ***** LEVEL  1 WARNING FROM <RTFRDR> *****
      ***** Residue already exists.
      ******************************************
      BOMLEV (  0) IS NOT REACHED. WRNLEV IS  5

          RESI PRPA        0.00
*** WARNING **** residue IBUT already exists (old one deleted)

      ***** LEVEL  1 WARNING FROM <RTFRDR> *****
      ***** Residue already exists.
      ******************************************
      BOMLEV (  0) IS NOT REACHED. WRNLEV IS  5

          RESI IBUT        0.00
*** WARNING **** residue OCOH already exists (old one deleted)

      ***** LEVEL  1 WARNING FROM <RTFRDR> *****
      ***** Residue already exists.
      ******************************************
      BOMLEV (  0) IS NOT REACHED. WRNLEV IS  5

          RESI OCOH    0.0
*** WARNING **** residue CO3  already exists (old one deleted)

      ***** LEVEL  1 WARNING FROM <RTFRDR> *****
      ***** Residue already exists.
      ******************************************
      BOMLEV (  0) IS NOT REACHED. WRNLEV IS  5

          RESI CO3  -2.0
*** WARNING **** residue C3   already exists (old one deleted)

      ***** LEVEL  1 WARNING FROM <RTFRDR> *****
      ***** Residue already exists.
      ******************************************
      BOMLEV (  0) IS NOT REACHED. WRNLEV IS  5

          RESI C3    0.00
 There were  42 warning(s) from RTFRDR.
  
 CHARMM>     
  
 CHARMM>    read para card flex append

          PARAMETER FILE BEING READ FROM UNIT 98
 RDTITL>  
 RDTITL> No title read.
 PARMIO> NONBOND, HBOND lists and IMAGE atoms cleared.
  
 CHARMM>     
  
 CHARMM>    return
 VCLOSE: Closing unit   98 with status "KEEP"

                    RETURNING TO INPUT STREAM    99
  
 CHARMM>    stream toppar/toppar_all36_prot_modify_res.str
 VOPEN> Attempting to open::toppar/toppar_all36_prot_modify_res.str::
 OPNLGU> Unit 98 opened for READONLY access to toppar/toppar_all36_prot_modify_res.str

                    INPUT STREAM SWITCHING TO UNIT    98
 RDTITL> * TOPPAR FILE FOR VARIOUS MODIFIED RESIDUES AND PATCHES, INCLUDING
 RDTITL> * PATCHES TO COVALENTLY LINK RESIDUES TO IONS TO WORK WITH THE
 RDTITL> * ADDITIVE C36 PROTEIN FORCE FIELD
 RDTITL> * REQUIRES CGENFF PARAMETER FILE
 RDTITL> *
 Parameter: IN1 <- "" <empty>
  
 CHARMM>     
  
 CHARMM>    !Acetyllysine (ALY)
 CHARMM>    !Norleucine (NLE) and
 CHARMM>    ! residues and patches for Zn-protein interactions modeled using
 CHARMM>    ! bond and angles between the protein and Zn.
 CHARMM>     
  
 CHARMM>    !non-standard amino acids: 2021
 CHARMM>    !Croitoru, A., Park, S.-J., Kumar, A., Lee, J., Im, Wonpil; MacKerell,
 CHARMM>    !A.D., Jr., and Aleksandrov, A. Additive CHARMM36 Force Field for
 CHARMM>    !Nonstandard Amino Acids, Journal of Chemical Theory and Computation,
 CHARMM>    !17:3554-3570, doi: 10.1021/acs.jctc.1c00254.
 CHARMM>     
  
 CHARMM>    read rtf card append
 MAINIO> Residue topology file being read from unit  98.
 RDTITL> * TOPPAR FILE PROTEIN MODIFICATIONS
 RDTITL> *
*** WARNING **** residue CGU  already exists (old one deleted)

      ***** LEVEL  1 WARNING FROM <RTFRDR> *****
      ***** Residue already exists.
      ******************************************
      BOMLEV (  0) IS NOT REACHED. WRNLEV IS  5

          RESI CGU              -2.000
*** WARNING **** residue CME  already exists (old one deleted)

      ***** LEVEL  1 WARNING FROM <RTFRDR> *****
      ***** Residue already exists.
      ******************************************
      BOMLEV (  0) IS NOT REACHED. WRNLEV IS  5

          RESI CME               0.000
*** WARNING **** residue HIC  already exists (old one deleted)

      ***** LEVEL  1 WARNING FROM <RTFRDR> *****
      ***** Residue already exists.
      ******************************************
      BOMLEV (  0) IS NOT REACHED. WRNLEV IS  5

          RESI HIC               0.000
*** WARNING **** residue HICP already exists (old one deleted)

      ***** LEVEL  1 WARNING FROM <RTFRDR> *****
      ***** Residue already exists.
      ******************************************
      BOMLEV (  0) IS NOT REACHED. WRNLEV IS  5

          RESI HICP              1.000
*** WARNING **** residue CGUP already exists (old one deleted)

      ***** LEVEL  1 WARNING FROM <RTFRDR> *****
      ***** Residue already exists.
      ******************************************
      BOMLEV (  0) IS NOT REACHED. WRNLEV IS  5

          RESI CGUP             -1.000
 There were   5 warning(s) from RTFRDR.
  
 CHARMM>     
  
 CHARMM>    read para card append flex

          PARAMETER FILE BEING READ FROM UNIT 98
 RDTITL>  
 RDTITL> No title read.
 PARMIO> NONBOND, HBOND lists and IMAGE atoms cleared.
  
 CHARMM>     
  
 CHARMM>    return
 VCLOSE: Closing unit   98 with status "KEEP"

                    RETURNING TO INPUT STREAM    99
  
 CHARMM>     
  
 CHARMM>    ! Additional topologies and parameters for nucleic acids
 CHARMM>    stream toppar/toppar_all36_na_nad_ppi.str
 VOPEN> Attempting to open::toppar/toppar_all36_na_nad_ppi.str::
 OPNLGU> Unit 98 opened for READONLY access to toppar/toppar_all36_na_nad_ppi.str

                    INPUT STREAM SWITCHING TO UNIT    98
 RDTITL> * CHARMM36 ALL-HYDROGEN NUCLEIC ACID FORCE TOPPAR STREAM FILE
 RDTITL> * NAD+, NADH, ADP, ATP, PPI AND RELATED ANALOGS
 RDTITL> * A.D. MACKERELL, JR., JULY 2001
 RDTITL> * STREAM FOLLOWING RTF AND PARAM READ OF
 RDTITL> *
 Parameter: IN1 <- "" <empty>
  
 CHARMM>     
  
 CHARMM>    !Update, 2015/1, nomenclature for NAD+ etc. consistent with PDB
 CHARMM>     
  
 CHARMM>    !Parent files that have to be read prior to streaming this file
 CHARMM>    !top_all36_na.rtf
 CHARMM>    !par_all36_na.prm
 CHARMM>     
  
 CHARMM>    !Testcase
 CHARMM>    !test_all36_na_nad_ppi.inp
 CHARMM>     
  
 CHARMM>    !Reference
 CHARMM>    !Pavelites, J.J., Bash, P.A., Gao, J., and MacKerell, Jr.,
 CHARMM>    !A.D. A Molecular Mechanics Force Field for NAD+, NADH and the
 CHARMM>    !Pyrophosphate Groups of Nucleotides, Journal of Computational
 CHARMM>    !Chemistry, 1997, 18: 221-239.
 CHARMM>     
  
 CHARMM>    read rtf card append
 MAINIO> Residue topology file being read from unit  98.
 RDTITL> * NAD, PPI TOPOLOGY
 RDTITL> *
*** WARNING **** residue NIC  already exists (old one deleted)

      ***** LEVEL  1 WARNING FROM <RTFRDR> *****
      ***** Residue already exists.
      ******************************************
      BOMLEV (  0) IS NOT REACHED. WRNLEV IS  5

          RESI NIC         1.00
*** WARNING **** residue NICH already exists (old one deleted)

      ***** LEVEL  1 WARNING FROM <RTFRDR> *****
      ***** Residue already exists.
      ******************************************
      BOMLEV (  0) IS NOT REACHED. WRNLEV IS  5

          RESI NICH         0.00
*** WARNING **** residue PPI1 already exists (old one deleted)

      ***** LEVEL  1 WARNING FROM <RTFRDR> *****
      ***** Residue already exists.
      ******************************************
      BOMLEV (  0) IS NOT REACHED. WRNLEV IS  5

          RESI PPI1        -3.00
*** WARNING **** residue PPI2 already exists (old one deleted)

      ***** LEVEL  1 WARNING FROM <RTFRDR> *****
      ***** Residue already exists.
      ******************************************
      BOMLEV (  0) IS NOT REACHED. WRNLEV IS  5

          RESI PPI2        -2.00
*** WARNING **** residue AMP  already exists (old one deleted)

      ***** LEVEL  1 WARNING FROM <RTFRDR> *****
      ***** Residue already exists.
      ******************************************
      BOMLEV (  0) IS NOT REACHED. WRNLEV IS  5

          RESI AMP         -2.00
*** WARNING **** residue ADP  already exists (old one deleted)

      ***** LEVEL  1 WARNING FROM <RTFRDR> *****
      ***** Residue already exists.
      ******************************************
      BOMLEV (  0) IS NOT REACHED. WRNLEV IS  5

          RESI ADP         -3.00
*** WARNING **** residue ATP  already exists (old one deleted)

      ***** LEVEL  1 WARNING FROM <RTFRDR> *****
      ***** Residue already exists.
      ******************************************
      BOMLEV (  0) IS NOT REACHED. WRNLEV IS  5

          RESI ATP         -4.00
*** WARNING **** residue 5DP  already exists (old one deleted)

      ***** LEVEL  1 WARNING FROM <RTFRDR> *****
      ***** Residue already exists.
      ******************************************
      BOMLEV (  0) IS NOT REACHED. WRNLEV IS  5

          PRES 5DP         -3.00
*** WARNING **** residue NAD  already exists (old one deleted)

      ***** LEVEL  1 WARNING FROM <RTFRDR> *****
      ***** Residue already exists.
      ******************************************
      BOMLEV (  0) IS NOT REACHED. WRNLEV IS  5

          RESI NAD         -1.00
*** WARNING **** residue NADH already exists (old one deleted)

      ***** LEVEL  1 WARNING FROM <RTFRDR> *****
      ***** Residue already exists.
      ******************************************
      BOMLEV (  0) IS NOT REACHED. WRNLEV IS  5

          RESI NADH        -2.00
*** WARNING **** residue NADP already exists (old one deleted)

      ***** LEVEL  1 WARNING FROM <RTFRDR> *****
      ***** Residue already exists.
      ******************************************
      BOMLEV (  0) IS NOT REACHED. WRNLEV IS  5

          RESI NADP        -2.00
*** WARNING **** residue NDPH already exists (old one deleted)

      ***** LEVEL  1 WARNING FROM <RTFRDR> *****
      ***** Residue already exists.
      ******************************************
      BOMLEV (  0) IS NOT REACHED. WRNLEV IS  5

          RESI NDPH        -3.00
 There were  12 warning(s) from RTFRDR.
  
 CHARMM>     
  
 CHARMM>    read para card flex append

          PARAMETER FILE BEING READ FROM UNIT 98
 RDTITL> * NAD, PPI PARAMETERS
 RDTITL> *
 PARMIO> NONBOND, HBOND lists and IMAGE atoms cleared.
  
 CHARMM>     
  
 CHARMM>     
  
 VCLOSE: Closing unit   98 with status "KEEP"

                    RETURNING TO INPUT STREAM    99
  
 CHARMM>    stream toppar/toppar_all36_na_rna_modified.str
 VOPEN> Attempting to open::toppar/toppar_all36_na_rna_modified.str::
 OPNLGU> Unit 98 opened for READONLY access to toppar/toppar_all36_na_rna_modified.str

                    INPUT STREAM SWITCHING TO UNIT    98
 RDTITL> * ADDITIVE CHARMM FORCE FIELD FOR MODIFIED RIBONUCLEIC ACIDS, INCLUDING
 RDTITL> * THOSE FOUNDS IN TRNA. YOU XU, KAROLINSKA INSTITUTET, 2015.
 RDTITL> * |
 RDTITL> * WARNING: PARAMETERS AND ATOM TYPE ASSIGNMENTS IN THIS FILE ARE SPECIFIC
 RDTITL> * FOR THESE COMPOUNDS AND SHOULD UNDER NO CIRCUMSTANCES BE APPLIED TO
 RDTITL> * OTHER ORGANIC MOLECULES
 RDTITL> *
 Parameter: IN1 <- "" <empty>
  
 CHARMM>     
  
 CHARMM>    ! Xu, Y., Vanommeslaeghe, K., Aleksandrov, A., MacKerell, A.D.,
 CHARMM>    ! Jr. Nilsson, L., “Additive CHARMM force field for naturally
 CHARMM>    ! occurring modified ribonucleotides,” Journal of Computational
 CHARMM>    !  Chemistry, DOI: 10.1002/jcc.24307, 2016
 CHARMM>     
  
 CHARMM>    ! Should be used with parent files CGenFF: top_all36_cgenff.inp and par_all36_cgenff.inp
 CHARMM>    !                                    NA36: top_all36_na.inp and par_all36_na.inp
 CHARMM>    !                              and Carb36: top_all36_carb.inp and par_all36_carb.inp
 CHARMM>    !
 CHARMM>     
  
 CHARMM>    read rtf card append
 MAINIO> Residue topology file being read from unit  98.
 RDTITL> * TOPOLOGIES OF MODIFIED NUCLEOTIDES
 RDTITL> *
*** WARNING **** residue BUG  already exists (old one deleted)

      ***** LEVEL  1 WARNING FROM <RTFRDR> *****
      ***** Residue already exists.
      ******************************************
      BOMLEV (  0) IS NOT REACHED. WRNLEV IS  5

          RESI BUG           -1.00
 There were   1 warning(s) from RTFRDR.
  
 CHARMM>     
  
 CHARMM>    read param card flex append

          PARAMETER FILE BEING READ FROM UNIT 98
 RDTITL> * ADDITIVE CHARMM PARAMETERS FOR MODIFIED NUCLEIC ACIDS, BETA VERSION
 RDTITL> * YOU XU, KAROLINSKA INSTITUTET, 2015.
 RDTITL> *
 PARMIO> NONBOND, HBOND lists and IMAGE atoms cleared.
  
 CHARMM>    RETURN
 VCLOSE: Closing unit   98 with status "KEEP"

                    RETURNING TO INPUT STREAM    99
  
 CHARMM>     
  
 CHARMM>    ! Additional topologies and parameters for lipids
 CHARMM>    stream toppar/toppar_all36_lipid_sphingo.str
 VOPEN> Attempting to open::toppar/toppar_all36_lipid_sphingo.str::
 OPNLGU> Unit 98 opened for READONLY access to toppar/toppar_all36_lipid_sphingo.str

                    INPUT STREAM SWITCHING TO UNIT    98
 RDTITL> * TOPPAR STREAM FOR CERAMIDES AND SPINGOMYELINS; REQUIRES FLEX FORMAT FILES
 RDTITL> * TOP_ALL36_LIPID.RTF AND PAR_ALL36_LIPID.PRM
 RDTITL> *
 Parameter: IN1 <- "" <empty>
  
 CHARMM>     
  
 CHARMM>    ! REFERENCES
 CHARMM>    !
 CHARMM>    ! PSM and SSM Lipids
 CHARMM>    !
 CHARMM>    ! Venable, R. M.; Sodt, A. J.; Rogaski, B.; Rui, H.; Hatcher, E.; MacKerell, A. D.;
 CHARMM>    ! Pastor, R. W.; Klauda, J. B., CHARMM All-Atom Additive Force Field for Sphingomyelin:
 CHARMM>    ! Elucidation of Hydrogen Bonding and of Positive Curvature. Biophys. J. 2014, 107 (1), 134-145
 CHARMM>    !
 CHARMM>    ! Ceramide
 CHARMM>    !
 CHARMM>    ! Submited by Sam Tonddast-Navaei of U. Cincinnati. Advised by Russell Devane
 CHARMM>    ! Tested by Eric Wang of U. Maryland. Advised by Jeffery Klauda
 CHARMM>    !
 CHARMM>    !
 CHARMM>    ! CerAP/Cer6, CerNP/Cer3, and CerEOS/Cer1
 CHARMM>    !
 CHARMM>    ! Wang, E.; Klauda, J. B., Structure and Permeability of Ceramide Bilayers and Multilayers.
 CHARMM>    ! J. Phys. Chem. B., 2019, 123, 11, 2525-2535
 CHARMM>    ! Wang, E.; Klauda, J. B., Molecular Structure of the Long Periodicity Phase in the Stratum Corneum.
 CHARMM>    ! J. Amer. Chem. Soc., 2019. 141, 42, 16930-16943
 CHARMM>     
  
 CHARMM>    set nat ?NATC
 RDCMND substituted energy or value "?NATC" to "587"
 Parameter: NAT <- "587"
  
 CHARMM>    set app
 Parameter: APP <- "" <empty>
  
 CHARMM>    !We're exploiting what is arguably a bug in the parser. On the left hand side,
 CHARMM>    !the quotes have proirity, so NAT is correctly substituted. On the right hand
 CHARMM>    !side, the ? has priority and NATC" (sic) is not a valid substitution...
 CHARMM>    if "@NAT" ne "?NATC" if @nat ne 0 set app append
 Parameter: NAT -> "587"
 Parameter: NAT -> "587"
 RDCMND: can not substitute energy "?NATC""
 Comparing ""587"" and ""?NATC"".
 IF test evaluated as true.  Performing command
 Comparing "587" and "0".
 IF test evaluated as true.  Performing command
 Parameter: APP <- "APPEND"
  
 CHARMM>     
  
 CHARMM>    read rtf card @app
 Parameter: APP -> "APPEND"
 MAINIO> Residue topology file being read from unit  98.
 RDTITL> * CER/SM RESIDUES
 RDTITL> *
  
 CHARMM>     
  
 CHARMM>    read para card flex @app
 Parameter: APP -> "APPEND"

          PARAMETER FILE BEING READ FROM UNIT 98
 RDTITL> * NEW PARAMETERS
 RDTITL> *
 PARRDR> Error: Repeated DIHE parameter ( 35897): NHL   C     CTO1  HAL1 is replaced
 PARRDR> Error: Repeated DIHE parameter ( 35918): O     C     CTO1  HAL1 is replaced
 PARMIO> NONBOND, HBOND lists and IMAGE atoms cleared.
  
 CHARMM>     
  
 CHARMM>    return
 VCLOSE: Closing unit   98 with status "KEEP"

                    RETURNING TO INPUT STREAM    99
  
 CHARMM>    stream toppar/toppar_all36_lipid_archaeal.str
 VOPEN> Attempting to open::toppar/toppar_all36_lipid_archaeal.str::
 OPNLGU> Unit 98 opened for READONLY access to toppar/toppar_all36_lipid_archaeal.str

                    INPUT STREAM SWITCHING TO UNIT    98
 RDTITL> * TOPPAR STREAM FILE FOR ARCHAEAL LIPIDS.
 RDTITL> *
 Parameter: IN1 <- "" <empty>
  
 CHARMM>     
  
 CHARMM>    ! This is an on-going file of archaeal lipids
 CHARMM>    ! I am adding meanquinone-7 now
 CHARMM>     
  
 CHARMM>    read rtf card append
 MAINIO> Residue topology file being read from unit  98.
 RDTITL> * ARCHAEAL LIPIDS
 RDTITL> *
  
 CHARMM>     
  
 CHARMM>    read param card flex append

          PARAMETER FILE BEING READ FROM UNIT 98
 RDTITL> * PARAMETERS GENERATED BY ANALOGY BY CGENFF
 RDTITL> *
 PARRDR> Error: Repeated ANGLE parameter (  2127): CG2D  CG2O  CG2R is replaced
 PARRDR> Error: Repeated ANGLE parameter (  3250): CG2R  CG2R  CG2R is replaced
 PARRDR> Error: Repeated DIHE parameter (  8556): CG2D  CG2O  CG2R  CG2R is replaced
 PARRDR> Error: Repeated DIHE parameter ( 13933): CG2R  CG2R  CG2R  CG2R is replaced
 PARRDR> Error: Repeated DIHE parameter ( 13843): OG30  CG2R  CG2R  OG31 is replaced
 PARRDR> Error: Repeated DIHE parameter ( 13842): OG30  CG2R  CG2R  OG30 is replaced
 PARRDR> Error: Repeated IMPH parameter (   325): CG2O  CG2D  CG2R  OG2D is replaced
 PARMIO> NONBOND, HBOND lists and IMAGE atoms cleared.
  
 CHARMM>     
  
 CHARMM>    RETURN
 VCLOSE: Closing unit   98 with status "KEEP"

                    RETURNING TO INPUT STREAM    99
  
 CHARMM>    stream toppar/toppar_all36_lipid_bacterial.str
 VOPEN> Attempting to open::toppar/toppar_all36_lipid_bacterial.str::
 OPNLGU> Unit 98 opened for READONLY access to toppar/toppar_all36_lipid_bacterial.str

                    INPUT STREAM SWITCHING TO UNIT    98
 RDTITL> * TOPPAR STREAM FILE FOR BRANCHED AND CYCLIC CHAINED LIPIDS.  FOLLOWING READING OF
 RDTITL> * TOP_ALL36_LIPID.RTF
 RDTITL> * AND
 RDTITL> * PAR_ALL36_LIPID.RTF
 RDTITL> *
 Parameter: IN1 <- "" <empty>
  
 CHARMM>     
  
 CHARMM>    ! REFERENCES
 CHARMM>    !
 CHARMM>    ! Branched Lipids
 CHARMM>    !
 CHARMM>    ! Lim, J.B. & Klauda, J.B. Branching at the Iso- and Anteiso- Positions in Complex Chlamydia
 CHARMM>    ! Membranes: A Molecular Dynamics Study. Biochimica et Biophysica Acta (BBA) - Biomembranes
 CHARMM>    ! 1808:323-331 (2011).
 CHARMM>    !
 CHARMM>    ! Cyclic-replacement of double bond
 CHARMM>    !
 CHARMM>    ! Pandit, K.R. & Klauda, J.B. Membrane models of E. coli containing cyclic moieties in
 CHARMM>    ! the aliphatic lipid chain. Biochimica et Biophysica Acta (BBA) - Biomembranes
 CHARMM>    ! 1818:1205-1210 (2012).
 CHARMM>    !
 CHARMM>     
  
 CHARMM>    set nat ?NATC
 RDCMND substituted energy or value "?NATC" to "592"
 Parameter: NAT <- "592"
  
 CHARMM>    set app
 Parameter: APP <- "" <empty>
  
 CHARMM>    !We're exploiting what is arguably a bug in the parser. On the left hand side,
 CHARMM>    !the quotes have proirity, so NAT is correctly substituted. On the right hand
 CHARMM>    !side, the ? has priority and NATC" (sic) is not a valid substitution...
 CHARMM>    if "@NAT" ne "?NATC" if @nat ne 0 set app append
 Parameter: NAT -> "592"
 Parameter: NAT -> "592"
 RDCMND: can not substitute energy "?NATC""
 Comparing ""592"" and ""?NATC"".
 IF test evaluated as true.  Performing command
 Comparing "592" and "0".
 IF test evaluated as true.  Performing command
 Parameter: APP <- "APPEND"
  
 CHARMM>     
  
 CHARMM>    read rtf card @app
 Parameter: APP -> "APPEND"
 MAINIO> Residue topology file being read from unit  98.
 RDTITL> * CHOLESTEROL RESIDUES
 RDTITL> *
  
 CHARMM>     
  
 CHARMM>    read para card flex @app
 Parameter: APP -> "APPEND"

          PARAMETER FILE BEING READ FROM UNIT 98
 RDTITL> * NEW PARAMETERS
 RDTITL> *
 PARMIO> NONBOND, HBOND lists and IMAGE atoms cleared.
  
 CHARMM>     
  
 CHARMM>    return
 VCLOSE: Closing unit   98 with status "KEEP"

                    RETURNING TO INPUT STREAM    99
  
 CHARMM>    stream toppar/toppar_all36_lipid_cardiolipin.str
 VOPEN> Attempting to open::toppar/toppar_all36_lipid_cardiolipin.str::
 OPNLGU> Unit 98 opened for READONLY access to toppar/toppar_all36_lipid_cardiolipin.str

                    INPUT STREAM SWITCHING TO UNIT    98
 RDTITL> READ RTF CARD APPEND FLEX
 RDTITL> No title read.
 Parameter: IN1 <- "" <empty>
  
 CHARMM>    read rtf card append flex
 MAINIO> Residue topology file being read from unit  98.
 RDTITL>  
 RDTITL> No title read.
 WARNING from DECODI -- Zero length string being converted to 0
 RTFRDR> WARNING: Version number is NOT specified.
  
 CHARMM>     
  
 CHARMM>    return
 VCLOSE: Closing unit   98 with status "KEEP"

                    RETURNING TO INPUT STREAM    99
  
 CHARMM>    stream toppar/toppar_all36_lipid_cholesterol.str
 VOPEN> Attempting to open::toppar/toppar_all36_lipid_cholesterol.str::
 OPNLGU> Unit 98 opened for READONLY access to toppar/toppar_all36_lipid_cholesterol.str

                    INPUT STREAM SWITCHING TO UNIT    98
 RDTITL> * TOPPAR STREAM FILE FOR CHOLESTEROL.  STREAM FOLLOWING READING OF
 RDTITL> * TOP_ALL36_LIPID.RTF
 RDTITL> * PAR_ALL36_LIPID.RTF
 RDTITL> * TOP_ALL36_CGENFF.RTF
 RDTITL> * AND PAR_ALL36_CGENFF.PRM
 RDTITL> *
 Parameter: IN1 <- "" <empty>
  
 CHARMM>     
  
 CHARMM>    !topology and parameters are included for two cholesterol models. the
 CHARMM>    !model may be selected by setting variable chol_model to 1 or 2, as
 CHARMM>    !specified below
 CHARMM>    !
 CHARMM>     
  
 CHARMM>    set chol_model 1 !2 for original Suits et al. model
 Parameter: CHOL_MODEL <- "1"
  
 CHARMM>     
  
 CHARMM>    !
 CHARMM>    !1) Revised model of Lim et al.  This contains a number of NBFIXes that
 CHARMM>    !makes it unsuitable for ANTON (set chol_model 1)
 CHARMM>    !
 CHARMM>    !2) Original model of Suits et al., which is used on ANTON as well as
 CHARMM>    !being suitable for other systems (set chol_model 2 (or anything but 1....))
 CHARMM>    !
 CHARMM>    !references
 CHARMM>    !
 CHARMM>    !Lim, J.B., Rogaski, B. and Klauda, J.B.. "Update of the Cholesterol Force Field
 CHARMM>    !Parameters in CHARMM" 116: 203-210 (2012).
 CHARMM>    !
 CHARMM>    !Suits, F., Pitman, M., MacKerell, A.D., Jr., Feller, S.E. "Molecular Level
 CHARMM>    !Organization of Saturated and Polyunsaturated Fatty Acids in a
 CHARMM>    !Phosphatidylcholine Bilayer Containing Cholesterol" Biochemistry,
 CHARMM>    !43(49):15318-28, 2004
 CHARMM>    !
 CHARMM>     
  
 CHARMM>    !test "append"
 CHARMM>    set nat ?NATC
 RDCMND substituted energy or value "?NATC" to "592"
 Parameter: NAT <- "592"
  
 CHARMM>    set app
 Parameter: APP <- "" <empty>
  
 CHARMM>    !We're exploiting what is arguably a bug in the parser. On the left hand side,
 CHARMM>    !the quotes have priority, so NAT is correctly substituted. On the right hand
 CHARMM>    !side, the ? has priority and NATC" (sic) is not a valid substitution...
 CHARMM>    if "@NAT" ne "?NATC" if @nat ne 0 set app append
 Parameter: NAT -> "592"
 Parameter: NAT -> "592"
 RDCMND: can not substitute energy "?NATC""
 Comparing ""592"" and ""?NATC"".
 IF test evaluated as true.  Performing command
 Comparing "592" and "0".
 IF test evaluated as true.  Performing command
 Parameter: APP <- "APPEND"
  
 CHARMM>     
  
 CHARMM>    if chol_model eq 1 then
 Comparing "1" and "1".
 IF test evaluated as true.  Performing command
  
 CHARMM>     
  
 CHARMM>    ! reference
 CHARMM>    ! Lim, J.B., Rogaski, B. and Klauda, J.B.. "Update of the Cholesterol Force Field
 CHARMM>    ! Parameters in CHARMM" 116: 203-210 (2012).
 CHARMM>    !
 CHARMM>     
  
 CHARMM>    read rtf card @app
 Parameter: APP -> "APPEND"
 MAINIO> Residue topology file being read from unit  98.
 RDTITL> * TOPOLOGY FOR CHOLESTEROL
 RDTITL> *
  
 CHARMM>     
  
 CHARMM>    read param card flex @app
 Parameter: APP -> "APPEND"

          PARAMETER FILE BEING READ FROM UNIT 98
 RDTITL> * CHOLESTEROL PARAMETERS
 RDTITL> *
 PARRDR> Error: Repeated BOND parameter (  1169): CG30  CG30 is replaced
 PARRDR> Error: Repeated BOND parameter (  1180): CG30  CG3C is replaced
 PARRDR> Error: Repeated ANGLE parameter (  3766): CG30  CG30  CG32 is replaced
 PARRDR> Error: Repeated ANGLE parameter (  3767): CG30  CG30  CG33 is replaced
 PARRDR> Error: Repeated ANGLE parameter (  4079): CG30  CG31  CG30 is replaced
 PARRDR> Error: Repeated ANGLE parameter (  5634): CG30  CG3C  CG3C is replaced
 PARRDR> Error: Repeated ANGLE parameter (  5637): CG30  CG3C  HGA1 is replaced
 PARRDR> Error: Repeated ANGLE parameter (  6204): CG33  CG3R  CG3C is replaced
 PARRDR> Error: Repeated ANGLE parameter (  3829): CG33  CG30  CG3C is replaced
 PARRDR> Error: Repeated DIHE parameter ( 18175): CG32  CG30  CG30  CG32 is replaced
 PARRDR> Error: Repeated DIHE parameter ( 18178): CG33  CG30  CG30  CG33 is replaced
 PARRDR> Error: Repeated DIHE parameter ( 18221): CG32  CG30  CG31  CG30 is replaced
 PARRDR> Error: Repeated DIHE parameter ( 18246): CG33  CG30  CG31  CG30 is replaced
 PARRDR> Error: Repeated DIHE parameter ( 18404): CG30  CG30  CG32  CG32 is replaced
 PARRDR> Error: Repeated DIHE parameter ( 18405): CG30  CG30  CG32  HGA2 is replaced
 PARRDR> Error: Repeated DIHE parameter ( 18659): CG30  CG30  CG33  HGA3 is replaced
 PARRDR> Error: Repeated DIHE parameter ( 18668): CG3C  CG30  CG33  HGA3 is replaced
 PARRDR> Error: Repeated DIHE parameter ( 18716): CG33  CG30  CG3C  CG3C is replaced
 PARRDR> Error: Repeated DIHE parameter ( 18717): CG33  CG30  CG3C  CG3C is replaced
 PARRDR> Error: Repeated DIHE parameter ( 18718): CG33  CG30  CG3C  CG3C is replaced
 PARRDR> Error: Repeated DIHE parameter ( 18716): CG33  CG30  CG3C  CG3C is replaced
 PARRDR> Error: Repeated DIHE parameter ( 18717): CG33  CG30  CG3C  CG3C is replaced
 PARRDR> Error: Repeated DIHE parameter ( 18718): CG33  CG30  CG3C  CG3C is replaced
 PARRDR> Error: Repeated DIHE parameter ( 18716): CG33  CG30  CG3C  CG3C is replaced
 PARRDR> Error: Repeated DIHE parameter ( 18717): CG33  CG30  CG3C  CG3C is replaced
 PARRDR> Error: Repeated DIHE parameter ( 18718): CG33  CG30  CG3C  CG3C is replaced
 PARRDR> Error: Repeated DIHE parameter ( 18721): CG33  CG30  CG3C  HGA1 is replaced
 PARRDR> Error: Repeated DIHE parameter ( 36241): OG31  CG30  CG3C  CG3C is replaced
 PARRDR> Error: Repeated DIHE parameter ( 36242): OG31  CG30  CG3C  CG3R is replaced
 PARRDR> Error: Repeated DIHE parameter ( 36243): OG31  CG30  CG3C  HGA1 is replaced
 PARRDR> Error: Repeated DIHE parameter ( 36241): OG31  CG30  CG3C  CG3C is replaced
 PARRDR> Error: Repeated DIHE parameter ( 36242): OG31  CG30  CG3C  CG3R is replaced
 PARRDR> Error: Repeated DIHE parameter ( 36243): OG31  CG30  CG3C  HGA1 is replaced
 PARRDR> Error: Repeated DIHE parameter ( 22611): CG30  CG32  CG32  CG3R is replaced
 PARRDR> Error: Repeated DIHE parameter ( 25714): HGA3  CG33  CG3R  CG3C is replaced
 PARRDR> Error: Repeated DIHE parameter ( 27940): CG30  CG3C  CG3C  CG3C is replaced
 PARRDR> Error: Repeated DIHE parameter ( 27941): CG30  CG3C  CG3C  HGA2 is replaced
 PARRDR> Error: Repeated DIHE parameter ( 29312): CG3C  CG3C  CG3R  CG33 is replaced
 PARRDR> Error: Repeated DIHE parameter ( 29450): HGA2  CG3C  CG3R  CG33 is replaced
 PARMIO> NONBOND, HBOND lists and IMAGE atoms cleared.
  
 CHARMM>     
  
 CHARMM>    return
 VCLOSE: Closing unit   98 with status "KEEP"

                    RETURNING TO INPUT STREAM    99
  
 CHARMM>    stream toppar/toppar_all36_lipid_dag.str
 VOPEN> Attempting to open::toppar/toppar_all36_lipid_dag.str::
 OPNLGU> Unit 98 opened for READONLY access to toppar/toppar_all36_lipid_dag.str

                    INPUT STREAM SWITCHING TO UNIT    98
 RDTITL> READ RTF CARD APPEND
 RDTITL> No title read.
 Parameter: IN1 <- "" <empty>
  
 CHARMM>    read rtf card append
 MAINIO> Residue topology file being read from unit  98.
 RDTITL> * TOPOLOGY FOR LIPIDA FROM DAG
 RDTITL> *
  
 VCLOSE: Closing unit   98 with status "KEEP"

                    RETURNING TO INPUT STREAM    99
  
 CHARMM>    stream toppar/toppar_all36_lipid_inositol.str
 VOPEN> Attempting to open::toppar/toppar_all36_lipid_inositol.str::
 OPNLGU> Unit 98 opened for READONLY access to toppar/toppar_all36_lipid_inositol.str

                    INPUT STREAM SWITCHING TO UNIT    98
 RDTITL> READ RTF CARD APPEND
 RDTITL> No title read.
 Parameter: IN1 <- "" <empty>
  
 CHARMM>    read rtf card append
 MAINIO> Residue topology file being read from unit  98.
 RDTITL> * TOPOLOGY FOR INOSITOL-BASED LIPIDS
 RDTITL> *
  
 CHARMM>     
  
 CHARMM>    RETURN
 VCLOSE: Closing unit   98 with status "KEEP"

                    RETURNING TO INPUT STREAM    99
  
 CHARMM>    stream toppar/toppar_all36_lipid_lnp.str
 VOPEN> Attempting to open::toppar/toppar_all36_lipid_lnp.str::
 OPNLGU> Unit 98 opened for READONLY access to toppar/toppar_all36_lipid_lnp.str

                    INPUT STREAM SWITCHING TO UNIT    98
 RDTITL> READ RTF CARD APPEND
 RDTITL> No title read.
 Parameter: IN1 <- "" <empty>
  
 CHARMM>    read rtf card append
 MAINIO> Residue topology file being read from unit  98.
 RDTITL> * LNP
 RDTITL> *

      ***** LEVEL  1 WARNING FROM <DECODF> *****
      ***** Zero length string
      ******************************************
      BOMLEV (  0) IS NOT REACHED. WRNLEV IS  5

 WARNING from DECODF -- Zero length string being converted to 0.
 **** WARNING from RTFRDR **** The total charge of the residue, DAGP,  -0.0100000,
 does not equal the expected charge,   0.0000000.

      ***** LEVEL  1 WARNING FROM <DECODF> *****
      ***** Zero length string
      ******************************************
      BOMLEV (  0) IS NOT REACHED. WRNLEV IS  5

 WARNING from DECODF -- Zero length string being converted to 0.
          PRES DPEPEG
 **** WARNING from RTFRDR **** The total charge of the residue, DPEP,  -0.0100000,
 does not equal the expected charge,   0.0000000.
 There were   2 warning(s) from RTFRDR.
  
 CHARMM>     
  
 CHARMM>    read param card flex append

          PARAMETER FILE BEING READ FROM UNIT 98
 RDTITL> * LNP
 RDTITL> *
 PARRDR> Error: Repeated BOND parameter (  1479): CG3C  OG3C is replaced
 PARRDR> Error: Repeated BOND parameter (  1346): CG32  CG3C is replaced
 PARRDR> Error: Repeated ANGLE parameter (  4188): CG32  CG31  OG30 is replaced
 PARRDR> Error: Repeated ANGLE parameter (  5033): CG3C  CG32  HGA2 is replaced
 PARRDR> Error: Repeated ANGLE parameter (  5665): CG32  CG3C  HGA1 is replaced
 PARRDR> Error: Repeated ANGLE parameter (  5663): CG32  CG3C  CG3C is replaced
 PARRDR> Error: Repeated ANGLE parameter (  5528): OG3C  CG3C  OG3C is replaced
 PARRDR> Error: Repeated ANGLE parameter (  7610): CG3C  OG3C  CG3C is replaced
 PARRDR> Error: Repeated ANGLE parameter (  7611): CG3C  OG3C  CG3C is replaced
 PARRDR> Error: Repeated ANGLE parameter (  4742): CG32  CG32  CG3C is replaced
 PARRDR> Error: Repeated DIHE parameter ( 20079): OG30  CG31  CG32  NG30 is replaced
 PARRDR> Error: Repeated DIHE parameter ( 20080): OG30  CG31  CG32  NG30 is replaced
 PARRDR> Error: Repeated DIHE parameter ( 19874): CG32  CG31  CG32  NG30 is replaced
 PARRDR> Error: Repeated DIHE parameter ( 19906): CG32  CG31  CG32  OG30 is replaced
 PARRDR> Error: Repeated DIHE parameter ( 19907): CG32  CG31  CG32  OG30 is replaced
 PARRDR> Error: Repeated DIHE parameter ( 20381): HGA2  CG32  CG31  OG30 is replaced
 PARRDR> Error: Repeated DIHE parameter ( 27974): CG32  CG3C  CG3C  HGA2 is replaced
 PARRDR> Error: Repeated DIHE parameter ( 25258): HGA2  CG32  CG3C  HGA1 is replaced
 PARRDR> Error: Repeated DIHE parameter ( 25256): HGA2  CG32  CG3C  CG3C is replaced
 PARRDR> Error: Repeated DIHE parameter ( 23336): CG32  CG32  CG3C  HGA1 is replaced
 PARRDR> Error: Repeated DIHE parameter ( 23335): CG32  CG32  CG3C  CG3C is replaced
 PARRDR> Error: Repeated DIHE parameter ( 22787): CG3C  CG32  CG32  HGA2 is replaced
 PARRDR> Error: Repeated DIHE parameter ( 27968): CG32  CG3C  CG3C  OG3C is replaced
 PARRDR> Error: Repeated DIHE parameter ( 27969): CG32  CG3C  CG3C  OG3C is replaced
 PARRDR> Error: Repeated DIHE parameter ( 28163): OG3C  CG3C  CG3C  OG3C is replaced
 PARRDR> Error: Repeated DIHE parameter ( 27635): OG3C  CG3C  OG3C  CG3C is replaced
 PARRDR> Error: Repeated DIHE parameter ( 27636): OG3C  CG3C  OG3C  CG3C is replaced
 PARRDR> Error: Repeated DIHE parameter ( 27637): OG3C  CG3C  OG3C  CG3C is replaced
 PARRDR> Error: Repeated DIHE parameter ( 27638): OG3C  CG3C  OG3C  CG3C is replaced
 PARRDR> Error: Repeated DIHE parameter ( 28943): HGA1  CG3C  OG3C  CG3C is replaced
 PARRDR> Error: Repeated DIHE parameter ( 28905): CG3C  CG3C  OG3C  CG3C is replaced
 PARRDR> Error: Repeated DIHE parameter ( 29810): HGA2  CG3C  OG3C  CG3C is replaced
 PARMIO> NONBOND, HBOND lists and IMAGE atoms cleared.
  
 CHARMM>     
  
 CHARMM>    RETURN
 VCLOSE: Closing unit   98 with status "KEEP"

                    RETURNING TO INPUT STREAM    99
  
 CHARMM>    stream toppar/toppar_all36_lipid_lps.str
 VOPEN> Attempting to open::toppar/toppar_all36_lipid_lps.str::
 OPNLGU> Unit 98 opened for READONLY access to toppar/toppar_all36_lipid_lps.str

                    INPUT STREAM SWITCHING TO UNIT    98
 RDTITL> READ RTF CARD APPEND
 RDTITL> No title read.
 Parameter: IN1 <- "" <empty>
  
 CHARMM>    read rtf card append
 MAINIO> Residue topology file being read from unit  98.
 RDTITL> * TOPOLOGY FOR LIPIDA FROM LPS
 RDTITL> *
 WARNING from DECODI -- Zero length string being converted to 0
 RTFRDR> WARNING: Version number is NOT specified.
  
 CHARMM>     
  
 CHARMM>     
  
 CHARMM>    read param card append flex

          PARAMETER FILE BEING READ FROM UNIT 98
 RDTITL> *    NEW PARAMETES
 RDTITL> *
 PARMIO> NONBOND, HBOND lists and IMAGE atoms cleared.
  
 CHARMM>     
  
 VCLOSE: Closing unit   98 with status "KEEP"

                    RETURNING TO INPUT STREAM    99
  
 CHARMM>    stream toppar/toppar_all36_lipid_mycobacterial.str
 VOPEN> Attempting to open::toppar/toppar_all36_lipid_mycobacterial.str::
 OPNLGU> Unit 98 opened for READONLY access to toppar/toppar_all36_lipid_mycobacterial.str

                    INPUT STREAM SWITCHING TO UNIT    98
 RDTITL> * TOPPAR STREAM FILE FOR BRANCHED AND CYCLIC CHAINED LIPIDS.  FOLLOWING READING OF
 RDTITL> * TOP_ALL36_LIPID.RTF, PAR_ALL36_LIPID.PRM
 RDTITL> * AND
 RDTITL> * TOPPAR_ALL36_LIPID_BACTERIAL.STR
 RDTITL> *
 Parameter: IN1 <- "" <empty>
  
 CHARMM>     
  
 CHARMM>    read rtf card append
 MAINIO> Residue topology file being read from unit  98.
 RDTITL> * CHOLESTEROL RESIDUES
 RDTITL> *
 **** WARNING from RTFRDR **** The total charge of the residue, AGPA,   0.0200000,
 does not equal the expected charge,  -0.0700000.
          RESI DALO               0.000
 **** WARNING from RTFRDR **** The total charge of the residue, PGL2,  -0.4600000,
 does not equal the expected charge,   0.0000000.
          PRES PGL3           0.00
*** WARNING **** residue PHEN already exists (old one deleted)

      ***** LEVEL  1 WARNING FROM <RTFRDR> *****
      ***** Residue already exists.
      ******************************************
      BOMLEV (  0) IS NOT REACHED. WRNLEV IS  5

          RESI PHEN          0.00
*** WARNING **** residue AGLC already exists (old one deleted)

      ***** LEVEL  1 WARNING FROM <RTFRDR> *****
      ***** Residue already exists.
      ******************************************
      BOMLEV (  0) IS NOT REACHED. WRNLEV IS  5

          RESI AGLC           0.000
 There were   4 warning(s) from RTFRDR.
  
 CHARMM>     
  
 CHARMM>    read para card flex @app
 Parameter: APP -> "APPEND"

          PARAMETER FILE BEING READ FROM UNIT 98
 RDTITL> * NEW PARAMETERS
 RDTITL> *
 PARRDR> Error: Repeated ANGLE parameter (  9221): CEL1  CEL1  CTL1 is replaced
 PARRDR> Error: Repeated DIHE parameter ( 36464): CTL2  CG2O  CTL1  CTL3 is replaced
 PARRDR> Error: Repeated DIHE parameter ( 36465): CTL2  CG2O  CTL1  CTL3 is replaced
 PARRDR> Error: Repeated DIHE parameter ( 36464): CTL2  CG2O  CTL1  CTL3 is replaced
 PARRDR> Error: Repeated DIHE parameter ( 36465): CTL2  CG2O  CTL1  CTL3 is replaced
 PARMIO> NONBOND, HBOND lists and IMAGE atoms cleared.
  
 CHARMM>     
  
 CHARMM>    RETURN
 VCLOSE: Closing unit   98 with status "KEEP"

                    RETURNING TO INPUT STREAM    99
  
 CHARMM>    stream toppar/toppar_all36_lipid_miscellaneous.str
 VOPEN> Attempting to open::toppar/toppar_all36_lipid_miscellaneous.str::
 OPNLGU> Unit 98 opened for READONLY access to toppar/toppar_all36_lipid_miscellaneous.str

                    INPUT STREAM SWITCHING TO UNIT    98
 RDTITL> READ RTF CARD APPEND FLEX
 RDTITL> No title read.
 Parameter: IN1 <- "" <empty>
  
 CHARMM>    read rtf card append flex
 MAINIO> Residue topology file being read from unit  98.
 RDTITL> * TOPOLOGY FOR MISCELLANEOUS LIPIDS
 RDTITL> *
  
 CHARMM>     
  
 CHARMM>    read param card flex append

          PARAMETER FILE BEING READ FROM UNIT 98
 RDTITL> * PARAMETER FOR ACYL PYROPHOSPHATE: ADDED 2019_7
 RDTITL> *
 PARMIO> NONBOND, HBOND lists and IMAGE atoms cleared.
  
 CHARMM>     
  
 CHARMM>    return
 VCLOSE: Closing unit   98 with status "KEEP"

                    RETURNING TO INPUT STREAM    99
  
 CHARMM>    stream toppar/toppar_all36_lipid_model.str
 VOPEN> Attempting to open::toppar/toppar_all36_lipid_model.str::
 OPNLGU> Unit 98 opened for READONLY access to toppar/toppar_all36_lipid_model.str

                    INPUT STREAM SWITCHING TO UNIT    98
 RDTITL> * CHARMM36 ALL-HYDROGEN LIPID FORCE FIELD TOPPAR STREAM FILE
 RDTITL> * COLLECTION OF RESIDUES AND PATCHES FOR MODEL COMPOUNDS USED
 RDTITL> * IN THE OPTIMIZATION THE LIPID FORCE FIELD.
 RDTITL> *
 Parameter: IN1 <- "" <empty>
  
 CHARMM>     
  
 CHARMM>    !Parent files that have to be read prior to streaming this file
 CHARMM>    !top_all36_lipid.rtf
 CHARMM>    !par_all36_lipid.prm
 CHARMM>     
  
 CHARMM>    !Testcase
 CHARMM>    !test_all36_lipid_model.inp
 CHARMM>     
  
 CHARMM>    read rtf card append
 MAINIO> Residue topology file being read from unit  98.
 RDTITL> * C36 LIPID MODEL COMPOUNDS
 RDTITL> *
*** WARNING **** residue MAS  already exists (old one deleted)

      ***** LEVEL  1 WARNING FROM <RTFRDR> *****
      ***** Residue already exists.
      ******************************************
      BOMLEV (  0) IS NOT REACHED. WRNLEV IS  5

          RESI MAS          0.00
*** WARNING **** residue ETAC already exists (old one deleted)

      ***** LEVEL  1 WARNING FROM <RTFRDR> *****
      ***** Residue already exists.
      ******************************************
      BOMLEV (  0) IS NOT REACHED. WRNLEV IS  5

          RESI ETAC         0.00
*** WARNING **** residue MPRO already exists (old one deleted)

      ***** LEVEL  1 WARNING FROM <RTFRDR> *****
      ***** Residue already exists.
      ******************************************
      BOMLEV (  0) IS NOT REACHED. WRNLEV IS  5

          RESI MPRO         0.00
*** WARNING **** residue MP_1 already exists (old one deleted)

      ***** LEVEL  1 WARNING FROM <RTFRDR> *****
      ***** Residue already exists.
      ******************************************
      BOMLEV (  0) IS NOT REACHED. WRNLEV IS  5

          RESI MP_1        -1.00
*** WARNING **** residue MP_2 already exists (old one deleted)

      ***** LEVEL  1 WARNING FROM <RTFRDR> *****
      ***** Residue already exists.
      ******************************************
      BOMLEV (  0) IS NOT REACHED. WRNLEV IS  5

          RESI MP_2        -2.00
*** WARNING **** residue MSO4 already exists (old one deleted)

      ***** LEVEL  1 WARNING FROM <RTFRDR> *****
      ***** Residue already exists.
      ******************************************
      BOMLEV (  0) IS NOT REACHED. WRNLEV IS  5

          RESI MSO4        -1.00
*** WARNING **** residue BUTA already exists (old one deleted)

      ***** LEVEL  1 WARNING FROM <RTFRDR> *****
      ***** Residue already exists.
      ******************************************
      BOMLEV (  0) IS NOT REACHED. WRNLEV IS  5

          RESI BUTA         0.00
*** WARNING **** residue PENT already exists (old one deleted)

      ***** LEVEL  1 WARNING FROM <RTFRDR> *****
      ***** Residue already exists.
      ******************************************
      BOMLEV (  0) IS NOT REACHED. WRNLEV IS  5

          RESI PENT         0.00
*** WARNING **** residue HEXA already exists (old one deleted)

      ***** LEVEL  1 WARNING FROM <RTFRDR> *****
      ***** Residue already exists.
      ******************************************
      BOMLEV (  0) IS NOT REACHED. WRNLEV IS  5

          RESI HEXA         0.00
*** WARNING **** residue ETHE already exists (old one deleted)

      ***** LEVEL  1 WARNING FROM <RTFRDR> *****
      ***** Residue already exists.
      ******************************************
      BOMLEV (  0) IS NOT REACHED. WRNLEV IS  5

          RESI ETHE       0.00
*** WARNING **** residue PRPE already exists (old one deleted)

      ***** LEVEL  1 WARNING FROM <RTFRDR> *****
      ***** Residue already exists.
      ******************************************
      BOMLEV (  0) IS NOT REACHED. WRNLEV IS  5

          RESI PRPE       0.00
*** WARNING **** residue BTE1 already exists (old one deleted)

      ***** LEVEL  1 WARNING FROM <RTFRDR> *****
      ***** Residue already exists.
      ******************************************
      BOMLEV (  0) IS NOT REACHED. WRNLEV IS  5

          RESI BTE1       0.00
*** WARNING **** residue BTE2 already exists (old one deleted)

      ***** LEVEL  1 WARNING FROM <RTFRDR> *****
      ***** Residue already exists.
      ******************************************
      BOMLEV (  0) IS NOT REACHED. WRNLEV IS  5

          RESI BTE2       0.00
*** WARNING **** residue DIPE already exists (old one deleted)

      ***** LEVEL  1 WARNING FROM <RTFRDR> *****
      ***** Residue already exists.
      ******************************************
      BOMLEV (  0) IS NOT REACHED. WRNLEV IS  5

          RESI DIPE       0.00
*** WARNING **** residue DIHE already exists (old one deleted)

      ***** LEVEL  1 WARNING FROM <RTFRDR> *****
      ***** Residue already exists.
      ******************************************
      BOMLEV (  0) IS NOT REACHED. WRNLEV IS  5

          RESI DIHE       0.00
*** WARNING **** residue NC4  already exists (old one deleted)

      ***** LEVEL  1 WARNING FROM <RTFRDR> *****
      ***** Residue already exists.
      ******************************************
      BOMLEV (  0) IS NOT REACHED. WRNLEV IS  5

          RESI NC4          1.00
*** WARNING **** residue NC5  already exists (old one deleted)

      ***** LEVEL  1 WARNING FROM <RTFRDR> *****
      ***** Residue already exists.
      ******************************************
      BOMLEV (  0) IS NOT REACHED. WRNLEV IS  5

          RESI NC5          1.00
*** WARNING **** residue CHOL already exists (old one deleted)

      ***** LEVEL  1 WARNING FROM <RTFRDR> *****
      ***** Residue already exists.
      ******************************************
      BOMLEV (  0) IS NOT REACHED. WRNLEV IS  5

          RESI CHOL         1.00
*** WARNING **** residue ACHO already exists (old one deleted)

      ***** LEVEL  1 WARNING FROM <RTFRDR> *****
      ***** Residue already exists.
      ******************************************
      BOMLEV (  0) IS NOT REACHED. WRNLEV IS  5

          RESI ACHO         1.00
*** WARNING **** residue PC   already exists (old one deleted)

      ***** LEVEL  1 WARNING FROM <RTFRDR> *****
      ***** Residue already exists.
      ******************************************
      BOMLEV (  0) IS NOT REACHED. WRNLEV IS  5

          RESI PC           0.00
*** WARNING **** residue GPC  already exists (old one deleted)

      ***** LEVEL  1 WARNING FROM <RTFRDR> *****
      ***** Residue already exists.
      ******************************************
      BOMLEV (  0) IS NOT REACHED. WRNLEV IS  5

          RESI GPC          0.00
*** WARNING **** residue TEA  already exists (old one deleted)

      ***** LEVEL  1 WARNING FROM <RTFRDR> *****
      ***** Residue already exists.
      ******************************************
      BOMLEV (  0) IS NOT REACHED. WRNLEV IS  5

          RESI TEA          1.00
*** WARNING **** residue ETAM already exists (old one deleted)

      ***** LEVEL  1 WARNING FROM <RTFRDR> *****
      ***** Residue already exists.
      ******************************************
      BOMLEV (  0) IS NOT REACHED. WRNLEV IS  5

          RESI ETAM       1.00
*** WARNING **** residue GLYC already exists (old one deleted)

      ***** LEVEL  1 WARNING FROM <RTFRDR> *****
      ***** Residue already exists.
      ******************************************
      BOMLEV (  0) IS NOT REACHED. WRNLEV IS  5

          RESI GLYC         0.00
*** WARNING **** residue MBUT already exists (old one deleted)

      ***** LEVEL  1 WARNING FROM <RTFRDR> *****
      ***** Residue already exists.
      ******************************************
      BOMLEV (  0) IS NOT REACHED. WRNLEV IS  5

          RESI MBUT         0.00
 There were  25 warning(s) from RTFRDR.
  
 CHARMM>     
  
 CHARMM>    return
 VCLOSE: Closing unit   98 with status "KEEP"

                    RETURNING TO INPUT STREAM    99
  
 CHARMM>    stream toppar/toppar_all36_lipid_prot.str
 VOPEN> Attempting to open::toppar/toppar_all36_lipid_prot.str::
 OPNLGU> Unit 98 opened for READONLY access to toppar/toppar_all36_lipid_prot.str

                    INPUT STREAM SWITCHING TO UNIT    98
 RDTITL> * TOPOLOGY AND PARAMETERS FOR LIPID TAIL LINKERS TO CYSTEINE AND GLYCINE,
 RDTITL> * FOR EXAMPLE, PALMITOYLATION, MARISTOYLATION, FERNASYLATION, GERANYLATION
 RDTITL> *
 Parameter: IN1 <- "" <empty>
  
 CHARMM>     
  
 CHARMM>    read rtf card append
 MAINIO> Residue topology file being read from unit  98.
 RDTITL> * LIPID-MODIFIED PROTEIN RESIDUES
 RDTITL> *
  
 CHARMM>     
  
 CHARMM>    read para card append flex

          PARAMETER FILE BEING READ FROM UNIT 98
 RDTITL> * CYSTEIN-PALMITATE PARAMETERS
 RDTITL> *
 PARMIO> NONBOND, HBOND lists and IMAGE atoms cleared.
  
 CHARMM>     
  
 CHARMM>    return
 VCLOSE: Closing unit   98 with status "KEEP"

                    RETURNING TO INPUT STREAM    99
  
 CHARMM>    stream toppar/toppar_all36_lipid_tag.str
 VOPEN> Attempting to open::toppar/toppar_all36_lipid_tag.str::
 OPNLGU> Unit 98 opened for READONLY access to toppar/toppar_all36_lipid_tag.str

                    INPUT STREAM SWITCHING TO UNIT    98
 RDTITL> READ RTF CARD APPEND
 RDTITL> No title read.
 Parameter: IN1 <- "" <empty>
  
 CHARMM>    read rtf card append
 MAINIO> Residue topology file being read from unit  98.
 RDTITL> * TOPOLOGY FOR TRIACYLGLYCEROLS [STEPHEN GEE FROM LEHIGH UNIVERSITY]
 RDTITL> *
  
 VCLOSE: Closing unit   98 with status "KEEP"

                    RETURNING TO INPUT STREAM    99
  
 CHARMM>    stream toppar/toppar_all36_lipid_yeast.str
 VOPEN> Attempting to open::toppar/toppar_all36_lipid_yeast.str::
 OPNLGU> Unit 98 opened for READONLY access to toppar/toppar_all36_lipid_yeast.str

                    INPUT STREAM SWITCHING TO UNIT    98
 RDTITL> * TOPPAR STREAM FILE FOR BRANCHED AND CYCLIC CHAINED LIPIDS.  FOLLOWING READING OF
 RDTITL> * TOP_ALL36_LIPID.RTF
 RDTITL> * AND
 RDTITL> * PAR_ALL36_LIPID.RTF
 RDTITL> *
 Parameter: IN1 <- "" <empty>
  
 CHARMM>     
  
 CHARMM>    set nat ?NATC
 RDCMND substituted energy or value "?NATC" to "592"
 Parameter: NAT <- "592"
  
 CHARMM>    set app
 Parameter: APP <- "" <empty>
  
 CHARMM>    !We're exploiting what is arguably a bug in the parser. On the left hand side,
 CHARMM>    !the quotes have proirity, so NAT is correctly substituted. On the right hand
 CHARMM>    !side, the ? has priority and NATC" (sic) is not a valid substitution...
 CHARMM>    if "@NAT" ne "?NATC" if @nat ne 0 set app append
 Parameter: NAT -> "592"
 Parameter: NAT -> "592"
 RDCMND: can not substitute energy "?NATC""
 Comparing ""592"" and ""?NATC"".
 IF test evaluated as true.  Performing command
 Comparing "592" and "0".
 IF test evaluated as true.  Performing command
 Parameter: APP <- "APPEND"
  
 CHARMM>     
  
 CHARMM>    read rtf card @app
 Parameter: APP -> "APPEND"
 MAINIO> Residue topology file being read from unit  98.
 RDTITL> * CHOLESTEROL RESIDUES
 RDTITL> *
  
 CHARMM>     
  
 CHARMM>    read para card flex @app
 Parameter: APP -> "APPEND"

          PARAMETER FILE BEING READ FROM UNIT 98
 RDTITL> * NEW PARAMETERS
 RDTITL> *
 PARMIO> NONBOND, HBOND lists and IMAGE atoms cleared.
  
 CHARMM>     
  
 CHARMM>    return
 VCLOSE: Closing unit   98 with status "KEEP"

                    RETURNING TO INPUT STREAM    99
  
 CHARMM>    stream toppar/toppar_all36_lipid_hmmm.str
 VOPEN> Attempting to open::toppar/toppar_all36_lipid_hmmm.str::
 OPNLGU> Unit 98 opened for READONLY access to toppar/toppar_all36_lipid_hmmm.str

                    INPUT STREAM SWITCHING TO UNIT    98
 RDTITL> READ RTF CARD APPEND FLEX
 RDTITL> No title read.
 Parameter: IN1 <- "" <empty>
  
 CHARMM>    read rtf card append flex
 MAINIO> Residue topology file being read from unit  98.
 RDTITL> * TOPOLOGY FOR TERMINAL PATCHES FOR HMMM TRUNCATED LIPIDS
 RDTITL> *

      ***** LEVEL  1 WARNING FROM <DECODF> *****
      ***** Zero length string
      ******************************************
      BOMLEV (  0) IS NOT REACHED. WRNLEV IS  5

 WARNING from DECODF -- Zero length string being converted to 0.

      ***** LEVEL  1 WARNING FROM <DECODF> *****
      ***** Zero length string
      ******************************************
      BOMLEV (  0) IS NOT REACHED. WRNLEV IS  5

 WARNING from DECODF -- Zero length string being converted to 0.

      ***** LEVEL  1 WARNING FROM <DECODF> *****
      ***** Zero length string
      ******************************************
      BOMLEV (  0) IS NOT REACHED. WRNLEV IS  5

 WARNING from DECODF -- Zero length string being converted to 0.

      ***** LEVEL  1 WARNING FROM <DECODF> *****
      ***** Zero length string
      ******************************************
      BOMLEV (  0) IS NOT REACHED. WRNLEV IS  5

 WARNING from DECODF -- Zero length string being converted to 0.

      ***** LEVEL  1 WARNING FROM <DECODF> *****
      ***** Zero length string
      ******************************************
      BOMLEV (  0) IS NOT REACHED. WRNLEV IS  5

 WARNING from DECODF -- Zero length string being converted to 0.

      ***** LEVEL  1 WARNING FROM <DECODF> *****
      ***** Zero length string
      ******************************************
      BOMLEV (  0) IS NOT REACHED. WRNLEV IS  5

 WARNING from DECODF -- Zero length string being converted to 0.

      ***** LEVEL  1 WARNING FROM <DECODF> *****
      ***** Zero length string
      ******************************************
      BOMLEV (  0) IS NOT REACHED. WRNLEV IS  5

 WARNING from DECODF -- Zero length string being converted to 0.

      ***** LEVEL  1 WARNING FROM <DECODF> *****
      ***** Zero length string
      ******************************************
      BOMLEV (  0) IS NOT REACHED. WRNLEV IS  5

 WARNING from DECODF -- Zero length string being converted to 0.
  
 CHARMM>     
  
 CHARMM>    read para card flex @app
 Parameter: APP -> "APPEND"

          PARAMETER FILE BEING READ FROM UNIT 98
 RDTITL> * NEW PARAMETERS
 RDTITL> *
 PARMIO> NONBOND, HBOND lists and IMAGE atoms cleared.
  
 CHARMM>     
  
 CHARMM>    return
 VCLOSE: Closing unit   98 with status "KEEP"

                    RETURNING TO INPUT STREAM    99
  
 CHARMM>    stream toppar/toppar_all36_lipid_detergent.str
 VOPEN> Attempting to open::toppar/toppar_all36_lipid_detergent.str::
 OPNLGU> Unit 98 opened for READONLY access to toppar/toppar_all36_lipid_detergent.str

                    INPUT STREAM SWITCHING TO UNIT    98
 RDTITL> * TOPPAR STREAM FILE FOR DETERGENTS AND FATTY ACIDS.
 RDTITL> * STREAM FOLLOWING READING OF
 RDTITL> * TOP_ALL36_LIPID.RTF
 RDTITL> * AND
 RDTITL> * PAR_ALL36_LIPID.RTF
 RDTITL> *
 Parameter: IN1 <- "" <empty>
  
 CHARMM>     
  
 CHARMM>    !Additional residues added by Im lab, Aug. 2017
 CHARMM>     
  
 CHARMM>    !Fatty acids added Jan. 2016
 CHARMM>     
  
 CHARMM>    read rtf card append
 MAINIO> Residue topology file being read from unit  98.
 RDTITL> * DETERGENT AND FATTY ACID RESIDUES
 RDTITL> *
  
 CHARMM>     
  
 CHARMM>    read para card append flex

          PARAMETER FILE BEING READ FROM UNIT 98
 RDTITL> * SB3-12 AND SB3-14 PARAMETERS
 RDTITL> *
 PARMIO> NONBOND, HBOND lists and IMAGE atoms cleared.
  
 CHARMM>     
  
 CHARMM>    return
 VCLOSE: Closing unit   98 with status "KEEP"

                    RETURNING TO INPUT STREAM    99
  
 CHARMM>    stream toppar/toppar_all36_lipid_ether.str
 VOPEN> Attempting to open::toppar/toppar_all36_lipid_ether.str::
 OPNLGU> Unit 98 opened for READONLY access to toppar/toppar_all36_lipid_ether.str

                    INPUT STREAM SWITCHING TO UNIT    98
 RDTITL> * CHARMM36 ALL-HYDROGEN ETHER LIPID FORCE FIELD INCLUDING PLASMALOGENS ALISON
 RDTITL> * N. LEONARD (A. L.), 7/18 WITH RICHARD PASTOR AND JEFFERY KLAUDA, JPCB 122(26)
 RDTITL> * PP. 6744 - 6754.  ANA WEST, 1/20 WITH VALERIA ZONI, WALTER TEAGUE JR., ALISON
 RDTITL> * LEONARD, STEFANO VANNI, KLAUS GAWRISCH, STEPHANIE TRISTAM-NAGLE, JONATHAN
 RDTITL> * SACHS, AND JEFFERY KLAUDA, JPCB 124(5) PP. 828 - 839.
 RDTITL> *
 Parameter: IN1 <- "" <empty>
  
 CHARMM>     
  
 CHARMM>    !Parent files that have to be read prior to streaming this file
 CHARMM>    !top_all36_lipid.rtf
 CHARMM>    !par_all36_lipid.prm
 CHARMM>    !top_all36_cgenff.rtf
 CHARMM>    !par_all36_cgenff.prm
 CHARMM>     
  
 CHARMM>    read rtf card append
 MAINIO> Residue topology file being read from unit  98.
 RDTITL> * C36 ETHER MODEL COMPOUNDS
 RDTITL> *

      ***** LEVEL  1 WARNING FROM <DECODF> *****
      ***** Zero length string
      ******************************************
      BOMLEV (  0) IS NOT REACHED. WRNLEV IS  5

 WARNING from DECODF -- Zero length string being converted to 0.

      ***** LEVEL  1 WARNING FROM <DECODF> *****
      ***** Zero length string
      ******************************************
      BOMLEV (  0) IS NOT REACHED. WRNLEV IS  5

 WARNING from DECODF -- Zero length string being converted to 0.

      ***** LEVEL  1 WARNING FROM <DECODF> *****
      ***** Zero length string
      ******************************************
      BOMLEV (  0) IS NOT REACHED. WRNLEV IS  5

 WARNING from DECODF -- Zero length string being converted to 0.
  
 CHARMM>     
  
 CHARMM>    read para card flex append

          PARAMETER FILE BEING READ FROM UNIT 98
 RDTITL> * PARAMETERS
 RDTITL> *
 PARRDR> Error: Repeated ANGLE parameter (  7501): CG32  OG30  CG31 is replaced
 PARRDR> Error: Repeated ANGLE parameter (  1342): CG31  CG2D  CG33 is replaced
 PARMIO> NONBOND, HBOND lists and IMAGE atoms cleared.
  
 CHARMM>     
  
 CHARMM>    return
 VCLOSE: Closing unit   98 with status "KEEP"

                    RETURNING TO INPUT STREAM    99
  
 CHARMM>    stream toppar/toppar_all36_lipid_oxidized.str
 VOPEN> Attempting to open::toppar/toppar_all36_lipid_oxidized.str::
 OPNLGU> Unit 98 opened for READONLY access to toppar/toppar_all36_lipid_oxidized.str

                    INPUT STREAM SWITCHING TO UNIT    98
 RDTITL> READ RTF CARD APPEND
 RDTITL> No title read.
 Parameter: IN1 <- "" <empty>
  
 CHARMM>    read rtf card append
 MAINIO> Residue topology file being read from unit  98.
 RDTITL> * TOPOLOGY FOR OXIDIZED PHOSPHOLIPID
 RDTITL> *

      ***** LEVEL  1 WARNING FROM <rtfrdr> *****
      ***** No AUTOgen defaults specified in appended RTF. Potential conflict with prior RTF autogen options. Check.
      ******************************************
      BOMLEV (  0) IS NOT REACHED. WRNLEV IS  5

  
 CHARMM>     
  
 CHARMM>    read param card flex append

          PARAMETER FILE BEING READ FROM UNIT 98
 RDTITL> * ADDITIONAL PARAMETERS FOR OXIDIZED PHOSPHOLIPIDS
 RDTITL> *
 PARRDR> Error: Repeated DIHE parameter (  5771): CG2D  CG2D  CG2D  CG31 is replaced
 PARRDR> Error: Repeated DIHE parameter (  5772): CG2D  CG2D  CG2D  CG31 is replaced
 PARRDR> Error: Repeated DIHE parameter (  5771): CG2D  CG2D  CG2D  CG31 is replaced
 PARRDR> Error: Repeated DIHE parameter (  5772): CG2D  CG2D  CG2D  CG31 is replaced
 PARRDR> Error: Repeated DIHE parameter (  6202): CG2D  CG2D  CG31  CG32 is replaced
 PARRDR> Error: Repeated DIHE parameter (  6203): CG2D  CG2D  CG31  CG32 is replaced
 PARRDR> Error: Repeated DIHE parameter (  6202): CG2D  CG2D  CG31  CG32 is replaced
 PARRDR> Error: Repeated DIHE parameter (  6203): CG2D  CG2D  CG31  CG32 is replaced
 PARRDR> Error: Repeated DIHE parameter (  6221): CG2D  CG2D  CG31  HGA1 is replaced
 PARRDR> Error: Repeated DIHE parameter ( 19677): CG2D  CG31  CG32  CG32 is replaced
 PARRDR> Error: Repeated DIHE parameter ( 19678): CG2D  CG31  CG32  CG32 is replaced
 PARRDR> Error: Repeated DIHE parameter ( 19679): CG2D  CG31  CG32  CG32 is replaced
 PARRDR> Error: Repeated DIHE parameter ( 19677): CG2D  CG31  CG32  CG32 is replaced
 PARRDR> Error: Repeated DIHE parameter ( 19678): CG2D  CG31  CG32  CG32 is replaced
 PARRDR> Error: Repeated DIHE parameter ( 19679): CG2D  CG31  CG32  CG32 is replaced
 PARRDR> Error: Repeated DIHE parameter ( 19677): CG2D  CG31  CG32  CG32 is replaced
 PARRDR> Error: Repeated DIHE parameter ( 19678): CG2D  CG31  CG32  CG32 is replaced
 PARRDR> Error: Repeated DIHE parameter ( 19679): CG2D  CG31  CG32  CG32 is replaced
 PARRDR> Error: Repeated DIHE parameter ( 19682): CG2D  CG31  CG32  HGA2 is replaced
 PARRDR> Error: Repeated DIHE parameter (  5835): CG31  CG2D  CG2D  HGA4 is replaced
 PARRDR> Error: Repeated DIHE parameter (  6247): HGA4  CG2D  CG31  CG32 is replaced
 PARRDR> Error: Repeated DIHE parameter (  6248): HGA4  CG2D  CG31  CG32 is replaced
 PARRDR> Error: Repeated DIHE parameter (  6262): HGA4  CG2D  CG31  HGA1 is replaced
 PARMIO> NONBOND, HBOND lists and IMAGE atoms cleared.
  
 CHARMM>     
  
 CHARMM>    RETURN
 VCLOSE: Closing unit   98 with status "KEEP"

                    RETURNING TO INPUT STREAM    99
  
 CHARMM>     
  
 CHARMM>    ! Additional topologies and parameters for carbohydrates
 CHARMM>    stream toppar/toppar_all36_carb_glycolipid.str
 VOPEN> Attempting to open::toppar/toppar_all36_carb_glycolipid.str::
 OPNLGU> Unit 98 opened for READONLY access to toppar/toppar_all36_carb_glycolipid.str

                    INPUT STREAM SWITCHING TO UNIT    98
 RDTITL> READ RTF CARD APPEND
 RDTITL> No title read.
 Parameter: IN1 <- "" <empty>
  
 CHARMM>    read rtf card append
 MAINIO> Residue topology file being read from unit  98.
 RDTITL> * TOPOLOGY FOR GLYCOLIPIDS
 RDTITL> *
  
 CHARMM>     
  
 CHARMM>    read param card flex append

          PARAMETER FILE BEING READ FROM UNIT 98
 RDTITL> * PIP RELATED PARAMETERS
 RDTITL> *
 PARRDR> Error: Repeated BOND parameter (  1099): CG2R  NG3N is replaced
 PARRDR> Error: Repeated ANGLE parameter (  3757): CG2R  CG30  CG32 is replaced
 PARRDR> Error: Repeated ANGLE parameter (  4665): CG30  CG32  CG30 is replaced
 PARRDR> Error: Repeated ANGLE parameter (  3430): NG2R  CG2R  NG3N is replaced
 PARRDR> Error: Repeated ANGLE parameter (  7348): CG2R  NG3N  NG3N is replaced
 PARRDR> Error: Repeated ANGLE parameter (  7349): CG2R  NG3N  HGP1 is replaced
 PARRDR> Error: Repeated DIHE parameter ( 22427): CG2D  CG32  CG32  CG31 is replaced
 PARRDR> Error: Repeated DIHE parameter ( 22428): CG2D  CG32  CG32  CG31 is replaced
 PARRDR> Error: Repeated DIHE parameter ( 22429): CG2D  CG32  CG32  CG31 is replaced
 PARRDR> Error: Repeated DIHE parameter ( 22427): CG2D  CG32  CG32  CG31 is replaced
 PARRDR> Error: Repeated DIHE parameter ( 22428): CG2D  CG32  CG32  CG31 is replaced
 PARRDR> Error: Repeated DIHE parameter ( 22429): CG2D  CG32  CG32  CG31 is replaced
 PARRDR> Error: Repeated DIHE parameter ( 22427): CG2D  CG32  CG32  CG31 is replaced
 PARRDR> Error: Repeated DIHE parameter ( 22428): CG2D  CG32  CG32  CG31 is replaced
 PARRDR> Error: Repeated DIHE parameter ( 22429): CG2D  CG32  CG32  CG31 is replaced
 PARRDR> Error: Repeated DIHE parameter ( 18419): CG2R  CG30  CG32  HGA2 is replaced
 PARRDR> Error: Repeated DIHE parameter ( 18411): CG2R  CG30  CG32  CG30 is replaced
 PARRDR> Error: Repeated DIHE parameter ( 18412): CG2R  CG30  CG32  CG30 is replaced
 PARRDR> Error: Repeated DIHE parameter ( 14412): CG2R  CG2R  CG30  CG32 is replaced
 PARRDR> Error: Repeated DIHE parameter ( 36542): CG2R  CG2R  CG2R  OC30 is replaced
 PARRDR> Error: Repeated DIHE parameter ( 18471): CG33  CG30  CG32  CG30 is replaced
 PARRDR> Error: Repeated DIHE parameter ( 17027): NG2R  CG2R  NG3N  NG3N is replaced
 PARRDR> Error: Repeated DIHE parameter ( 17028): NG2R  CG2R  NG3N  NG3N is replaced
 PARRDR> Error: Repeated DIHE parameter ( 17029): NG2R  CG2R  NG3N  NG3N is replaced
 PARRDR> Error: Repeated DIHE parameter ( 17027): NG2R  CG2R  NG3N  NG3N is replaced
 PARRDR> Error: Repeated DIHE parameter ( 17028): NG2R  CG2R  NG3N  NG3N is replaced
 PARRDR> Error: Repeated DIHE parameter ( 17029): NG2R  CG2R  NG3N  NG3N is replaced
 PARRDR> Error: Repeated DIHE parameter ( 17030): NG2R  CG2R  NG3N  HGP1 is replaced
 PARRDR> Error: Repeated DIHE parameter ( 31669): CG2R  NG3N  NG3N  HGP1 is replaced
 PARRDR> Error: Repeated DIHE parameter ( 24062): CG32  CG32  NG30  CG2R is replaced
 PARRDR> Error: Repeated DIHE parameter ( 24063): CG32  CG32  NG30  CG2R is replaced
 PARRDR> Error: Repeated DIHE parameter ( 24062): CG32  CG32  NG30  CG2R is replaced
 PARRDR> Error: Repeated DIHE parameter ( 24063): CG32  CG32  NG30  CG2R is replaced
 PARRDR> Error: Repeated DIHE parameter ( 22848): NG31  CG32  CG32  NG31 is replaced
 PARRDR> Error: Repeated DIHE parameter ( 22849): NG31  CG32  CG32  NG31 is replaced
 PARMIO> NONBOND, HBOND lists and IMAGE atoms cleared.
  
 CHARMM>     
  
 CHARMM>    RETURN
 VCLOSE: Closing unit   98 with status "KEEP"

                    RETURNING TO INPUT STREAM    99
  
 CHARMM>    stream toppar/toppar_all36_carb_glycopeptide.str
 VOPEN> Attempting to open::toppar/toppar_all36_carb_glycopeptide.str::
 OPNLGU> Unit 98 opened for READONLY access to toppar/toppar_all36_carb_glycopeptide.str

                    INPUT STREAM SWITCHING TO UNIT    98
 RDTITL> READ RTF CARD APPEND
 RDTITL> No title read.
 Parameter: IN1 <- "" <empty>
  
 CHARMM>    read rtf card append
 MAINIO> Residue topology file being read from unit  98.
 RDTITL> * TOPOLOGY FOR GLYCOPEPTIDE LINKAGES
 RDTITL> *
  
 CHARMM>     
  
 CHARMM>    read param card flex append

          PARAMETER FILE BEING READ FROM UNIT 98
 RDTITL> *    NEW PARAMETES
 RDTITL> *
 PARMIO> NONBOND, HBOND lists and IMAGE atoms cleared.
  
 CHARMM>     
  
 CHARMM>     
  
 CHARMM>    RETURN
 VCLOSE: Closing unit   98 with status "KEEP"

                    RETURNING TO INPUT STREAM    99
  
 CHARMM>    stream toppar/toppar_all36_carb_imlab.str
 VOPEN> Attempting to open::toppar/toppar_all36_carb_imlab.str::
 OPNLGU> Unit 98 opened for READONLY access to toppar/toppar_all36_carb_imlab.str

                    INPUT STREAM SWITCHING TO UNIT    98
 RDTITL> READ RTF CARD APPEND
 RDTITL> No title read.
 Parameter: IN1 <- "" <empty>
  
 CHARMM>    read rtf card append
 MAINIO> Residue topology file being read from unit  98.
 RDTITL> * GLYCAN CHEMICAL MODIFICATION PATCHES
 RDTITL> *

      ***** LEVEL  1 WARNING FROM <rtfrdr> *****
      ***** No AUTOgen defaults specified in appended RTF. Potential conflict with prior RTF autogen options. Check.
      ******************************************
      BOMLEV (  0) IS NOT REACHED. WRNLEV IS  5

  
 CHARMM>     
  
 CHARMM>    read param card flex append

          PARAMETER FILE BEING READ FROM UNIT 98
 RDTITL> * GLYCAN CHEMICAL MODIFICATION PATCHES
 RDTITL> *
 PARRDR> Error: Repeated DIHE parameter ( 13781): NG2S  CG2R  CG2R  NG2O is replaced
 PARMIO> NONBOND, HBOND lists and IMAGE atoms cleared.
  
 CHARMM>     
  
 CHARMM>    RETURN
 VCLOSE: Closing unit   98 with status "KEEP"

                    RETURNING TO INPUT STREAM    99
  
 CHARMM>     
  
 CHARMM>    ! Additional topologies and parameters for spin/fluorophore labels
 CHARMM>    stream toppar/toppar_all36_label_spin.str
 VOPEN> Attempting to open::toppar/toppar_all36_label_spin.str::
 OPNLGU> Unit 98 opened for READONLY access to toppar/toppar_all36_label_spin.str

                    INPUT STREAM SWITCHING TO UNIT    98
 RDTITL> *>>>>> TOPOLOGY FOR NITROXYDE SPIN LABELS <<<<<<<
 RDTITL> * SHAHIDUL M. ISLAM, UNIVERSITY OF CHICAGO
 RDTITL> *
 Parameter: IN1 <- "" <empty>
  
 CHARMM>     
  
 CHARMM>    ! please reference the following:
 CHARMM>    !Sezer, D., Freed J. H., and Roux, B. “Parametrization, Molecular Dynamics Simulation, and Calculation of Electron Spin
 CHARMM>    !Resonance Spectra of a Nitroxide Spin Label on a Polyalanine alpha-Helix” J. Phys. Chem. B 2008, 112, 5755-5767
 CHARMM>     
  
 CHARMM>    !Islam, S. M., and Roux, B. “Parameterization and molecular dynamics simulations of a
 CHARMM>    !conformationally constrained double linked spin label constrained by EPR/DEER data”
 CHARMM>    !(planed submission to J journal)
 CHARMM>     
  
 CHARMM>    !test "append" to determine if previous toppar files have been read and
 CHARMM>    !add append to "read rtf card" if true
 CHARMM>    set nat ?NATC
 RDCMND substituted energy or value "?NATC" to "592"
 Parameter: NAT <- "592"
  
 CHARMM>    set app
 Parameter: APP <- "" <empty>
  
 CHARMM>    !We're exploiting what is arguably a bug in the parser. On the left hand side,
 CHARMM>    !the quotes have proirity, so NAT is correctly substituted. On the right hand
 CHARMM>    !side, the ? has priority and NATC" (sic) is not a valid substitution...
 CHARMM>    if "@NAT" ne "?NATC" if @nat ne 0 set app append
 Parameter: NAT -> "592"
 Parameter: NAT -> "592"
 RDCMND: can not substitute energy "?NATC""
 Comparing ""592"" and ""?NATC"".
 IF test evaluated as true.  Performing command
 Comparing "592" and "0".
 IF test evaluated as true.  Performing command
 Parameter: APP <- "APPEND"
  
 CHARMM>     
  
 CHARMM>     
  
 CHARMM>    read rtf card @app
 Parameter: APP -> "APPEND"
 MAINIO> Residue topology file being read from unit  98.
 RDTITL> * TOPOLOGY FOR SPIN LABEL
 RDTITL> *
  
 CHARMM>     
  
 CHARMM>     
  
 CHARMM>    read para card flex @app
 Parameter: APP -> "APPEND"

          PARAMETER FILE BEING READ FROM UNIT 98
 RDTITL> * PARAMETERS FOR SPIN LABEL
 RDTITL> *
 PARRDR> Error: Repeated BOND parameter (  1467): CG3C  NG2R is replaced
 PARRDR> Error: Repeated BOND parameter (  1659): NG2S  NG2S is replaced
 PARRDR> Error: Repeated ANGLE parameter (  5457): CG33  CG3C  NG2R is replaced
 PARRDR> Error: Repeated ANGLE parameter (  5928): CG3R  CG3C  SG31 is replaced
 PARRDR> Error: Repeated ANGLE parameter (  6245): CG3C  CG3R  NG2R is replaced
 PARRDR> Error: Repeated ANGLE parameter (  7030): CG2O  NG2S  NG2S is replaced
 PARRDR> Error: Repeated ANGLE parameter (  7063): NG2S  NG2S  HGP1 is replaced
 PARRDR> Error: Repeated ANGLE parameter (  7808): CG3C  SG31  CG3C is replaced
 PARRDR> Error: Repeated DIHE parameter (  7841): OG2D  CG2O  NG2S  NG2S is replaced
 PARRDR> Error: Repeated DIHE parameter (  9612): CG2O  CG2R  CG2R  HGR5 is replaced
 PARRDR> Error: Repeated DIHE parameter ( 25682): HGA3  CG33  CG3C  NG2R is replaced
 PARRDR> Error: Repeated DIHE parameter ( 28997): HGA1  CG3C  SG31  CG3C is replaced
 PARRDR> Error: Repeated DIHE parameter ( 29450): SG31  CG3C  CG3R  CG3R is replaced
 PARRDR> Error: Repeated DIHE parameter ( 29451): SG31  CG3C  CG3R  CG3R is replaced
 PARRDR> Error: Repeated DIHE parameter ( 29453): SG31  CG3C  CG3R  HGA1 is replaced
 PARRDR> Error: Repeated DIHE parameter ( 29477): HGA2  CG3C  CG3R  NG2R is replaced
 PARRDR> Error: Repeated DIHE parameter ( 29867): HGA2  CG3C  SG31  CG3C is replaced
 PARRDR> Error: Repeated DIHE parameter ( 30630): CG3C  CG3R  NG2R  CG2R is replaced
 PARRDR> Error: Repeated DIHE parameter ( 30631): CG3C  CG3R  NG2R  CG2R is replaced
 PARRDR> Error: Repeated DIHE parameter ( 31420): CG2O  NG2S  NG2S  HGP1 is replaced
 PARRDR> Error: Repeated DIHE parameter ( 31422): HGP1  NG2S  NG2S  HGP1 is replaced
 PARRDR> Error: Repeated DIHE parameter ( 31423): HGP1  NG2S  NG2S  HGP1 is replaced
 PARRDR> Error: Repeated DIHE parameter ( 31424): HGP1  NG2S  NG2S  HGP1 is replaced
 PARMIO> NONBOND, HBOND lists and IMAGE atoms cleared.
  
 CHARMM>     
  
 CHARMM>    return
 VCLOSE: Closing unit   98 with status "KEEP"

                    RETURNING TO INPUT STREAM    99
  
 CHARMM>    stream toppar/toppar_all36_label_fluorophore.str
 VOPEN> Attempting to open::toppar/toppar_all36_label_fluorophore.str::
 OPNLGU> Unit 98 opened for READONLY access to toppar/toppar_all36_label_fluorophore.str

                    INPUT STREAM SWITCHING TO UNIT    98
 RDTITL> READ RTF CARD APPEND
 RDTITL> No title read.
 Parameter: IN1 <- "" <empty>
  
 CHARMM>    read rtf card append
 MAINIO> Residue topology file being read from unit  98.
 RDTITL> * TOPOLOGY FILES
 RDTITL> *
  
 CHARMM>     
  
 CHARMM>    read param card flex append

          PARAMETER FILE BEING READ FROM UNIT 98
 RDTITL> * MINI FORCE FIELD PARAMETER FILE.
 RDTITL> *
 PARRDR> Error: Repeated BOND parameter (   462): CG25  NG3C is replaced
 PARRDR> Error: Repeated BOND parameter (   872): CG2R  CG3C is replaced
 PARRDR> Error: Repeated ANGLE parameter (  5367): CG2R  CG3C  CG33 is replaced
 PARRDR> Error: Repeated DIHE parameter ( 25685): HGA3  CG33  CG3C  CG2R is replaced
 PARMIO> NONBOND, HBOND lists and IMAGE atoms cleared.
  
 CHARMM>     
  
 VCLOSE: Closing unit   98 with status "KEEP"

                    RETURNING TO INPUT STREAM    99
  
 CHARMM>     
  
 CHARMM>     
  
 CHARMM>     
  
 VCLOSE: Closing unit   99 with status "KEEP"

                    RETURNING TO INPUT STREAM     5
  
 CHARMM>     
  
 CHARMM>    ! Read PSF and Coordinates
 CHARMM>    open read unit 10 card name step1_pdbreader.psf
 OPNLGU> Unit already open. The old file will be closed first.
 VCLOSE: Closing unit   10 with status "KEEP"
 VOPEN> Attempting to open::step1_pdbreader.psf::
 OPNLGU> Unit 10 opened for READONLY access to step1_pdbreader.psf
  
 CHARMM>    read psf  unit 10 card
 MAINIO> Protein structure file being read from unit  10.
 psf_read_formatted: Reading PSF in the expanded format.
 TITLE>  * GENERATED BY CHARMM-GUI (HTTP://WWW.CHARMM-GUI.ORG) V3.7 ON JUL, 07. 2026. JOB
 TITLE>  * READ PDB, MANIPULATE STRUCTURE IF NEEDED, AND GENERATE TOPOLOGY FILE
 TITLE>  *  DATE:     7/ 7/26      9:10:17      CREATED BY USER: charmm-gui
 TITLE>  *
 PSFSUM> PSF modified: NONBOND lists and IMAGE atoms cleared.
 PSFSUM> Summary of the structure file counters :
         Number of segments      =        2   Number of residues   =       28
         Number of atoms         =      500   Number of groups     =      126
         Number of bonds         =      514   Number of angles     =      930
         Number of dihedrals     =     1372   Number of impropers  =       54
         Number of cross-terms   =       24   Number of autogens   =        0
         Number of HB acceptors  =       30   Number of HB donors  =       40
         Number of NB exclusions =        0   Total charge =    0.00000
  
 CHARMM>     
  
 CHARMM>    open read unit 10 card name step1_pdbreader.crd
 OPNLGU> Unit already open. The old file will be closed first.
 VCLOSE: Closing unit   10 with status "KEEP"
 VOPEN> Attempting to open::step1_pdbreader.crd::
 OPNLGU> Unit 10 opened for READONLY access to step1_pdbreader.crd
  
 CHARMM>    read coor unit 10 card
          SPATIAL COORDINATES BEING READ FROM UNIT 10
 TITLE> * GENERATED BY CHARMM-GUI (HTTP://WWW.CHARMM-GUI.ORG) V3.7 ON JUL, 07. 2026. JOB
 TITLE> * READ PDB, MANIPULATE STRUCTURE IF NEEDED, AND GENERATE TOPOLOGY FILE
 TITLE> *  DATE:     7/ 7/26      9:10:17      CREATED BY USER: CHARMM-GUI
 TITLE> *
  
 CHARMM>     
  
 CHARMM>    ! Orient protein along Z axis using its first principal axis.
 CHARMM>    ! This option is suggested for a small helical bundle or homo-oligomer.
 CHARMM>    coor stat
 STATISTICS FOR       500 SELECTED ATOMS:
    XMIN =   -8.816000 XMAX =    8.326000 XAVE =    0.009723
    YMIN =   -9.477000 YMAX =    9.477000 YAVE =    0.000000
    ZMIN =  -13.677000 ZMAX =   13.677000 ZAVE =   -0.000000
    WMIN =    0.000000 WMAX =    0.000000 WAVE =    0.000000
  
 CHARMM>    coor orient

 ORIENT THE COORDINATES TO ALIGN WITH AXIS

 MOMENTS
  31063.01766717  -1401.22340200      0.00000000
                  10195.19180807     -0.00000000
                                   8330.73038931

 Transpose of the rotation matrix
     0.000000   -0.066699    0.997773
    -0.000000    0.997773    0.066699
    -1.000000   -0.000000   -0.000000
 CENTER OF ATOMS BEFORE TRANSLATION     0.00972     0.00000    -0.00000
 AXIS OF ROTATION IS  0.033349 -0.998887 -0.033349  ANGLE IS   90.06

 ALL COORDINATES ORIENTED IN THE MAIN SET BASED ON SELECTED ATOMS.

  
 CHARMM>    coor stat
 STATISTICS FOR       500 SELECTED ATOMS:
    XMIN =  -14.061609 XMAX =   14.061609 XAVE =    0.000000
    YMIN =   -8.991084 YMAX =    8.991084 YAVE =    0.000000
    ZMIN =   -8.316277 ZMAX =    8.825723 ZAVE =   -0.000000
    WMIN =    0.000000 WMAX =    0.000000 WAVE =    0.000000
  
 CHARMM>    coor rotate ydir 1.0 phi 90.0
 ROTATION MATRIX
    0.000000    0.000000   -1.000000
    0.000000    1.000000    0.000000
    1.000000    0.000000    0.000000

 AXIS OF ROTATION IS  0.000000  1.000000  0.000000  ANGLE IS   90.00

 SELECTED COORDINATES ROTATED IN THE MAIN SET.

  
 CHARMM>    coor stat
 STATISTICS FOR       500 SELECTED ATOMS:
    XMIN =   -8.825723 XMAX =    8.316277 XAVE =    0.000000
    YMIN =   -8.991084 YMAX =    8.991084 YAVE =    0.000000
    ZMIN =  -14.061609 ZMAX =   14.061609 ZAVE =    0.000000
    WMIN =    0.000000 WMAX =    0.000000 WAVE =    0.000000
  
 CHARMM>     
  
 CHARMM>    stream step2_area.str
 VOPEN> Attempting to open::step2_area.str::
 OPNLGU> Unit 99 opened for READONLY access to step2_area.str

                    INPUT STREAM SWITCHING TO UNIT    99
 RDTITL> * GENERATED BY CHARMM-GUI (HTTP://WWW.CHARMM-GUI.ORG) V3.7 ON JUL, 07. 2026. JOBID=8342977419
 RDTITL> * STREAM FILE TO ESTIMATE CROSS SECTIONAL AREA OF A PROTEIN
 RDTITL> *
 Parameter: IN1 <- "" <empty>
  
 CHARMM>     
  
 CHARMM>    open write card  unit 51 name step2_area.plo
 VOPEN> Attempting to open::step2_area.plo::
 OPNLGU> Unit 51 opened for WRITE access to step2_area.plo
  
 CHARMM>    write title unit 51
 RDTITL> * #CROSS SECTIONS ALONG Z AXIS
 RDTITL> *
  
 CHARMM>     
  
 CHARMM>    calc dcel   = 0.2
Evaluating: 0.2
 Parameter: DCEL <- "0.2"
  
 CHARMM>    calc factor = 1.0 / @dcel
 Parameter: DCEL -> "0.2"
Evaluating: 1.0/0.2
 Parameter: FACTOR <- "5"
  
 CHARMM>     
  
 CHARMM>     
  
 CHARMM>    coor stat sele all end
 SELRPN>    500 atoms have been selected out of    500
 STATISTICS FOR       500 SELECTED ATOMS:
    XMIN =   -8.825723 XMAX =    8.316277 XAVE =    0.000000
    YMIN =   -8.991084 YMAX =    8.991084 YAVE =    0.000000
    ZMIN =  -14.061609 ZMAX =   14.061609 ZAVE =    0.000000
    WMIN =    0.000000 WMAX =    0.000000 WAVE =    0.000000
  
 CHARMM>    calc x1 = ?xmin - 5
 RDCMND substituted energy or value "?XMIN" to "-8.82572343"
Evaluating: -8.82572343-5
 Parameter: X1 <- "-13.8257234"
  
 CHARMM>    calc x2 = ?xmax + 5
 RDCMND substituted energy or value "?XMAX" to "8.31627657"
Evaluating: 8.31627657+5
 Parameter: X2 <- "13.3162766"
  
 CHARMM>    calc y1 = ?ymin - 5
 RDCMND substituted energy or value "?YMIN" to "-8.99108449"
Evaluating: -8.99108449-5
 Parameter: Y1 <- "-13.9910845"
  
 CHARMM>    calc y2 = ?ymax + 5
 RDCMND substituted energy or value "?YMAX" to "8.99108449"
Evaluating: 8.99108449+5
 Parameter: Y2 <- "13.9910845"
  
 CHARMM>    calc xncel = int( ( @x2 - @x1 ) / @dcel )
 Parameter: X2 -> "13.3162766"
 Parameter: X1 -> "-13.8257234"
 Parameter: DCEL -> "0.2"
Evaluating: INT((13.3162766--13.8257234)/0.2)
 Parameter: XNCEL <- "135"
  
 CHARMM>    calc yncel = int( ( @y2 - @y1 ) / @dcel )
 Parameter: Y2 -> "13.9910845"
 Parameter: Y1 -> "-13.9910845"
 Parameter: DCEL -> "0.2"
Evaluating: INT((13.9910845--13.9910845)/0.2)
 Parameter: YNCEL <- "139"
  
 CHARMM>     
  
 CHARMM>    calc a = int( ?zmin )
 RDCMND substituted energy or value "?ZMIN" to "-14.0616092"
Evaluating: INT(-14.0616092)
 Parameter: A <- "-14"
  
 CHARMM>    calc b = @a + @dcel
 Parameter: A -> "-14"
 Parameter: DCEL -> "0.2"
Evaluating: -14+0.2
 Parameter: B <- "-13.8"
  
 CHARMM>     
  
 CHARMM>    calc toparea = -1.0
Evaluating: -1.0
 Parameter: TOPAREA <- "-1"
  
 CHARMM>    calc botarea = -1.0
Evaluating: -1.0
 Parameter: BOTAREA <- "-1"
  
 CHARMM>     
  
 CHARMM>    label DOAREA
  
 CHARMM>     
  
 CHARMM>    ! Cross sectional protein area with whole atom.
 CHARMM>    scalar wmain = radius
  
 CHARMM>    scalar wmain mult 2.5   sele resname TIP3 end
 SELRPN>      0 atoms have been selected out of    500
  
 CHARMM>    scalar wmain add  1.529 sele .not. resname TIP3 end
 SELRPN>    500 atoms have been selected out of    500
  
 CHARMM>    scalar wmain mult 0.85  sele .not. resname TIP3 end
 SELRPN>    500 atoms have been selected out of    500
  
 CHARMM>    calc zab = ( @a + @b ) / 2.0
 Parameter: A -> "-14"
 Parameter: B -> "-13.8"
Evaluating: (-14+-13.8)/2.0
 Parameter: ZAB <- "-13.9"
  
 CHARMM>     
  
 CHARMM>    coor search -
 CHARMM>         xmin @x1  xmax @x2  xgrip @xncel -
 CHARMM>         ymin @y1  ymax @y2  ygrip @yncel -
 CHARMM>         zmin @a   zmax @b   zgrip 5
 Parameter: X1 -> "-13.8257234"
 Parameter: X2 -> "13.3162766"
 Parameter: XNCEL -> "135"
 Parameter: Y1 -> "-13.9910845"
 Parameter: Y2 -> "13.9910845"
 Parameter: YNCEL -> "139"
 Parameter: A -> "-14"
 Parameter: B -> "-13.8"

 A TOTAL OF    81481   VACUUM POINTS WERE FOUND
 A TOTAL OF    12344 OCCUPIED POINTS WERE FOUND
 A TOTAL OF        0 EXTERNAL POINTS WERE FOUND
 A TOTAL OF    81481 SELECTED POINTS WERE FOUND
 TOTAL OCCUPIED  VOLUME =      19.984374
 TOTAL SELECTED  VOLUME =     131.914032
 TOTAL FREE      VOLUME =     131.914032
 FRACTIONAL FREE VOLUME =      86.843592
  
 CHARMM>     
  
 CHARMM>    calc c = ?volume * @factor
 Parameter: FACTOR -> "5"
 RDCMND substituted energy or value "?VOLUME" to "19.9843744"
Evaluating: 19.9843744*5
 Parameter: C <- "99.921872"
  
 CHARMM>     
  
 CHARMM>    if a .lt. -10 if a .gt. -20 if c .gt. @botarea set botarea = @c
 Parameter: BOTAREA -> "-1"
 Parameter: C -> "99.921872"
 Comparing "-14" and "-10".
 IF test evaluated as true.  Performing command
 Comparing "-14" and "-20".
 IF test evaluated as true.  Performing command
 Comparing "99.921872" and "-1".
 IF test evaluated as true.  Performing command
 Parameter: BOTAREA <- "99.921872"
  
 CHARMM>    if a .gt.  10 if a .lt.  20 if c .gt. @toparea set toparea = @c
 Parameter: TOPAREA -> "-1"
 Parameter: C -> "99.921872"
 Comparing "-14" and "10".
 IF test evaluated as false.  Skipping command
  
 CHARMM>     
  
 CHARMM>    write title unit 51
 RDTITL> * -13.8  99.921872
 RDTITL> *
  
 CHARMM>     
  
 CHARMM>    incr a by @dcel
 Parameter: DCEL -> "0.2"
 Parameter: A <- "-13.8"
  
 CHARMM>    incr b by @dcel
 Parameter: DCEL -> "0.2"
 Parameter: B <- "-13.6"
  
 CHARMM>    if b le ?ZMAX goto DOAREA
 RDCMND substituted energy or value "?ZMAX" to "14.0616092"
 Comparing "-13.6" and "14.0616092".
 IF test evaluated as true.  Performing command
  
 CHARMM>     
  
 CHARMM>    ! Cross sectional protein area with whole atom.
 CHARMM>    scalar wmain = radius
  
 CHARMM>    scalar wmain mult 2.5   sele resname TIP3 end
 SELRPN>      0 atoms have been selected out of    500
  
 CHARMM>    scalar wmain add  1.529 sele .not. resname TIP3 end
 SELRPN>    500 atoms have been selected out of    500
  
 CHARMM>    scalar wmain mult 0.85  sele .not. resname TIP3 end
 SELRPN>    500 atoms have been selected out of    500
  
 CHARMM>    calc zab = ( @a + @b ) / 2.0
 Parameter: A -> "-13.8"
 Parameter: B -> "-13.6"
Evaluating: (-13.8+-13.6)/2.0
 Parameter: ZAB <- "-13.7"
  
 CHARMM>     
  
 CHARMM>    coor search -
 CHARMM>         xmin @x1  xmax @x2  xgrip @xncel -
 CHARMM>         ymin @y1  ymax @y2  ygrip @yncel -
 CHARMM>         zmin @a   zmax @b   zgrip 5
 Parameter: X1 -> "-13.8257234"
 Parameter: X2 -> "13.3162766"
 Parameter: XNCEL -> "135"
 Parameter: Y1 -> "-13.9910845"
 Parameter: Y2 -> "13.9910845"
 Parameter: YNCEL -> "139"
 Parameter: A -> "-13.8"
 Parameter: B -> "-13.6"

 A TOTAL OF    80187   VACUUM POINTS WERE FOUND
 A TOTAL OF    13638 OCCUPIED POINTS WERE FOUND
 A TOTAL OF        0 EXTERNAL POINTS WERE FOUND
 A TOTAL OF    80187 SELECTED POINTS WERE FOUND
 TOTAL OCCUPIED  VOLUME =      22.079302
 TOTAL SELECTED  VOLUME =     129.819105
 TOTAL FREE      VOLUME =     129.819105
 FRACTIONAL FREE VOLUME =      85.464428
  
 CHARMM>     
  
 CHARMM>    calc c = ?volume * @factor
 Parameter: FACTOR -> "5"
 RDCMND substituted energy or value "?VOLUME" to "22.0793015"
Evaluating: 22.0793015*5
 Parameter: C <- "110.396507"
  
 CHARMM>     
  
 CHARMM>    if a .lt. -10 if a .gt. -20 if c .gt. @botarea set botarea = @c
 Parameter: BOTAREA -> "99.921872"
 Parameter: C -> "110.396507"
 Comparing "-13.8" and "-10".
 IF test evaluated as true.  Performing command
 Comparing "-13.8" and "-20".
 IF test evaluated as true.  Performing command
 Comparing "110.396507" and "99.921872".
 IF test evaluated as true.  Performing command
 Parameter: BOTAREA <- "110.396507"
  
 CHARMM>    if a .gt.  10 if a .lt.  20 if c .gt. @toparea set toparea = @c
 Parameter: TOPAREA -> "-1"
 Parameter: C -> "110.396507"
 Comparing "-13.8" and "10".
 IF test evaluated as false.  Skipping command
  
 CHARMM>     
  
 CHARMM>    write title unit 51
 RDTITL> * -13.6  110.396507
 RDTITL> *
  
 CHARMM>     
  
 CHARMM>    incr a by @dcel
 Parameter: DCEL -> "0.2"
 Parameter: A <- "-13.6"
  
 CHARMM>    incr b by @dcel
 Parameter: DCEL -> "0.2"
 Parameter: B <- "-13.4"
  
 CHARMM>    if b le ?ZMAX goto DOAREA
 RDCMND substituted energy or value "?ZMAX" to "14.0616092"
 Comparing "-13.4" and "14.0616092".
 IF test evaluated as true.  Performing command
  
 CHARMM>     
  
 CHARMM>    ! Cross sectional protein area with whole atom.
 CHARMM>    scalar wmain = radius
  
 CHARMM>    scalar wmain mult 2.5   sele resname TIP3 end
 SELRPN>      0 atoms have been selected out of    500
  
 CHARMM>    scalar wmain add  1.529 sele .not. resname TIP3 end
 SELRPN>    500 atoms have been selected out of    500
  
 CHARMM>    scalar wmain mult 0.85  sele .not. resname TIP3 end
 SELRPN>    500 atoms have been selected out of    500
  
 CHARMM>    calc zab = ( @a + @b ) / 2.0
 Parameter: A -> "-13.6"
 Parameter: B -> "-13.4"
Evaluating: (-13.6+-13.4)/2.0
 Parameter: ZAB <- "-13.5"
  
 CHARMM>     
  
 CHARMM>    coor search -
 CHARMM>         xmin @x1  xmax @x2  xgrip @xncel -
 CHARMM>         ymin @y1  ymax @y2  ygrip @yncel -
 CHARMM>         zmin @a   zmax @b   zgrip 5
 Parameter: X1 -> "-13.8257234"
 Parameter: X2 -> "13.3162766"
 Parameter: XNCEL -> "135"
 Parameter: Y1 -> "-13.9910845"
 Parameter: Y2 -> "13.9910845"
 Parameter: YNCEL -> "139"
 Parameter: A -> "-13.6"
 Parameter: B -> "-13.4"

 A TOTAL OF    78590   VACUUM POINTS WERE FOUND
 A TOTAL OF    15235 OCCUPIED POINTS WERE FOUND
 A TOTAL OF        0 EXTERNAL POINTS WERE FOUND
 A TOTAL OF    78590 SELECTED POINTS WERE FOUND
 TOTAL OCCUPIED  VOLUME =      24.664772
 TOTAL SELECTED  VOLUME =     127.233634
 TOTAL FREE      VOLUME =     127.233634
 FRACTIONAL FREE VOLUME =      83.762323
  
 CHARMM>     
  
 CHARMM>    calc c = ?volume * @factor
 Parameter: FACTOR -> "5"
 RDCMND substituted energy or value "?VOLUME" to "24.6647718"
Evaluating: 24.6647718*5
 Parameter: C <- "123.323859"
  
 CHARMM>     
  
 CHARMM>    if a .lt. -10 if a .gt. -20 if c .gt. @botarea set botarea = @c
 Parameter: BOTAREA -> "110.396507"
 Parameter: C -> "123.323859"
 Comparing "-13.6" and "-10".
 IF test evaluated as true.  Performing command
 Comparing "-13.6" and "-20".
 IF test evaluated as true.  Performing command
 Comparing "123.323859" and "110.396507".
 IF test evaluated as true.  Performing command
 Parameter: BOTAREA <- "123.323859"
  
 CHARMM>    if a .gt.  10 if a .lt.  20 if c .gt. @toparea set toparea = @c
 Parameter: TOPAREA -> "-1"
 Parameter: C -> "123.323859"
 Comparing "-13.6" and "10".
 IF test evaluated as false.  Skipping command
  
 CHARMM>     
  
 CHARMM>    write title unit 51
 RDTITL> * -13.4  123.323859
 RDTITL> *
  
 CHARMM>     
  
 CHARMM>    incr a by @dcel
 Parameter: DCEL -> "0.2"
 Parameter: A <- "-13.4"
  
 CHARMM>    incr b by @dcel
 Parameter: DCEL -> "0.2"
 Parameter: B <- "-13.2"
  
 CHARMM>    if b le ?ZMAX goto DOAREA
 RDCMND substituted energy or value "?ZMAX" to "14.0616092"
 Comparing "-13.2" and "14.0616092".
 IF test evaluated as true.  Performing command
  
 CHARMM>     
  
 CHARMM>    ! Cross sectional protein area with whole atom.
 CHARMM>    scalar wmain = radius
  
 CHARMM>    scalar wmain mult 2.5   sele resname TIP3 end
 SELRPN>      0 atoms have been selected out of    500
  
 CHARMM>    scalar wmain add  1.529 sele .not. resname TIP3 end
 SELRPN>    500 atoms have been selected out of    500
  
 CHARMM>    scalar wmain mult 0.85  sele .not. resname TIP3 end
 SELRPN>    500 atoms have been selected out of    500
  
 CHARMM>    calc zab = ( @a + @b ) / 2.0
 Parameter: A -> "-13.4"
 Parameter: B -> "-13.2"
Evaluating: (-13.4+-13.2)/2.0
 Parameter: ZAB <- "-13.3"
  
 CHARMM>     
  
 CHARMM>    coor search -
 CHARMM>         xmin @x1  xmax @x2  xgrip @xncel -
 CHARMM>         ymin @y1  ymax @y2  ygrip @yncel -
 CHARMM>         zmin @a   zmax @b   zgrip 5
 Parameter: X1 -> "-13.8257234"
 Parameter: X2 -> "13.3162766"
 Parameter: XNCEL -> "135"
 Parameter: Y1 -> "-13.9910845"
 Parameter: Y2 -> "13.9910845"
 Parameter: YNCEL -> "139"
 Parameter: A -> "-13.4"
 Parameter: B -> "-13.2"

 A TOTAL OF    76901   VACUUM POINTS WERE FOUND
 A TOTAL OF    16924 OCCUPIED POINTS WERE FOUND
 A TOTAL OF        0 EXTERNAL POINTS WERE FOUND
 A TOTAL OF    76901 SELECTED POINTS WERE FOUND
 TOTAL OCCUPIED  VOLUME =      27.399186
 TOTAL SELECTED  VOLUME =     124.499220
 TOTAL FREE      VOLUME =     124.499220
 FRACTIONAL FREE VOLUME =      81.962164
  
 CHARMM>     
  
 CHARMM>    calc c = ?volume * @factor
 Parameter: FACTOR -> "5"
 RDCMND substituted energy or value "?VOLUME" to "27.399186"
Evaluating: 27.399186*5
 Parameter: C <- "136.99593"
  
 CHARMM>     
  
 CHARMM>    if a .lt. -10 if a .gt. -20 if c .gt. @botarea set botarea = @c
 Parameter: BOTAREA -> "123.323859"
 Parameter: C -> "136.99593"
 Comparing "-13.4" and "-10".
 IF test evaluated as true.  Performing command
 Comparing "-13.4" and "-20".
 IF test evaluated as true.  Performing command
 Comparing "136.99593" and "123.323859".
 IF test evaluated as true.  Performing command
 Parameter: BOTAREA <- "136.99593"
  
 CHARMM>    if a .gt.  10 if a .lt.  20 if c .gt. @toparea set toparea = @c
 Parameter: TOPAREA -> "-1"
 Parameter: C -> "136.99593"
 Comparing "-13.4" and "10".
 IF test evaluated as false.  Skipping command
  
 CHARMM>     
  
 CHARMM>    write title unit 51
 RDTITL> * -13.2  136.99593
 RDTITL> *
  
 CHARMM>     
  
 CHARMM>    incr a by @dcel
 Parameter: DCEL -> "0.2"
 Parameter: A <- "-13.2"
  
 CHARMM>    incr b by @dcel
 Parameter: DCEL -> "0.2"
 Parameter: B <- "-13"
  
 CHARMM>    if b le ?ZMAX goto DOAREA
 RDCMND substituted energy or value "?ZMAX" to "14.0616092"
 Comparing "-13" and "14.0616092".
 IF test evaluated as true.  Performing command
  
 CHARMM>     
  
 CHARMM>    ! Cross sectional protein area with whole atom.
 CHARMM>    scalar wmain = radius
  
 CHARMM>    scalar wmain mult 2.5   sele resname TIP3 end
 SELRPN>      0 atoms have been selected out of    500
  
 CHARMM>    scalar wmain add  1.529 sele .not. resname TIP3 end
 SELRPN>    500 atoms have been selected out of    500
  
 CHARMM>    scalar wmain mult 0.85  sele .not. resname TIP3 end
 SELRPN>    500 atoms have been selected out of    500
  
 CHARMM>    calc zab = ( @a + @b ) / 2.0
 Parameter: A -> "-13.2"
 Parameter: B -> "-13"
Evaluating: (-13.2+-13)/2.0
 Parameter: ZAB <- "-13.1"
  
 CHARMM>     
  
 CHARMM>    coor search -
 CHARMM>         xmin @x1  xmax @x2  xgrip @xncel -
 CHARMM>         ymin @y1  ymax @y2  ygrip @yncel -
 CHARMM>         zmin @a   zmax @b   zgrip 5
 Parameter: X1 -> "-13.8257234"
 Parameter: X2 -> "13.3162766"
 Parameter: XNCEL -> "135"
 Parameter: Y1 -> "-13.9910845"
 Parameter: Y2 -> "13.9910845"
 Parameter: YNCEL -> "139"
 Parameter: A -> "-13.2"
 Parameter: B -> "-13"

 A TOTAL OF    75070   VACUUM POINTS WERE FOUND
 A TOTAL OF    18755 OCCUPIED POINTS WERE FOUND
 A TOTAL OF        0 EXTERNAL POINTS WERE FOUND
 A TOTAL OF    75070 SELECTED POINTS WERE FOUND
 TOTAL OCCUPIED  VOLUME =      30.363492
 TOTAL SELECTED  VOLUME =     121.534915
 TOTAL FREE      VOLUME =     121.534915
 FRACTIONAL FREE VOLUME =      80.010658
  
 CHARMM>     
  
 CHARMM>    calc c = ?volume * @factor
 Parameter: FACTOR -> "5"
 RDCMND substituted energy or value "?VOLUME" to "30.3634917"
Evaluating: 30.3634917*5
 Parameter: C <- "151.817459"
  
 CHARMM>     
  
 CHARMM>    if a .lt. -10 if a .gt. -20 if c .gt. @botarea set botarea = @c
 Parameter: BOTAREA -> "136.99593"
 Parameter: C -> "151.817459"
 Comparing "-13.2" and "-10".
 IF test evaluated as true.  Performing command
 Comparing "-13.2" and "-20".
 IF test evaluated as true.  Performing command
 Comparing "151.817459" and "136.99593".
 IF test evaluated as true.  Performing command
 Parameter: BOTAREA <- "151.817459"
  
 CHARMM>    if a .gt.  10 if a .lt.  20 if c .gt. @toparea set toparea = @c
 Parameter: TOPAREA -> "-1"
 Parameter: C -> "151.817459"
 Comparing "-13.2" and "10".
 IF test evaluated as false.  Skipping command
  
 CHARMM>     
  
 CHARMM>    write title unit 51
 RDTITL> * -13  151.817459
 RDTITL> *
  
 CHARMM>     
  
 CHARMM>    incr a by @dcel
 Parameter: DCEL -> "0.2"
 Parameter: A <- "-13"
  
 CHARMM>    incr b by @dcel
 Parameter: DCEL -> "0.2"
 Parameter: B <- "-12.8"
  
 CHARMM>    if b le ?ZMAX goto DOAREA
 RDCMND substituted energy or value "?ZMAX" to "14.0616092"
 Comparing "-12.8" and "14.0616092".
 IF test evaluated as true.  Performing command
  
 CHARMM>     
  
 CHARMM>    ! Cross sectional protein area with whole atom.
 CHARMM>    scalar wmain = radius
  
 CHARMM>    scalar wmain mult 2.5   sele resname TIP3 end
 SELRPN>      0 atoms have been selected out of    500
  
 CHARMM>    scalar wmain add  1.529 sele .not. resname TIP3 end
 SELRPN>    500 atoms have been selected out of    500
  
 CHARMM>    scalar wmain mult 0.85  sele .not. resname TIP3 end
 SELRPN>    500 atoms have been selected out of    500
  
 CHARMM>    calc zab = ( @a + @b ) / 2.0
 Parameter: A -> "-13"
 Parameter: B -> "-12.8"
Evaluating: (-13+-12.8)/2.0
 Parameter: ZAB <- "-12.9"
  
 CHARMM>     
  
 CHARMM>    coor search -
 CHARMM>         xmin @x1  xmax @x2  xgrip @xncel -
 CHARMM>         ymin @y1  ymax @y2  ygrip @yncel -
 CHARMM>         zmin @a   zmax @b   zgrip 5
 Parameter: X1 -> "-13.8257234"
 Parameter: X2 -> "13.3162766"
 Parameter: XNCEL -> "135"
 Parameter: Y1 -> "-13.9910845"
 Parameter: Y2 -> "13.9910845"
 Parameter: YNCEL -> "139"
 Parameter: A -> "-13"
 Parameter: B -> "-12.8"

 A TOTAL OF    73332   VACUUM POINTS WERE FOUND
 A TOTAL OF    20493 OCCUPIED POINTS WERE FOUND
 A TOTAL OF        0 EXTERNAL POINTS WERE FOUND
 A TOTAL OF    73332 SELECTED POINTS WERE FOUND
 TOTAL OCCUPIED  VOLUME =      33.177235
 TOTAL SELECTED  VOLUME =     118.721172
 TOTAL FREE      VOLUME =     118.721172
 FRACTIONAL FREE VOLUME =      78.158273
  
 CHARMM>     
  
 CHARMM>    calc c = ?volume * @factor
 Parameter: FACTOR -> "5"
 RDCMND substituted energy or value "?VOLUME" to "33.1772346"
Evaluating: 33.1772346*5
 Parameter: C <- "165.886173"
  
 CHARMM>     
  
 CHARMM>    if a .lt. -10 if a .gt. -20 if c .gt. @botarea set botarea = @c
 Parameter: BOTAREA -> "151.817459"
 Parameter: C -> "165.886173"
 Comparing "-13" and "-10".
 IF test evaluated as true.  Performing command
 Comparing "-13" and "-20".
 IF test evaluated as true.  Performing command
 Comparing "165.886173" and "151.817459".
 IF test evaluated as true.  Performing command
 Parameter: BOTAREA <- "165.886173"
  
 CHARMM>    if a .gt.  10 if a .lt.  20 if c .gt. @toparea set toparea = @c
 Parameter: TOPAREA -> "-1"
 Parameter: C -> "165.886173"
 Comparing "-13" and "10".
 IF test evaluated as false.  Skipping command
  
 CHARMM>     
  
 CHARMM>    write title unit 51
 RDTITL> * -12.8  165.886173
 RDTITL> *
  
 CHARMM>     
  
 CHARMM>    incr a by @dcel
 Parameter: DCEL -> "0.2"
 Parameter: A <- "-12.8"
  
 CHARMM>    incr b by @dcel
 Parameter: DCEL -> "0.2"
 Parameter: B <- "-12.6"
  
 CHARMM>    if b le ?ZMAX goto DOAREA
 RDCMND substituted energy or value "?ZMAX" to "14.0616092"
 Comparing "-12.6" and "14.0616092".
 IF test evaluated as true.  Performing command
  
 CHARMM>     
  
 CHARMM>    ! Cross sectional protein area with whole atom.
 CHARMM>    scalar wmain = radius
  
 CHARMM>    scalar wmain mult 2.5   sele resname TIP3 end
 SELRPN>      0 atoms have been selected out of    500
  
 CHARMM>    scalar wmain add  1.529 sele .not. resname TIP3 end
 SELRPN>    500 atoms have been selected out of    500
  
 CHARMM>    scalar wmain mult 0.85  sele .not. resname TIP3 end
 SELRPN>    500 atoms have been selected out of    500
  
 CHARMM>    calc zab = ( @a + @b ) / 2.0
 Parameter: A -> "-12.8"
 Parameter: B -> "-12.6"
Evaluating: (-12.8+-12.6)/2.0
 Parameter: ZAB <- "-12.7"
  
 CHARMM>     
  
 CHARMM>    coor search -
 CHARMM>         xmin @x1  xmax @x2  xgrip @xncel -
 CHARMM>         ymin @y1  ymax @y2  ygrip @yncel -
 CHARMM>         zmin @a   zmax @b   zgrip 5
 Parameter: X1 -> "-13.8257234"
 Parameter: X2 -> "13.3162766"
 Parameter: XNCEL -> "135"
 Parameter: Y1 -> "-13.9910845"
 Parameter: Y2 -> "13.9910845"
 Parameter: YNCEL -> "139"
 Parameter: A -> "-12.8"
 Parameter: B -> "-12.6"

 A TOTAL OF    71649   VACUUM POINTS WERE FOUND
 A TOTAL OF    22176 OCCUPIED POINTS WERE FOUND
 A TOTAL OF        0 EXTERNAL POINTS WERE FOUND
 A TOTAL OF    71649 SELECTED POINTS WERE FOUND
 TOTAL OCCUPIED  VOLUME =      35.901935
 TOTAL SELECTED  VOLUME =     115.996471
 TOTAL FREE      VOLUME =     115.996471
 FRACTIONAL FREE VOLUME =      76.364508
  
 CHARMM>     
  
 CHARMM>    calc c = ?volume * @factor
 Parameter: FACTOR -> "5"
 RDCMND substituted energy or value "?VOLUME" to "35.901935"
Evaluating: 35.901935*5
 Parameter: C <- "179.509675"
  
 CHARMM>     
  
 CHARMM>    if a .lt. -10 if a .gt. -20 if c .gt. @botarea set botarea = @c
 Parameter: BOTAREA -> "165.886173"
 Parameter: C -> "179.509675"
 Comparing "-12.8" and "-10".
 IF test evaluated as true.  Performing command
 Comparing "-12.8" and "-20".
 IF test evaluated as true.  Performing command
 Comparing "179.509675" and "165.886173".
 IF test evaluated as true.  Performing command
 Parameter: BOTAREA <- "179.509675"
  
 CHARMM>    if a .gt.  10 if a .lt.  20 if c .gt. @toparea set toparea = @c
 Parameter: TOPAREA -> "-1"
 Parameter: C -> "179.509675"
 Comparing "-12.8" and "10".
 IF test evaluated as false.  Skipping command
  
 CHARMM>     
  
 CHARMM>    write title unit 51
 RDTITL> * -12.6  179.509675
 RDTITL> *
  
 CHARMM>     
  
 CHARMM>    incr a by @dcel
 Parameter: DCEL -> "0.2"
 Parameter: A <- "-12.6"
  
 CHARMM>    incr b by @dcel
 Parameter: DCEL -> "0.2"
 Parameter: B <- "-12.4"
  
 CHARMM>    if b le ?ZMAX goto DOAREA
 RDCMND substituted energy or value "?ZMAX" to "14.0616092"
 Comparing "-12.4" and "14.0616092".
 IF test evaluated as true.  Performing command
  
 CHARMM>     
  
 CHARMM>    ! Cross sectional protein area with whole atom.
 CHARMM>    scalar wmain = radius
  
 CHARMM>    scalar wmain mult 2.5   sele resname TIP3 end
 SELRPN>      0 atoms have been selected out of    500
  
 CHARMM>    scalar wmain add  1.529 sele .not. resname TIP3 end
 SELRPN>    500 atoms have been selected out of    500
  
 CHARMM>    scalar wmain mult 0.85  sele .not. resname TIP3 end
 SELRPN>    500 atoms have been selected out of    500
  
 CHARMM>    calc zab = ( @a + @b ) / 2.0
 Parameter: A -> "-12.6"
 Parameter: B -> "-12.4"
Evaluating: (-12.6+-12.4)/2.0
 Parameter: ZAB <- "-12.5"
  
 CHARMM>     
  
 CHARMM>    coor search -
 CHARMM>         xmin @x1  xmax @x2  xgrip @xncel -
 CHARMM>         ymin @y1  ymax @y2  ygrip @yncel -
 CHARMM>         zmin @a   zmax @b   zgrip 5
 Parameter: X1 -> "-13.8257234"
 Parameter: X2 -> "13.3162766"
 Parameter: XNCEL -> "135"
 Parameter: Y1 -> "-13.9910845"
 Parameter: Y2 -> "13.9910845"
 Parameter: YNCEL -> "139"
 Parameter: A -> "-12.6"
 Parameter: B -> "-12.4"

 A TOTAL OF    69727   VACUUM POINTS WERE FOUND
 A TOTAL OF    24098 OCCUPIED POINTS WERE FOUND
 A TOTAL OF        0 EXTERNAL POINTS WERE FOUND
 A TOTAL OF    69727 SELECTED POINTS WERE FOUND
 TOTAL OCCUPIED  VOLUME =      39.013566
 TOTAL SELECTED  VOLUME =     112.884841
 TOTAL FREE      VOLUME =     112.884841
 FRACTIONAL FREE VOLUME =      74.316014
  
 CHARMM>     
  
 CHARMM>    calc c = ?volume * @factor
 Parameter: FACTOR -> "5"
 RDCMND substituted energy or value "?VOLUME" to "39.0135656"
Evaluating: 39.0135656*5
 Parameter: C <- "195.067828"
  
 CHARMM>     
  
 CHARMM>    if a .lt. -10 if a .gt. -20 if c .gt. @botarea set botarea = @c
 Parameter: BOTAREA -> "179.509675"
 Parameter: C -> "195.067828"
 Comparing "-12.6" and "-10".
 IF test evaluated as true.  Performing command
 Comparing "-12.6" and "-20".
 IF test evaluated as true.  Performing command
 Comparing "195.067828" and "179.509675".
 IF test evaluated as true.  Performing command
 Parameter: BOTAREA <- "195.067828"
  
 CHARMM>    if a .gt.  10 if a .lt.  20 if c .gt. @toparea set toparea = @c
 Parameter: TOPAREA -> "-1"
 Parameter: C -> "195.067828"
 Comparing "-12.6" and "10".
 IF test evaluated as false.  Skipping command
  
 CHARMM>     
  
 CHARMM>    write title unit 51
 RDTITL> * -12.4  195.067828
 RDTITL> *
  
 CHARMM>     
  
 CHARMM>    incr a by @dcel
 Parameter: DCEL -> "0.2"
 Parameter: A <- "-12.4"
  
 CHARMM>    incr b by @dcel
 Parameter: DCEL -> "0.2"
 Parameter: B <- "-12.2"
  
 CHARMM>    if b le ?ZMAX goto DOAREA
 RDCMND substituted energy or value "?ZMAX" to "14.0616092"
 Comparing "-12.2" and "14.0616092".
 IF test evaluated as true.  Performing command
  
 CHARMM>     
  
 CHARMM>    ! Cross sectional protein area with whole atom.
 CHARMM>    scalar wmain = radius
  
 CHARMM>    scalar wmain mult 2.5   sele resname TIP3 end
 SELRPN>      0 atoms have been selected out of    500
  
 CHARMM>    scalar wmain add  1.529 sele .not. resname TIP3 end
 SELRPN>    500 atoms have been selected out of    500
  
 CHARMM>    scalar wmain mult 0.85  sele .not. resname TIP3 end
 SELRPN>    500 atoms have been selected out of    500
  
 CHARMM>    calc zab = ( @a + @b ) / 2.0
 Parameter: A -> "-12.4"
 Parameter: B -> "-12.2"
Evaluating: (-12.4+-12.2)/2.0
 Parameter: ZAB <- "-12.3"
  
 CHARMM>     
  
 CHARMM>    coor search -
 CHARMM>         xmin @x1  xmax @x2  xgrip @xncel -
 CHARMM>         ymin @y1  ymax @y2  ygrip @yncel -
 CHARMM>         zmin @a   zmax @b   zgrip 5
 Parameter: X1 -> "-13.8257234"
 Parameter: X2 -> "13.3162766"
 Parameter: XNCEL -> "135"
 Parameter: Y1 -> "-13.9910845"
 Parameter: Y2 -> "13.9910845"
 Parameter: YNCEL -> "139"
 Parameter: A -> "-12.4"
 Parameter: B -> "-12.2"

 A TOTAL OF    67844   VACUUM POINTS WERE FOUND
 A TOTAL OF    25981 OCCUPIED POINTS WERE FOUND
 A TOTAL OF        0 EXTERNAL POINTS WERE FOUND
 A TOTAL OF    67844 SELECTED POINTS WERE FOUND
 TOTAL OCCUPIED  VOLUME =      42.062057
 TOTAL SELECTED  VOLUME =     109.836349
 TOTAL FREE      VOLUME =     109.836349
 FRACTIONAL FREE VOLUME =      72.309086
  
 CHARMM>     
  
 CHARMM>    calc c = ?volume * @factor
 Parameter: FACTOR -> "5"
 RDCMND substituted energy or value "?VOLUME" to "42.0620569"
Evaluating: 42.0620569*5
 Parameter: C <- "210.310285"
  
 CHARMM>     
  
 CHARMM>    if a .lt. -10 if a .gt. -20 if c .gt. @botarea set botarea = @c
 Parameter: BOTAREA -> "195.067828"
 Parameter: C -> "210.310285"
 Comparing "-12.4" and "-10".
 IF test evaluated as true.  Performing command
 Comparing "-12.4" and "-20".
 IF test evaluated as true.  Performing command
 Comparing "210.310285" and "195.067828".
 IF test evaluated as true.  Performing command
 Parameter: BOTAREA <- "210.310285"
  
 CHARMM>    if a .gt.  10 if a .lt.  20 if c .gt. @toparea set toparea = @c
 Parameter: TOPAREA -> "-1"
 Parameter: C -> "210.310285"
 Comparing "-12.4" and "10".
 IF test evaluated as false.  Skipping command
  
 CHARMM>     
  
 CHARMM>    write title unit 51
 RDTITL> * -12.2  210.310285
 RDTITL> *
  
 CHARMM>     
  
 CHARMM>    incr a by @dcel
 Parameter: DCEL -> "0.2"
 Parameter: A <- "-12.2"
  
 CHARMM>    incr b by @dcel
 Parameter: DCEL -> "0.2"
 Parameter: B <- "-12"
  
 CHARMM>    if b le ?ZMAX goto DOAREA
 RDCMND substituted energy or value "?ZMAX" to "14.0616092"
 Comparing "-12" and "14.0616092".
 IF test evaluated as true.  Performing command
  
 CHARMM>     
  
 CHARMM>    ! Cross sectional protein area with whole atom.
 CHARMM>    scalar wmain = radius
  
 CHARMM>    scalar wmain mult 2.5   sele resname TIP3 end
 SELRPN>      0 atoms have been selected out of    500
  
 CHARMM>    scalar wmain add  1.529 sele .not. resname TIP3 end
 SELRPN>    500 atoms have been selected out of    500
  
 CHARMM>    scalar wmain mult 0.85  sele .not. resname TIP3 end
 SELRPN>    500 atoms have been selected out of    500
  
 CHARMM>    calc zab = ( @a + @b ) / 2.0
 Parameter: A -> "-12.2"
 Parameter: B -> "-12"
Evaluating: (-12.2+-12)/2.0
 Parameter: ZAB <- "-12.1"
  
 CHARMM>     
  
 CHARMM>    coor search -
 CHARMM>         xmin @x1  xmax @x2  xgrip @xncel -
 CHARMM>         ymin @y1  ymax @y2  ygrip @yncel -
 CHARMM>         zmin @a   zmax @b   zgrip 5
 Parameter: X1 -> "-13.8257234"
 Parameter: X2 -> "13.3162766"
 Parameter: XNCEL -> "135"
 Parameter: Y1 -> "-13.9910845"
 Parameter: Y2 -> "13.9910845"
 Parameter: YNCEL -> "139"
 Parameter: A -> "-12.2"
 Parameter: B -> "-12"

 A TOTAL OF    65787   VACUUM POINTS WERE FOUND
 A TOTAL OF    28038 OCCUPIED POINTS WERE FOUND
 A TOTAL OF        0 EXTERNAL POINTS WERE FOUND
 A TOTAL OF    65787 SELECTED POINTS WERE FOUND
 TOTAL OCCUPIED  VOLUME =      45.392246
 TOTAL SELECTED  VOLUME =     106.506160
 TOTAL FREE      VOLUME =     106.506160
 FRACTIONAL FREE VOLUME =      70.116707
  
 CHARMM>     
  
 CHARMM>    calc c = ?volume * @factor
 Parameter: FACTOR -> "5"
 RDCMND substituted energy or value "?VOLUME" to "45.3922463"
Evaluating: 45.3922463*5
 Parameter: C <- "226.961231"
  
 CHARMM>     
  
 CHARMM>    if a .lt. -10 if a .gt. -20 if c .gt. @botarea set botarea = @c
 Parameter: BOTAREA -> "210.310285"
 Parameter: C -> "226.961231"
 Comparing "-12.2" and "-10".
 IF test evaluated as true.  Performing command
 Comparing "-12.2" and "-20".
 IF test evaluated as true.  Performing command
 Comparing "226.961231" and "210.310285".
 IF test evaluated as true.  Performing command
 Parameter: BOTAREA <- "226.961231"
  
 CHARMM>    if a .gt.  10 if a .lt.  20 if c .gt. @toparea set toparea = @c
 Parameter: TOPAREA -> "-1"
 Parameter: C -> "226.961231"
 Comparing "-12.2" and "10".
 IF test evaluated as false.  Skipping command
  
 CHARMM>     
  
 CHARMM>    write title unit 51
 RDTITL> * -12  226.961231
 RDTITL> *
  
 CHARMM>     
  
 CHARMM>    incr a by @dcel
 Parameter: DCEL -> "0.2"
 Parameter: A <- "-12"
  
 CHARMM>    incr b by @dcel
 Parameter: DCEL -> "0.2"
 Parameter: B <- "-11.8"
  
 CHARMM>    if b le ?ZMAX goto DOAREA
 RDCMND substituted energy or value "?ZMAX" to "14.0616092"
 Comparing "-11.8" and "14.0616092".
 IF test evaluated as true.  Performing command
  
 CHARMM>     
  
 CHARMM>    ! Cross sectional protein area with whole atom.
 CHARMM>    scalar wmain = radius
  
 CHARMM>    scalar wmain mult 2.5   sele resname TIP3 end
 SELRPN>      0 atoms have been selected out of    500
  
 CHARMM>    scalar wmain add  1.529 sele .not. resname TIP3 end
 SELRPN>    500 atoms have been selected out of    500
  
 CHARMM>    scalar wmain mult 0.85  sele .not. resname TIP3 end
 SELRPN>    500 atoms have been selected out of    500
  
 CHARMM>    calc zab = ( @a + @b ) / 2.0
 Parameter: A -> "-12"
 Parameter: B -> "-11.8"
Evaluating: (-12+-11.8)/2.0
 Parameter: ZAB <- "-11.9"
  
 CHARMM>     
  
 CHARMM>    coor search -
 CHARMM>         xmin @x1  xmax @x2  xgrip @xncel -
 CHARMM>         ymin @y1  ymax @y2  ygrip @yncel -
 CHARMM>         zmin @a   zmax @b   zgrip 5
 Parameter: X1 -> "-13.8257234"
 Parameter: X2 -> "13.3162766"
 Parameter: XNCEL -> "135"
 Parameter: Y1 -> "-13.9910845"
 Parameter: Y2 -> "13.9910845"
 Parameter: YNCEL -> "139"
 Parameter: A -> "-12"
 Parameter: B -> "-11.8"

 A TOTAL OF    63760   VACUUM POINTS WERE FOUND
 A TOTAL OF    30065 OCCUPIED POINTS WERE FOUND
 A TOTAL OF        0 EXTERNAL POINTS WERE FOUND
 A TOTAL OF    63760 SELECTED POINTS WERE FOUND
 TOTAL OCCUPIED  VOLUME =      48.673867
 TOTAL SELECTED  VOLUME =     103.224539
 TOTAL FREE      VOLUME =     103.224539
 FRACTIONAL FREE VOLUME =      67.956302
  
 CHARMM>     
  
 CHARMM>    calc c = ?volume * @factor
 Parameter: FACTOR -> "5"
 RDCMND substituted energy or value "?VOLUME" to "48.6738671"
Evaluating: 48.6738671*5
 Parameter: C <- "243.369336"
  
 CHARMM>     
  
 CHARMM>    if a .lt. -10 if a .gt. -20 if c .gt. @botarea set botarea = @c
 Parameter: BOTAREA -> "226.961231"
 Parameter: C -> "243.369336"
 Comparing "-12" and "-10".
 IF test evaluated as true.  Performing command
 Comparing "-12" and "-20".
 IF test evaluated as true.  Performing command
 Comparing "243.369336" and "226.961231".
 IF test evaluated as true.  Performing command
 Parameter: BOTAREA <- "243.369336"
  
 CHARMM>    if a .gt.  10 if a .lt.  20 if c .gt. @toparea set toparea = @c
 Parameter: TOPAREA -> "-1"
 Parameter: C -> "243.369336"
 Comparing "-12" and "10".
 IF test evaluated as false.  Skipping command
  
 CHARMM>     
  
 CHARMM>    write title unit 51
 RDTITL> * -11.8  243.369336
 RDTITL> *
  
 CHARMM>     
  
 CHARMM>    incr a by @dcel
 Parameter: DCEL -> "0.2"
 Parameter: A <- "-11.8"
  
 CHARMM>    incr b by @dcel
 Parameter: DCEL -> "0.2"
 Parameter: B <- "-11.6"
  
 CHARMM>    if b le ?ZMAX goto DOAREA
 RDCMND substituted energy or value "?ZMAX" to "14.0616092"
 Comparing "-11.6" and "14.0616092".
 IF test evaluated as true.  Performing command
  
 CHARMM>     
  
 CHARMM>    ! Cross sectional protein area with whole atom.
 CHARMM>    scalar wmain = radius
  
 CHARMM>    scalar wmain mult 2.5   sele resname TIP3 end
 SELRPN>      0 atoms have been selected out of    500
  
 CHARMM>    scalar wmain add  1.529 sele .not. resname TIP3 end
 SELRPN>    500 atoms have been selected out of    500
  
 CHARMM>    scalar wmain mult 0.85  sele .not. resname TIP3 end
 SELRPN>    500 atoms have been selected out of    500
  
 CHARMM>    calc zab = ( @a + @b ) / 2.0
 Parameter: A -> "-11.8"
 Parameter: B -> "-11.6"
Evaluating: (-11.8+-11.6)/2.0
 Parameter: ZAB <- "-11.7"
  
 CHARMM>     
  
 CHARMM>    coor search -
 CHARMM>         xmin @x1  xmax @x2  xgrip @xncel -
 CHARMM>         ymin @y1  ymax @y2  ygrip @yncel -
 CHARMM>         zmin @a   zmax @b   zgrip 5
 Parameter: X1 -> "-13.8257234"
 Parameter: X2 -> "13.3162766"
 Parameter: XNCEL -> "135"
 Parameter: Y1 -> "-13.9910845"
 Parameter: Y2 -> "13.9910845"
 Parameter: YNCEL -> "139"
 Parameter: A -> "-11.8"
 Parameter: B -> "-11.6"

 A TOTAL OF    61766   VACUUM POINTS WERE FOUND
 A TOTAL OF    32059 OCCUPIED POINTS WERE FOUND
 A TOTAL OF        0 EXTERNAL POINTS WERE FOUND
 A TOTAL OF    61766 SELECTED POINTS WERE FOUND
 TOTAL OCCUPIED  VOLUME =      51.902062
 TOTAL SELECTED  VOLUME =      99.996344
 TOTAL FREE      VOLUME =      99.996344
 FRACTIONAL FREE VOLUME =      65.831068
  
 CHARMM>     
  
 CHARMM>    calc c = ?volume * @factor
 Parameter: FACTOR -> "5"
 RDCMND substituted energy or value "?VOLUME" to "51.9020624"
Evaluating: 51.9020624*5
 Parameter: C <- "259.510312"
  
 CHARMM>     
  
 CHARMM>    if a .lt. -10 if a .gt. -20 if c .gt. @botarea set botarea = @c
 Parameter: BOTAREA -> "243.369336"
 Parameter: C -> "259.510312"
 Comparing "-11.8" and "-10".
 IF test evaluated as true.  Performing command
 Comparing "-11.8" and "-20".
 IF test evaluated as true.  Performing command
 Comparing "259.510312" and "243.369336".
 IF test evaluated as true.  Performing command
 Parameter: BOTAREA <- "259.510312"
  
 CHARMM>    if a .gt.  10 if a .lt.  20 if c .gt. @toparea set toparea = @c
 Parameter: TOPAREA -> "-1"
 Parameter: C -> "259.510312"
 Comparing "-11.8" and "10".
 IF test evaluated as false.  Skipping command
  
 CHARMM>     
  
 CHARMM>    write title unit 51
 RDTITL> * -11.6  259.510312
 RDTITL> *
  
 CHARMM>     
  
 CHARMM>    incr a by @dcel
 Parameter: DCEL -> "0.2"
 Parameter: A <- "-11.6"
  
 CHARMM>    incr b by @dcel
 Parameter: DCEL -> "0.2"
 Parameter: B <- "-11.4"
  
 CHARMM>    if b le ?ZMAX goto DOAREA
 RDCMND substituted energy or value "?ZMAX" to "14.0616092"
 Comparing "-11.4" and "14.0616092".
 IF test evaluated as true.  Performing command
  
 CHARMM>     
  
 CHARMM>    ! Cross sectional protein area with whole atom.
 CHARMM>    scalar wmain = radius
  
 CHARMM>    scalar wmain mult 2.5   sele resname TIP3 end
 SELRPN>      0 atoms have been selected out of    500
  
 CHARMM>    scalar wmain add  1.529 sele .not. resname TIP3 end
 SELRPN>    500 atoms have been selected out of    500
  
 CHARMM>    scalar wmain mult 0.85  sele .not. resname TIP3 end
 SELRPN>    500 atoms have been selected out of    500
  
 CHARMM>    calc zab = ( @a + @b ) / 2.0
 Parameter: A -> "-11.6"
 Parameter: B -> "-11.4"
Evaluating: (-11.6+-11.4)/2.0
 Parameter: ZAB <- "-11.5"
  
 CHARMM>     
  
 CHARMM>    coor search -
 CHARMM>         xmin @x1  xmax @x2  xgrip @xncel -
 CHARMM>         ymin @y1  ymax @y2  ygrip @yncel -
 CHARMM>         zmin @a   zmax @b   zgrip 5
 Parameter: X1 -> "-13.8257234"
 Parameter: X2 -> "13.3162766"
 Parameter: XNCEL -> "135"
 Parameter: Y1 -> "-13.9910845"
 Parameter: Y2 -> "13.9910845"
 Parameter: YNCEL -> "139"
 Parameter: A -> "-11.6"
 Parameter: B -> "-11.4"

 A TOTAL OF    60016   VACUUM POINTS WERE FOUND
 A TOTAL OF    33809 OCCUPIED POINTS WERE FOUND
 A TOTAL OF        0 EXTERNAL POINTS WERE FOUND
 A TOTAL OF    60016 SELECTED POINTS WERE FOUND
 TOTAL OCCUPIED  VOLUME =      54.735233
 TOTAL SELECTED  VOLUME =      97.163173
 TOTAL FREE      VOLUME =      97.163173
 FRACTIONAL FREE VOLUME =      63.965894
  
 CHARMM>     
  
 CHARMM>    calc c = ?volume * @factor
 Parameter: FACTOR -> "5"
 RDCMND substituted energy or value "?VOLUME" to "54.7352328"
Evaluating: 54.7352328*5
 Parameter: C <- "273.676164"
  
 CHARMM>     
  
 CHARMM>    if a .lt. -10 if a .gt. -20 if c .gt. @botarea set botarea = @c
 Parameter: BOTAREA -> "259.510312"
 Parameter: C -> "273.676164"
 Comparing "-11.6" and "-10".
 IF test evaluated as true.  Performing command
 Comparing "-11.6" and "-20".
 IF test evaluated as true.  Performing command
 Comparing "273.676164" and "259.510312".
 IF test evaluated as true.  Performing command
 Parameter: BOTAREA <- "273.676164"
  
 CHARMM>    if a .gt.  10 if a .lt.  20 if c .gt. @toparea set toparea = @c
 Parameter: TOPAREA -> "-1"
 Parameter: C -> "273.676164"
 Comparing "-11.6" and "10".
 IF test evaluated as false.  Skipping command
  
 CHARMM>     
  
 CHARMM>    write title unit 51
 RDTITL> * -11.4  273.676164
 RDTITL> *
  
 CHARMM>     
  
 CHARMM>    incr a by @dcel
 Parameter: DCEL -> "0.2"
 Parameter: A <- "-11.4"
  
 CHARMM>    incr b by @dcel
 Parameter: DCEL -> "0.2"
 Parameter: B <- "-11.2"
  
 CHARMM>    if b le ?ZMAX goto DOAREA
 RDCMND substituted energy or value "?ZMAX" to "14.0616092"
 Comparing "-11.2" and "14.0616092".
 IF test evaluated as true.  Performing command
  
 CHARMM>     
  
 CHARMM>    ! Cross sectional protein area with whole atom.
 CHARMM>    scalar wmain = radius
  
 CHARMM>    scalar wmain mult 2.5   sele resname TIP3 end
 SELRPN>      0 atoms have been selected out of    500
  
 CHARMM>    scalar wmain add  1.529 sele .not. resname TIP3 end
 SELRPN>    500 atoms have been selected out of    500
  
 CHARMM>    scalar wmain mult 0.85  sele .not. resname TIP3 end
 SELRPN>    500 atoms have been selected out of    500
  
 CHARMM>    calc zab = ( @a + @b ) / 2.0
 Parameter: A -> "-11.4"
 Parameter: B -> "-11.2"
Evaluating: (-11.4+-11.2)/2.0
 Parameter: ZAB <- "-11.3"
  
 CHARMM>     
  
 CHARMM>    coor search -
 CHARMM>         xmin @x1  xmax @x2  xgrip @xncel -
 CHARMM>         ymin @y1  ymax @y2  ygrip @yncel -
 CHARMM>         zmin @a   zmax @b   zgrip 5
 Parameter: X1 -> "-13.8257234"
 Parameter: X2 -> "13.3162766"
 Parameter: XNCEL -> "135"
 Parameter: Y1 -> "-13.9910845"
 Parameter: Y2 -> "13.9910845"
 Parameter: YNCEL -> "139"
 Parameter: A -> "-11.4"
 Parameter: B -> "-11.2"

 A TOTAL OF    58684   VACUUM POINTS WERE FOUND
 A TOTAL OF    35141 OCCUPIED POINTS WERE FOUND
 A TOTAL OF        0 EXTERNAL POINTS WERE FOUND
 A TOTAL OF    58684 SELECTED POINTS WERE FOUND
 TOTAL OCCUPIED  VOLUME =      56.891680
 TOTAL SELECTED  VOLUME =      95.006726
 TOTAL FREE      VOLUME =      95.006726
 FRACTIONAL FREE VOLUME =      62.546230
  
 CHARMM>     
  
 CHARMM>    calc c = ?volume * @factor
 Parameter: FACTOR -> "5"
 RDCMND substituted energy or value "?VOLUME" to "56.8916802"
Evaluating: 56.8916802*5
 Parameter: C <- "284.458401"
  
 CHARMM>     
  
 CHARMM>    if a .lt. -10 if a .gt. -20 if c .gt. @botarea set botarea = @c
 Parameter: BOTAREA -> "273.676164"
 Parameter: C -> "284.458401"
 Comparing "-11.4" and "-10".
 IF test evaluated as true.  Performing command
 Comparing "-11.4" and "-20".
 IF test evaluated as true.  Performing command
 Comparing "284.458401" and "273.676164".
 IF test evaluated as true.  Performing command
 Parameter: BOTAREA <- "284.458401"
  
 CHARMM>    if a .gt.  10 if a .lt.  20 if c .gt. @toparea set toparea = @c
 Parameter: TOPAREA -> "-1"
 Parameter: C -> "284.458401"
 Comparing "-11.4" and "10".
 IF test evaluated as false.  Skipping command
  
 CHARMM>     
  
 CHARMM>    write title unit 51
 RDTITL> * -11.2  284.458401
 RDTITL> *
  
 CHARMM>     
  
 CHARMM>    incr a by @dcel
 Parameter: DCEL -> "0.2"
 Parameter: A <- "-11.2"
  
 CHARMM>    incr b by @dcel
 Parameter: DCEL -> "0.2"
 Parameter: B <- "-11"
  
 CHARMM>    if b le ?ZMAX goto DOAREA
 RDCMND substituted energy or value "?ZMAX" to "14.0616092"
 Comparing "-11" and "14.0616092".
 IF test evaluated as true.  Performing command
  
 CHARMM>     
  
 CHARMM>    ! Cross sectional protein area with whole atom.
 CHARMM>    scalar wmain = radius
  
 CHARMM>    scalar wmain mult 2.5   sele resname TIP3 end
 SELRPN>      0 atoms have been selected out of    500
  
 CHARMM>    scalar wmain add  1.529 sele .not. resname TIP3 end
 SELRPN>    500 atoms have been selected out of    500
  
 CHARMM>    scalar wmain mult 0.85  sele .not. resname TIP3 end
 SELRPN>    500 atoms have been selected out of    500
  
 CHARMM>    calc zab = ( @a + @b ) / 2.0
 Parameter: A -> "-11.2"
 Parameter: B -> "-11"
Evaluating: (-11.2+-11)/2.0
 Parameter: ZAB <- "-11.1"
  
 CHARMM>     
  
 CHARMM>    coor search -
 CHARMM>         xmin @x1  xmax @x2  xgrip @xncel -
 CHARMM>         ymin @y1  ymax @y2  ygrip @yncel -
 CHARMM>         zmin @a   zmax @b   zgrip 5
 Parameter: X1 -> "-13.8257234"
 Parameter: X2 -> "13.3162766"
 Parameter: XNCEL -> "135"
 Parameter: Y1 -> "-13.9910845"
 Parameter: Y2 -> "13.9910845"
 Parameter: YNCEL -> "139"
 Parameter: A -> "-11.2"
 Parameter: B -> "-11"

 A TOTAL OF    57543   VACUUM POINTS WERE FOUND
 A TOTAL OF    36282 OCCUPIED POINTS WERE FOUND
 A TOTAL OF        0 EXTERNAL POINTS WERE FOUND
 A TOTAL OF    57543 SELECTED POINTS WERE FOUND
 TOTAL OCCUPIED  VOLUME =      58.738907
 TOTAL SELECTED  VOLUME =      93.159499
 TOTAL FREE      VOLUME =      93.159499
 FRACTIONAL FREE VOLUME =      61.330136
  
 CHARMM>     
  
 CHARMM>    calc c = ?volume * @factor
 Parameter: FACTOR -> "5"
 RDCMND substituted energy or value "?VOLUME" to "58.7389073"
Evaluating: 58.7389073*5
 Parameter: C <- "293.694537"
  
 CHARMM>     
  
 CHARMM>    if a .lt. -10 if a .gt. -20 if c .gt. @botarea set botarea = @c
 Parameter: BOTAREA -> "284.458401"
 Parameter: C -> "293.694537"
 Comparing "-11.2" and "-10".
 IF test evaluated as true.  Performing command
 Comparing "-11.2" and "-20".
 IF test evaluated as true.  Performing command
 Comparing "293.694537" and "284.458401".
 IF test evaluated as true.  Performing command
 Parameter: BOTAREA <- "293.694537"
  
 CHARMM>    if a .gt.  10 if a .lt.  20 if c .gt. @toparea set toparea = @c
 Parameter: TOPAREA -> "-1"
 Parameter: C -> "293.694537"
 Comparing "-11.2" and "10".
 IF test evaluated as false.  Skipping command
  
 CHARMM>     
  
 CHARMM>    write title unit 51
 RDTITL> * -11  293.694537
 RDTITL> *
  
 CHARMM>     
  
 CHARMM>    incr a by @dcel
 Parameter: DCEL -> "0.2"
 Parameter: A <- "-11"
  
 CHARMM>    incr b by @dcel
 Parameter: DCEL -> "0.2"
 Parameter: B <- "-10.8"
  
 CHARMM>    if b le ?ZMAX goto DOAREA
 RDCMND substituted energy or value "?ZMAX" to "14.0616092"
 Comparing "-10.8" and "14.0616092".
 IF test evaluated as true.  Performing command
  
 CHARMM>     
  
 CHARMM>    ! Cross sectional protein area with whole atom.
 CHARMM>    scalar wmain = radius
  
 CHARMM>    scalar wmain mult 2.5   sele resname TIP3 end
 SELRPN>      0 atoms have been selected out of    500
  
 CHARMM>    scalar wmain add  1.529 sele .not. resname TIP3 end
 SELRPN>    500 atoms have been selected out of    500
  
 CHARMM>    scalar wmain mult 0.85  sele .not. resname TIP3 end
 SELRPN>    500 atoms have been selected out of    500
  
 CHARMM>    calc zab = ( @a + @b ) / 2.0
 Parameter: A -> "-11"
 Parameter: B -> "-10.8"
Evaluating: (-11+-10.8)/2.0
 Parameter: ZAB <- "-10.9"
  
 CHARMM>     
  
 CHARMM>    coor search -
 CHARMM>         xmin @x1  xmax @x2  xgrip @xncel -
 CHARMM>         ymin @y1  ymax @y2  ygrip @yncel -
 CHARMM>         zmin @a   zmax @b   zgrip 5
 Parameter: X1 -> "-13.8257234"
 Parameter: X2 -> "13.3162766"
 Parameter: XNCEL -> "135"
 Parameter: Y1 -> "-13.9910845"
 Parameter: Y2 -> "13.9910845"
 Parameter: YNCEL -> "139"
 Parameter: A -> "-11"
 Parameter: B -> "-10.8"

 A TOTAL OF    56637   VACUUM POINTS WERE FOUND
 A TOTAL OF    37188 OCCUPIED POINTS WERE FOUND
 A TOTAL OF        0 EXTERNAL POINTS WERE FOUND
 A TOTAL OF    56637 SELECTED POINTS WERE FOUND
 TOTAL OCCUPIED  VOLUME =      60.205680
 TOTAL SELECTED  VOLUME =      91.692726
 TOTAL FREE      VOLUME =      91.692726
 FRACTIONAL FREE VOLUME =      60.364508
  
 CHARMM>     
  
 CHARMM>    calc c = ?volume * @factor
 Parameter: FACTOR -> "5"
 RDCMND substituted energy or value "?VOLUME" to "60.20568"
Evaluating: 60.20568*5
 Parameter: C <- "301.0284"
  
 CHARMM>     
  
 CHARMM>    if a .lt. -10 if a .gt. -20 if c .gt. @botarea set botarea = @c
 Parameter: BOTAREA -> "293.694537"
 Parameter: C -> "301.0284"
 Comparing "-11" and "-10".
 IF test evaluated as true.  Performing command
 Comparing "-11" and "-20".
 IF test evaluated as true.  Performing command
 Comparing "301.0284" and "293.694537".
 IF test evaluated as true.  Performing command
 Parameter: BOTAREA <- "301.0284"
  
 CHARMM>    if a .gt.  10 if a .lt.  20 if c .gt. @toparea set toparea = @c
 Parameter: TOPAREA -> "-1"
 Parameter: C -> "301.0284"
 Comparing "-11" and "10".
 IF test evaluated as false.  Skipping command
  
 CHARMM>     
  
 CHARMM>    write title unit 51
 RDTITL> * -10.8  301.0284
 RDTITL> *
  
 CHARMM>     
  
 CHARMM>    incr a by @dcel
 Parameter: DCEL -> "0.2"
 Parameter: A <- "-10.8"
  
 CHARMM>    incr b by @dcel
 Parameter: DCEL -> "0.2"
 Parameter: B <- "-10.6"
  
 CHARMM>    if b le ?ZMAX goto DOAREA
 RDCMND substituted energy or value "?ZMAX" to "14.0616092"
 Comparing "-10.6" and "14.0616092".
 IF test evaluated as true.  Performing command
  
 CHARMM>     
  
 CHARMM>    ! Cross sectional protein area with whole atom.
 CHARMM>    scalar wmain = radius
  
 CHARMM>    scalar wmain mult 2.5   sele resname TIP3 end
 SELRPN>      0 atoms have been selected out of    500
  
 CHARMM>    scalar wmain add  1.529 sele .not. resname TIP3 end
 SELRPN>    500 atoms have been selected out of    500
  
 CHARMM>    scalar wmain mult 0.85  sele .not. resname TIP3 end
 SELRPN>    500 atoms have been selected out of    500
  
 CHARMM>    calc zab = ( @a + @b ) / 2.0
 Parameter: A -> "-10.8"
 Parameter: B -> "-10.6"
Evaluating: (-10.8+-10.6)/2.0
 Parameter: ZAB <- "-10.7"
  
 CHARMM>     
  
 CHARMM>    coor search -
 CHARMM>         xmin @x1  xmax @x2  xgrip @xncel -
 CHARMM>         ymin @y1  ymax @y2  ygrip @yncel -
 CHARMM>         zmin @a   zmax @b   zgrip 5
 Parameter: X1 -> "-13.8257234"
 Parameter: X2 -> "13.3162766"
 Parameter: XNCEL -> "135"
 Parameter: Y1 -> "-13.9910845"
 Parameter: Y2 -> "13.9910845"
 Parameter: YNCEL -> "139"
 Parameter: A -> "-10.8"
 Parameter: B -> "-10.6"

 A TOTAL OF    55876   VACUUM POINTS WERE FOUND
 A TOTAL OF    37949 OCCUPIED POINTS WERE FOUND
 A TOTAL OF        0 EXTERNAL POINTS WERE FOUND
 A TOTAL OF    55876 SELECTED POINTS WERE FOUND
 TOTAL OCCUPIED  VOLUME =      61.437704
 TOTAL SELECTED  VOLUME =      90.460702
 TOTAL FREE      VOLUME =      90.460702
 FRACTIONAL FREE VOLUME =      59.553424
  
 CHARMM>     
  
 CHARMM>    calc c = ?volume * @factor
 Parameter: FACTOR -> "5"
 RDCMND substituted energy or value "?VOLUME" to "61.4377044"
Evaluating: 61.4377044*5
 Parameter: C <- "307.188522"
  
 CHARMM>     
  
 CHARMM>    if a .lt. -10 if a .gt. -20 if c .gt. @botarea set botarea = @c
 Parameter: BOTAREA -> "301.0284"
 Parameter: C -> "307.188522"
 Comparing "-10.8" and "-10".
 IF test evaluated as true.  Performing command
 Comparing "-10.8" and "-20".
 IF test evaluated as true.  Performing command
 Comparing "307.188522" and "301.0284".
 IF test evaluated as true.  Performing command
 Parameter: BOTAREA <- "307.188522"
  
 CHARMM>    if a .gt.  10 if a .lt.  20 if c .gt. @toparea set toparea = @c
 Parameter: TOPAREA -> "-1"
 Parameter: C -> "307.188522"
 Comparing "-10.8" and "10".
 IF test evaluated as false.  Skipping command
  
 CHARMM>     
  
 CHARMM>    write title unit 51
 RDTITL> * -10.6  307.188522
 RDTITL> *
  
 CHARMM>     
  
 CHARMM>    incr a by @dcel
 Parameter: DCEL -> "0.2"
 Parameter: A <- "-10.6"
  
 CHARMM>    incr b by @dcel
 Parameter: DCEL -> "0.2"
 Parameter: B <- "-10.4"
  
 CHARMM>    if b le ?ZMAX goto DOAREA
 RDCMND substituted energy or value "?ZMAX" to "14.0616092"
 Comparing "-10.4" and "14.0616092".
 IF test evaluated as true.  Performing command
  
 CHARMM>     
  
 CHARMM>    ! Cross sectional protein area with whole atom.
 CHARMM>    scalar wmain = radius
  
 CHARMM>    scalar wmain mult 2.5   sele resname TIP3 end
 SELRPN>      0 atoms have been selected out of    500
  
 CHARMM>    scalar wmain add  1.529 sele .not. resname TIP3 end
 SELRPN>    500 atoms have been selected out of    500
  
 CHARMM>    scalar wmain mult 0.85  sele .not. resname TIP3 end
 SELRPN>    500 atoms have been selected out of    500
  
 CHARMM>    calc zab = ( @a + @b ) / 2.0
 Parameter: A -> "-10.6"
 Parameter: B -> "-10.4"
Evaluating: (-10.6+-10.4)/2.0
 Parameter: ZAB <- "-10.5"
  
 CHARMM>     
  
 CHARMM>    coor search -
 CHARMM>         xmin @x1  xmax @x2  xgrip @xncel -
 CHARMM>         ymin @y1  ymax @y2  ygrip @yncel -
 CHARMM>         zmin @a   zmax @b   zgrip 5
 Parameter: X1 -> "-13.8257234"
 Parameter: X2 -> "13.3162766"
 Parameter: XNCEL -> "135"
 Parameter: Y1 -> "-13.9910845"
 Parameter: Y2 -> "13.9910845"
 Parameter: YNCEL -> "139"
 Parameter: A -> "-10.6"
 Parameter: B -> "-10.4"

 A TOTAL OF    55213   VACUUM POINTS WERE FOUND
 A TOTAL OF    38612 OCCUPIED POINTS WERE FOUND
 A TOTAL OF        0 EXTERNAL POINTS WERE FOUND
 A TOTAL OF    55213 SELECTED POINTS WERE FOUND
 TOTAL OCCUPIED  VOLUME =      62.511071
 TOTAL SELECTED  VOLUME =      89.387335
 TOTAL FREE      VOLUME =      89.387335
 FRACTIONAL FREE VOLUME =      58.846789
  
 CHARMM>     
  
 CHARMM>    calc c = ?volume * @factor
 Parameter: FACTOR -> "5"
 RDCMND substituted energy or value "?VOLUME" to "62.5110713"
Evaluating: 62.5110713*5
 Parameter: C <- "312.555357"
  
 CHARMM>     
  
 CHARMM>    if a .lt. -10 if a .gt. -20 if c .gt. @botarea set botarea = @c
 Parameter: BOTAREA -> "307.188522"
 Parameter: C -> "312.555357"
 Comparing "-10.6" and "-10".
 IF test evaluated as true.  Performing command
 Comparing "-10.6" and "-20".
 IF test evaluated as true.  Performing command
 Comparing "312.555357" and "307.188522".
 IF test evaluated as true.  Performing command
 Parameter: BOTAREA <- "312.555357"
  
 CHARMM>    if a .gt.  10 if a .lt.  20 if c .gt. @toparea set toparea = @c
 Parameter: TOPAREA -> "-1"
 Parameter: C -> "312.555357"
 Comparing "-10.6" and "10".
 IF test evaluated as false.  Skipping command
  
 CHARMM>     
  
 CHARMM>    write title unit 51
 RDTITL> * -10.4  312.555357
 RDTITL> *
  
 CHARMM>     
  
 CHARMM>    incr a by @dcel
 Parameter: DCEL -> "0.2"
 Parameter: A <- "-10.4"
  
 CHARMM>    incr b by @dcel
 Parameter: DCEL -> "0.2"
 Parameter: B <- "-10.2"
  
 CHARMM>    if b le ?ZMAX goto DOAREA
 RDCMND substituted energy or value "?ZMAX" to "14.0616092"
 Comparing "-10.2" and "14.0616092".
 IF test evaluated as true.  Performing command
  
 CHARMM>     
  
 CHARMM>    ! Cross sectional protein area with whole atom.
 CHARMM>    scalar wmain = radius
  
 CHARMM>    scalar wmain mult 2.5   sele resname TIP3 end
 SELRPN>      0 atoms have been selected out of    500
  
 CHARMM>    scalar wmain add  1.529 sele .not. resname TIP3 end
 SELRPN>    500 atoms have been selected out of    500
  
 CHARMM>    scalar wmain mult 0.85  sele .not. resname TIP3 end
 SELRPN>    500 atoms have been selected out of    500
  
 CHARMM>    calc zab = ( @a + @b ) / 2.0
 Parameter: A -> "-10.4"
 Parameter: B -> "-10.2"
Evaluating: (-10.4+-10.2)/2.0
 Parameter: ZAB <- "-10.3"
  
 CHARMM>     
  
 CHARMM>    coor search -
 CHARMM>         xmin @x1  xmax @x2  xgrip @xncel -
 CHARMM>         ymin @y1  ymax @y2  ygrip @yncel -
 CHARMM>         zmin @a   zmax @b   zgrip 5
 Parameter: X1 -> "-13.8257234"
 Parameter: X2 -> "13.3162766"
 Parameter: XNCEL -> "135"
 Parameter: Y1 -> "-13.9910845"
 Parameter: Y2 -> "13.9910845"
 Parameter: YNCEL -> "139"
 Parameter: A -> "-10.4"
 Parameter: B -> "-10.2"

 A TOTAL OF    54725   VACUUM POINTS WERE FOUND
 A TOTAL OF    39100 OCCUPIED POINTS WERE FOUND
 A TOTAL OF        0 EXTERNAL POINTS WERE FOUND
 A TOTAL OF    54725 SELECTED POINTS WERE FOUND
 TOTAL OCCUPIED  VOLUME =      63.301121
 TOTAL SELECTED  VOLUME =      88.597285
 TOTAL FREE      VOLUME =      88.597285
 FRACTIONAL FREE VOLUME =      58.326672
  
 CHARMM>     
  
 CHARMM>    calc c = ?volume * @factor
 Parameter: FACTOR -> "5"
 RDCMND substituted energy or value "?VOLUME" to "63.301121"
Evaluating: 63.301121*5
 Parameter: C <- "316.505605"
  
 CHARMM>     
  
 CHARMM>    if a .lt. -10 if a .gt. -20 if c .gt. @botarea set botarea = @c
 Parameter: BOTAREA -> "312.555357"
 Parameter: C -> "316.505605"
 Comparing "-10.4" and "-10".
 IF test evaluated as true.  Performing command
 Comparing "-10.4" and "-20".
 IF test evaluated as true.  Performing command
 Comparing "316.505605" and "312.555357".
 IF test evaluated as true.  Performing command
 Parameter: BOTAREA <- "316.505605"
  
 CHARMM>    if a .gt.  10 if a .lt.  20 if c .gt. @toparea set toparea = @c
 Parameter: TOPAREA -> "-1"
 Parameter: C -> "316.505605"
 Comparing "-10.4" and "10".
 IF test evaluated as false.  Skipping command
  
 CHARMM>     
  
 CHARMM>    write title unit 51
 RDTITL> * -10.2  316.505605
 RDTITL> *
  
 CHARMM>     
  
 CHARMM>    incr a by @dcel
 Parameter: DCEL -> "0.2"
 Parameter: A <- "-10.2"
  
 CHARMM>    incr b by @dcel
 Parameter: DCEL -> "0.2"
 Parameter: B <- "-10"
  
 CHARMM>    if b le ?ZMAX goto DOAREA
 RDCMND substituted energy or value "?ZMAX" to "14.0616092"
 Comparing "-10" and "14.0616092".
 IF test evaluated as true.  Performing command
  
 CHARMM>     
  
 CHARMM>    ! Cross sectional protein area with whole atom.
 CHARMM>    scalar wmain = radius
  
 CHARMM>    scalar wmain mult 2.5   sele resname TIP3 end
 SELRPN>      0 atoms have been selected out of    500
  
 CHARMM>    scalar wmain add  1.529 sele .not. resname TIP3 end
 SELRPN>    500 atoms have been selected out of    500
  
 CHARMM>    scalar wmain mult 0.85  sele .not. resname TIP3 end
 SELRPN>    500 atoms have been selected out of    500
  
 CHARMM>    calc zab = ( @a + @b ) / 2.0
 Parameter: A -> "-10.2"
 Parameter: B -> "-10"
Evaluating: (-10.2+-10)/2.0
 Parameter: ZAB <- "-10.1"
  
 CHARMM>     
  
 CHARMM>    coor search -
 CHARMM>         xmin @x1  xmax @x2  xgrip @xncel -
 CHARMM>         ymin @y1  ymax @y2  ygrip @yncel -
 CHARMM>         zmin @a   zmax @b   zgrip 5
 Parameter: X1 -> "-13.8257234"
 Parameter: X2 -> "13.3162766"
 Parameter: XNCEL -> "135"
 Parameter: Y1 -> "-13.9910845"
 Parameter: Y2 -> "13.9910845"
 Parameter: YNCEL -> "139"
 Parameter: A -> "-10.2"
 Parameter: B -> "-10"

 A TOTAL OF    54321   VACUUM POINTS WERE FOUND
 A TOTAL OF    39504 OCCUPIED POINTS WERE FOUND
 A TOTAL OF        0 EXTERNAL POINTS WERE FOUND
 A TOTAL OF    54321 SELECTED POINTS WERE FOUND
 TOTAL OCCUPIED  VOLUME =      63.955179
 TOTAL SELECTED  VOLUME =      87.943228
 TOTAL FREE      VOLUME =      87.943228
 FRACTIONAL FREE VOLUME =      57.896083
  
 CHARMM>     
  
 CHARMM>    calc c = ?volume * @factor
 Parameter: FACTOR -> "5"
 RDCMND substituted energy or value "?VOLUME" to "63.9551787"
Evaluating: 63.9551787*5
 Parameter: C <- "319.775893"
  
 CHARMM>     
  
 CHARMM>    if a .lt. -10 if a .gt. -20 if c .gt. @botarea set botarea = @c
 Parameter: BOTAREA -> "316.505605"
 Parameter: C -> "319.775893"
 Comparing "-10.2" and "-10".
 IF test evaluated as true.  Performing command
 Comparing "-10.2" and "-20".
 IF test evaluated as true.  Performing command
 Comparing "319.775893" and "316.505605".
 IF test evaluated as true.  Performing command
 Parameter: BOTAREA <- "319.775893"
  
 CHARMM>    if a .gt.  10 if a .lt.  20 if c .gt. @toparea set toparea = @c
 Parameter: TOPAREA -> "-1"
 Parameter: C -> "319.775893"
 Comparing "-10.2" and "10".
 IF test evaluated as false.  Skipping command
  
 CHARMM>     
  
 CHARMM>    write title unit 51
 RDTITL> * -10  319.775893
 RDTITL> *
  
 CHARMM>     
  
 CHARMM>    incr a by @dcel
 Parameter: DCEL -> "0.2"
 Parameter: A <- "-10"
  
 CHARMM>    incr b by @dcel
 Parameter: DCEL -> "0.2"
 Parameter: B <- "-9.8"
  
 CHARMM>    if b le ?ZMAX goto DOAREA
 RDCMND substituted energy or value "?ZMAX" to "14.0616092"
 Comparing "-9.8" and "14.0616092".
 IF test evaluated as true.  Performing command
  
 CHARMM>     
  
 CHARMM>    ! Cross sectional protein area with whole atom.
 CHARMM>    scalar wmain = radius
  
 CHARMM>    scalar wmain mult 2.5   sele resname TIP3 end
 SELRPN>      0 atoms have been selected out of    500
  
 CHARMM>    scalar wmain add  1.529 sele .not. resname TIP3 end
 SELRPN>    500 atoms have been selected out of    500
  
 CHARMM>    scalar wmain mult 0.85  sele .not. resname TIP3 end
 SELRPN>    500 atoms have been selected out of    500
  
 CHARMM>    calc zab = ( @a + @b ) / 2.0
 Parameter: A -> "-10"
 Parameter: B -> "-9.8"
Evaluating: (-10+-9.8)/2.0
 Parameter: ZAB <- "-9.9"
  
 CHARMM>     
  
 CHARMM>    coor search -
 CHARMM>         xmin @x1  xmax @x2  xgrip @xncel -
 CHARMM>         ymin @y1  ymax @y2  ygrip @yncel -
 CHARMM>         zmin @a   zmax @b   zgrip 5
 Parameter: X1 -> "-13.8257234"
 Parameter: X2 -> "13.3162766"
 Parameter: XNCEL -> "135"
 Parameter: Y1 -> "-13.9910845"
 Parameter: Y2 -> "13.9910845"
 Parameter: YNCEL -> "139"
 Parameter: A -> "-10"
 Parameter: B -> "-9.8"

 A TOTAL OF    53993   VACUUM POINTS WERE FOUND
 A TOTAL OF    39832 OCCUPIED POINTS WERE FOUND
 A TOTAL OF        0 EXTERNAL POINTS WERE FOUND
 A TOTAL OF    53993 SELECTED POINTS WERE FOUND
 TOTAL OCCUPIED  VOLUME =      64.486196
 TOTAL SELECTED  VOLUME =      87.412210
 TOTAL FREE      VOLUME =      87.412210
 FRACTIONAL FREE VOLUME =      57.546496
  
 CHARMM>     
  
 CHARMM>    calc c = ?volume * @factor
 Parameter: FACTOR -> "5"
 RDCMND substituted energy or value "?VOLUME" to "64.4861957"
Evaluating: 64.4861957*5
 Parameter: C <- "322.430978"
  
 CHARMM>     
  
 CHARMM>    if a .lt. -10 if a .gt. -20 if c .gt. @botarea set botarea = @c
 Parameter: BOTAREA -> "319.775893"
 Parameter: C -> "322.430978"
 Comparing "-10" and "-10".
 IF test evaluated as false.  Skipping command
  
 CHARMM>    if a .gt.  10 if a .lt.  20 if c .gt. @toparea set toparea = @c
 Parameter: TOPAREA -> "-1"
 Parameter: C -> "322.430978"
 Comparing "-10" and "10".
 IF test evaluated as false.  Skipping command
  
 CHARMM>     
  
 CHARMM>    write title unit 51
 RDTITL> * -9.8  322.430978
 RDTITL> *
  
 CHARMM>     
  
 CHARMM>    incr a by @dcel
 Parameter: DCEL -> "0.2"
 Parameter: A <- "-9.8"
  
 CHARMM>    incr b by @dcel
 Parameter: DCEL -> "0.2"
 Parameter: B <- "-9.6"
  
 CHARMM>    if b le ?ZMAX goto DOAREA
 RDCMND substituted energy or value "?ZMAX" to "14.0616092"
 Comparing "-9.6" and "14.0616092".
 IF test evaluated as true.  Performing command
  
 CHARMM>     
  
 CHARMM>    ! Cross sectional protein area with whole atom.
 CHARMM>    scalar wmain = radius
  
 CHARMM>    scalar wmain mult 2.5   sele resname TIP3 end
 SELRPN>      0 atoms have been selected out of    500
  
 CHARMM>    scalar wmain add  1.529 sele .not. resname TIP3 end
 SELRPN>    500 atoms have been selected out of    500
  
 CHARMM>    scalar wmain mult 0.85  sele .not. resname TIP3 end
 SELRPN>    500 atoms have been selected out of    500
  
 CHARMM>    calc zab = ( @a + @b ) / 2.0
 Parameter: A -> "-9.8"
 Parameter: B -> "-9.6"
Evaluating: (-9.8+-9.6)/2.0
 Parameter: ZAB <- "-9.7"
  
 CHARMM>     
  
 CHARMM>    coor search -
 CHARMM>         xmin @x1  xmax @x2  xgrip @xncel -
 CHARMM>         ymin @y1  ymax @y2  ygrip @yncel -
 CHARMM>         zmin @a   zmax @b   zgrip 5
 Parameter: X1 -> "-13.8257234"
 Parameter: X2 -> "13.3162766"
 Parameter: XNCEL -> "135"
 Parameter: Y1 -> "-13.9910845"
 Parameter: Y2 -> "13.9910845"
 Parameter: YNCEL -> "139"
 Parameter: A -> "-9.8"
 Parameter: B -> "-9.6"

 A TOTAL OF    53809   VACUUM POINTS WERE FOUND
 A TOTAL OF    40016 OCCUPIED POINTS WERE FOUND
 A TOTAL OF        0 EXTERNAL POINTS WERE FOUND
 A TOTAL OF    53809 SELECTED POINTS WERE FOUND
 TOTAL OCCUPIED  VOLUME =      64.784083
 TOTAL SELECTED  VOLUME =      87.114323
 TOTAL FREE      VOLUME =      87.114323
 FRACTIONAL FREE VOLUME =      57.350386
  
 CHARMM>     
  
 CHARMM>    calc c = ?volume * @factor
 Parameter: FACTOR -> "5"
 RDCMND substituted energy or value "?VOLUME" to "64.7840834"
Evaluating: 64.7840834*5
 Parameter: C <- "323.920417"
  
 CHARMM>     
  
 CHARMM>    if a .lt. -10 if a .gt. -20 if c .gt. @botarea set botarea = @c
 Parameter: BOTAREA -> "319.775893"
 Parameter: C -> "323.920417"
 Comparing "-9.8" and "-10".
 IF test evaluated as false.  Skipping command
  
 CHARMM>    if a .gt.  10 if a .lt.  20 if c .gt. @toparea set toparea = @c
 Parameter: TOPAREA -> "-1"
 Parameter: C -> "323.920417"
 Comparing "-9.8" and "10".
 IF test evaluated as false.  Skipping command
  
 CHARMM>     
  
 CHARMM>    write title unit 51
 RDTITL> * -9.6  323.920417
 RDTITL> *
  
 CHARMM>     
  
 CHARMM>    incr a by @dcel
 Parameter: DCEL -> "0.2"
 Parameter: A <- "-9.6"
  
 CHARMM>    incr b by @dcel
 Parameter: DCEL -> "0.2"
 Parameter: B <- "-9.4"
  
 CHARMM>    if b le ?ZMAX goto DOAREA
 RDCMND substituted energy or value "?ZMAX" to "14.0616092"
 Comparing "-9.4" and "14.0616092".
 IF test evaluated as true.  Performing command
  
 CHARMM>     
  
 CHARMM>    ! Cross sectional protein area with whole atom.
 CHARMM>    scalar wmain = radius
  
 CHARMM>    scalar wmain mult 2.5   sele resname TIP3 end
 SELRPN>      0 atoms have been selected out of    500
  
 CHARMM>    scalar wmain add  1.529 sele .not. resname TIP3 end
 SELRPN>    500 atoms have been selected out of    500
  
 CHARMM>    scalar wmain mult 0.85  sele .not. resname TIP3 end
 SELRPN>    500 atoms have been selected out of    500
  
 CHARMM>    calc zab = ( @a + @b ) / 2.0
 Parameter: A -> "-9.6"
 Parameter: B -> "-9.4"
Evaluating: (-9.6+-9.4)/2.0
 Parameter: ZAB <- "-9.5"
  
 CHARMM>     
  
 CHARMM>    coor search -
 CHARMM>         xmin @x1  xmax @x2  xgrip @xncel -
 CHARMM>         ymin @y1  ymax @y2  ygrip @yncel -
 CHARMM>         zmin @a   zmax @b   zgrip 5
 Parameter: X1 -> "-13.8257234"
 Parameter: X2 -> "13.3162766"
 Parameter: XNCEL -> "135"
 Parameter: Y1 -> "-13.9910845"
 Parameter: Y2 -> "13.9910845"
 Parameter: YNCEL -> "139"
 Parameter: A -> "-9.6"
 Parameter: B -> "-9.4"

 A TOTAL OF    53650   VACUUM POINTS WERE FOUND
 A TOTAL OF    40175 OCCUPIED POINTS WERE FOUND
 A TOTAL OF        0 EXTERNAL POINTS WERE FOUND
 A TOTAL OF    53650 SELECTED POINTS WERE FOUND
 TOTAL OCCUPIED  VOLUME =      65.041497
 TOTAL SELECTED  VOLUME =      86.856909
 TOTAL FREE      VOLUME =      86.856909
 FRACTIONAL FREE VOLUME =      57.180922
  
 CHARMM>     
  
 CHARMM>    calc c = ?volume * @factor
 Parameter: FACTOR -> "5"
 RDCMND substituted energy or value "?VOLUME" to "65.0414971"
Evaluating: 65.0414971*5
 Parameter: C <- "325.207486"
  
 CHARMM>     
  
 CHARMM>    if a .lt. -10 if a .gt. -20 if c .gt. @botarea set botarea = @c
 Parameter: BOTAREA -> "319.775893"
 Parameter: C -> "325.207486"
 Comparing "-9.6" and "-10".
 IF test evaluated as false.  Skipping command
  
 CHARMM>    if a .gt.  10 if a .lt.  20 if c .gt. @toparea set toparea = @c
 Parameter: TOPAREA -> "-1"
 Parameter: C -> "325.207486"
 Comparing "-9.6" and "10".
 IF test evaluated as false.  Skipping command
  
 CHARMM>     
  
 CHARMM>    write title unit 51
 RDTITL> * -9.4  325.207486
 RDTITL> *
  
 CHARMM>     
  
 CHARMM>    incr a by @dcel
 Parameter: DCEL -> "0.2"
 Parameter: A <- "-9.4"
  
 CHARMM>    incr b by @dcel
 Parameter: DCEL -> "0.2"
 Parameter: B <- "-9.2"
  
 CHARMM>    if b le ?ZMAX goto DOAREA
 RDCMND substituted energy or value "?ZMAX" to "14.0616092"
 Comparing "-9.2" and "14.0616092".
 IF test evaluated as true.  Performing command
  
 CHARMM>     
  
 CHARMM>    ! Cross sectional protein area with whole atom.
 CHARMM>    scalar wmain = radius
  
 CHARMM>    scalar wmain mult 2.5   sele resname TIP3 end
 SELRPN>      0 atoms have been selected out of    500
  
 CHARMM>    scalar wmain add  1.529 sele .not. resname TIP3 end
 SELRPN>    500 atoms have been selected out of    500
  
 CHARMM>    scalar wmain mult 0.85  sele .not. resname TIP3 end
 SELRPN>    500 atoms have been selected out of    500
  
 CHARMM>    calc zab = ( @a + @b ) / 2.0
 Parameter: A -> "-9.4"
 Parameter: B -> "-9.2"
Evaluating: (-9.4+-9.2)/2.0
 Parameter: ZAB <- "-9.3"
  
 CHARMM>     
  
 CHARMM>    coor search -
 CHARMM>         xmin @x1  xmax @x2  xgrip @xncel -
 CHARMM>         ymin @y1  ymax @y2  ygrip @yncel -
 CHARMM>         zmin @a   zmax @b   zgrip 5
 Parameter: X1 -> "-13.8257234"
 Parameter: X2 -> "13.3162766"
 Parameter: XNCEL -> "135"
 Parameter: Y1 -> "-13.9910845"
 Parameter: Y2 -> "13.9910845"
 Parameter: YNCEL -> "139"
 Parameter: A -> "-9.4"
 Parameter: B -> "-9.2"

 A TOTAL OF    53585   VACUUM POINTS WERE FOUND
 A TOTAL OF    40240 OCCUPIED POINTS WERE FOUND
 A TOTAL OF        0 EXTERNAL POINTS WERE FOUND
 A TOTAL OF    53585 SELECTED POINTS WERE FOUND
 TOTAL OCCUPIED  VOLUME =      65.146729
 TOTAL SELECTED  VOLUME =      86.751677
 TOTAL FREE      VOLUME =      86.751677
 FRACTIONAL FREE VOLUME =      57.111644
  
 CHARMM>     
  
 CHARMM>    calc c = ?volume * @factor
 Parameter: FACTOR -> "5"
 RDCMND substituted energy or value "?VOLUME" to "65.1467292"
Evaluating: 65.1467292*5
 Parameter: C <- "325.733646"
  
 CHARMM>     
  
 CHARMM>    if a .lt. -10 if a .gt. -20 if c .gt. @botarea set botarea = @c
 Parameter: BOTAREA -> "319.775893"
 Parameter: C -> "325.733646"
 Comparing "-9.4" and "-10".
 IF test evaluated as false.  Skipping command
  
 CHARMM>    if a .gt.  10 if a .lt.  20 if c .gt. @toparea set toparea = @c
 Parameter: TOPAREA -> "-1"
 Parameter: C -> "325.733646"
 Comparing "-9.4" and "10".
 IF test evaluated as false.  Skipping command
  
 CHARMM>     
  
 CHARMM>    write title unit 51
 RDTITL> * -9.2  325.733646
 RDTITL> *
  
 CHARMM>     
  
 CHARMM>    incr a by @dcel
 Parameter: DCEL -> "0.2"
 Parameter: A <- "-9.2"
  
 CHARMM>    incr b by @dcel
 Parameter: DCEL -> "0.2"
 Parameter: B <- "-9"
  
 CHARMM>    if b le ?ZMAX goto DOAREA
 RDCMND substituted energy or value "?ZMAX" to "14.0616092"
 Comparing "-9" and "14.0616092".
 IF test evaluated as true.  Performing command
  
 CHARMM>     
  
 CHARMM>    ! Cross sectional protein area with whole atom.
 CHARMM>    scalar wmain = radius
  
 CHARMM>    scalar wmain mult 2.5   sele resname TIP3 end
 SELRPN>      0 atoms have been selected out of    500
  
 CHARMM>    scalar wmain add  1.529 sele .not. resname TIP3 end
 SELRPN>    500 atoms have been selected out of    500
  
 CHARMM>    scalar wmain mult 0.85  sele .not. resname TIP3 end
 SELRPN>    500 atoms have been selected out of    500
  
 CHARMM>    calc zab = ( @a + @b ) / 2.0
 Parameter: A -> "-9.2"
 Parameter: B -> "-9"
Evaluating: (-9.2+-9)/2.0
 Parameter: ZAB <- "-9.1"
  
 CHARMM>     
  
 CHARMM>    coor search -
 CHARMM>         xmin @x1  xmax @x2  xgrip @xncel -
 CHARMM>         ymin @y1  ymax @y2  ygrip @yncel -
 CHARMM>         zmin @a   zmax @b   zgrip 5
 Parameter: X1 -> "-13.8257234"
 Parameter: X2 -> "13.3162766"
 Parameter: XNCEL -> "135"
 Parameter: Y1 -> "-13.9910845"
 Parameter: Y2 -> "13.9910845"
 Parameter: YNCEL -> "139"
 Parameter: A -> "-9.2"
 Parameter: B -> "-9"

 A TOTAL OF    53589   VACUUM POINTS WERE FOUND
 A TOTAL OF    40236 OCCUPIED POINTS WERE FOUND
 A TOTAL OF        0 EXTERNAL POINTS WERE FOUND
 A TOTAL OF    53589 SELECTED POINTS WERE FOUND
 TOTAL OCCUPIED  VOLUME =      65.140253
 TOTAL SELECTED  VOLUME =      86.758153
 TOTAL FREE      VOLUME =      86.758153
 FRACTIONAL FREE VOLUME =      57.115907
  
 CHARMM>     
  
 CHARMM>    calc c = ?volume * @factor
 Parameter: FACTOR -> "5"
 RDCMND substituted energy or value "?VOLUME" to "65.1402534"
Evaluating: 65.1402534*5
 Parameter: C <- "325.701267"
  
 CHARMM>     
  
 CHARMM>    if a .lt. -10 if a .gt. -20 if c .gt. @botarea set botarea = @c
 Parameter: BOTAREA -> "319.775893"
 Parameter: C -> "325.701267"
 Comparing "-9.2" and "-10".
 IF test evaluated as false.  Skipping command
  
 CHARMM>    if a .gt.  10 if a .lt.  20 if c .gt. @toparea set toparea = @c
 Parameter: TOPAREA -> "-1"
 Parameter: C -> "325.701267"
 Comparing "-9.2" and "10".
 IF test evaluated as false.  Skipping command
  
 CHARMM>     
  
 CHARMM>    write title unit 51
 RDTITL> * -9  325.701267
 RDTITL> *
  
 CHARMM>     
  
 CHARMM>    incr a by @dcel
 Parameter: DCEL -> "0.2"
 Parameter: A <- "-9"
  
 CHARMM>    incr b by @dcel
 Parameter: DCEL -> "0.2"
 Parameter: B <- "-8.8"
  
 CHARMM>    if b le ?ZMAX goto DOAREA
 RDCMND substituted energy or value "?ZMAX" to "14.0616092"
 Comparing "-8.8" and "14.0616092".
 IF test evaluated as true.  Performing command
  
 CHARMM>     
  
 CHARMM>    ! Cross sectional protein area with whole atom.
 CHARMM>    scalar wmain = radius
  
 CHARMM>    scalar wmain mult 2.5   sele resname TIP3 end
 SELRPN>      0 atoms have been selected out of    500
  
 CHARMM>    scalar wmain add  1.529 sele .not. resname TIP3 end
 SELRPN>    500 atoms have been selected out of    500
  
 CHARMM>    scalar wmain mult 0.85  sele .not. resname TIP3 end
 SELRPN>    500 atoms have been selected out of    500
  
 CHARMM>    calc zab = ( @a + @b ) / 2.0
 Parameter: A -> "-9"
 Parameter: B -> "-8.8"
Evaluating: (-9+-8.8)/2.0
 Parameter: ZAB <- "-8.9"
  
 CHARMM>     
  
 CHARMM>    coor search -
 CHARMM>         xmin @x1  xmax @x2  xgrip @xncel -
 CHARMM>         ymin @y1  ymax @y2  ygrip @yncel -
 CHARMM>         zmin @a   zmax @b   zgrip 5
 Parameter: X1 -> "-13.8257234"
 Parameter: X2 -> "13.3162766"
 Parameter: XNCEL -> "135"
 Parameter: Y1 -> "-13.9910845"
 Parameter: Y2 -> "13.9910845"
 Parameter: YNCEL -> "139"
 Parameter: A -> "-9"
 Parameter: B -> "-8.8"

 A TOTAL OF    53646   VACUUM POINTS WERE FOUND
 A TOTAL OF    40179 OCCUPIED POINTS WERE FOUND
 A TOTAL OF        0 EXTERNAL POINTS WERE FOUND
 A TOTAL OF    53646 SELECTED POINTS WERE FOUND
 TOTAL OCCUPIED  VOLUME =      65.047973
 TOTAL SELECTED  VOLUME =      86.850433
 TOTAL FREE      VOLUME =      86.850433
 FRACTIONAL FREE VOLUME =      57.176659
  
 CHARMM>     
  
 CHARMM>    calc c = ?volume * @factor
 Parameter: FACTOR -> "5"
 RDCMND substituted energy or value "?VOLUME" to "65.047973"
Evaluating: 65.047973*5
 Parameter: C <- "325.239865"
  
 CHARMM>     
  
 CHARMM>    if a .lt. -10 if a .gt. -20 if c .gt. @botarea set botarea = @c
 Parameter: BOTAREA -> "319.775893"
 Parameter: C -> "325.239865"
 Comparing "-9" and "-10".
 IF test evaluated as false.  Skipping command
  
 CHARMM>    if a .gt.  10 if a .lt.  20 if c .gt. @toparea set toparea = @c
 Parameter: TOPAREA -> "-1"
 Parameter: C -> "325.239865"
 Comparing "-9" and "10".
 IF test evaluated as false.  Skipping command
  
 CHARMM>     
  
 CHARMM>    write title unit 51
 RDTITL> * -8.8  325.239865
 RDTITL> *
  
 CHARMM>     
  
 CHARMM>    incr a by @dcel
 Parameter: DCEL -> "0.2"
 Parameter: A <- "-8.8"
  
 CHARMM>    incr b by @dcel
 Parameter: DCEL -> "0.2"
 Parameter: B <- "-8.6"
  
 CHARMM>    if b le ?ZMAX goto DOAREA
 RDCMND substituted energy or value "?ZMAX" to "14.0616092"
 Comparing "-8.6" and "14.0616092".
 IF test evaluated as true.  Performing command
  
 CHARMM>     
  
 CHARMM>    ! Cross sectional protein area with whole atom.
 CHARMM>    scalar wmain = radius
  
 CHARMM>    scalar wmain mult 2.5   sele resname TIP3 end
 SELRPN>      0 atoms have been selected out of    500
  
 CHARMM>    scalar wmain add  1.529 sele .not. resname TIP3 end
 SELRPN>    500 atoms have been selected out of    500
  
 CHARMM>    scalar wmain mult 0.85  sele .not. resname TIP3 end
 SELRPN>    500 atoms have been selected out of    500
  
 CHARMM>    calc zab = ( @a + @b ) / 2.0
 Parameter: A -> "-8.8"
 Parameter: B -> "-8.6"
Evaluating: (-8.8+-8.6)/2.0
 Parameter: ZAB <- "-8.7"
  
 CHARMM>     
  
 CHARMM>    coor search -
 CHARMM>         xmin @x1  xmax @x2  xgrip @xncel -
 CHARMM>         ymin @y1  ymax @y2  ygrip @yncel -
 CHARMM>         zmin @a   zmax @b   zgrip 5
 Parameter: X1 -> "-13.8257234"
 Parameter: X2 -> "13.3162766"
 Parameter: XNCEL -> "135"
 Parameter: Y1 -> "-13.9910845"
 Parameter: Y2 -> "13.9910845"
 Parameter: YNCEL -> "139"
 Parameter: A -> "-8.8"
 Parameter: B -> "-8.6"

 A TOTAL OF    53770   VACUUM POINTS WERE FOUND
 A TOTAL OF    40055 OCCUPIED POINTS WERE FOUND
 A TOTAL OF        0 EXTERNAL POINTS WERE FOUND
 A TOTAL OF    53770 SELECTED POINTS WERE FOUND
 TOTAL OCCUPIED  VOLUME =      64.847223
 TOTAL SELECTED  VOLUME =      87.051184
 TOTAL FREE      VOLUME =      87.051184
 FRACTIONAL FREE VOLUME =      57.308820
  
 CHARMM>     
  
 CHARMM>    calc c = ?volume * @factor
 Parameter: FACTOR -> "5"
 RDCMND substituted energy or value "?VOLUME" to "64.8472226"
Evaluating: 64.8472226*5
 Parameter: C <- "324.236113"
  
 CHARMM>     
  
 CHARMM>    if a .lt. -10 if a .gt. -20 if c .gt. @botarea set botarea = @c
 Parameter: BOTAREA -> "319.775893"
 Parameter: C -> "324.236113"
 Comparing "-8.8" and "-10".
 IF test evaluated as false.  Skipping command
  
 CHARMM>    if a .gt.  10 if a .lt.  20 if c .gt. @toparea set toparea = @c
 Parameter: TOPAREA -> "-1"
 Parameter: C -> "324.236113"
 Comparing "-8.8" and "10".
 IF test evaluated as false.  Skipping command
  
 CHARMM>     
  
 CHARMM>    write title unit 51
 RDTITL> * -8.6  324.236113
 RDTITL> *
  
 CHARMM>     
  
 CHARMM>    incr a by @dcel
 Parameter: DCEL -> "0.2"
 Parameter: A <- "-8.6"
  
 CHARMM>    incr b by @dcel
 Parameter: DCEL -> "0.2"
 Parameter: B <- "-8.4"
  
 CHARMM>    if b le ?ZMAX goto DOAREA
 RDCMND substituted energy or value "?ZMAX" to "14.0616092"
 Comparing "-8.4" and "14.0616092".
 IF test evaluated as true.  Performing command
  
 CHARMM>     
  
 CHARMM>    ! Cross sectional protein area with whole atom.
 CHARMM>    scalar wmain = radius
  
 CHARMM>    scalar wmain mult 2.5   sele resname TIP3 end
 SELRPN>      0 atoms have been selected out of    500
  
 CHARMM>    scalar wmain add  1.529 sele .not. resname TIP3 end
 SELRPN>    500 atoms have been selected out of    500
  
 CHARMM>    scalar wmain mult 0.85  sele .not. resname TIP3 end
 SELRPN>    500 atoms have been selected out of    500
  
 CHARMM>    calc zab = ( @a + @b ) / 2.0
 Parameter: A -> "-8.6"
 Parameter: B -> "-8.4"
Evaluating: (-8.6+-8.4)/2.0
 Parameter: ZAB <- "-8.5"
  
 CHARMM>     
  
 CHARMM>    coor search -
 CHARMM>         xmin @x1  xmax @x2  xgrip @xncel -
 CHARMM>         ymin @y1  ymax @y2  ygrip @yncel -
 CHARMM>         zmin @a   zmax @b   zgrip 5
 Parameter: X1 -> "-13.8257234"
 Parameter: X2 -> "13.3162766"
 Parameter: XNCEL -> "135"
 Parameter: Y1 -> "-13.9910845"
 Parameter: Y2 -> "13.9910845"
 Parameter: YNCEL -> "139"
 Parameter: A -> "-8.6"
 Parameter: B -> "-8.4"

 A TOTAL OF    54001   VACUUM POINTS WERE FOUND
 A TOTAL OF    39824 OCCUPIED POINTS WERE FOUND
 A TOTAL OF        0 EXTERNAL POINTS WERE FOUND
 A TOTAL OF    54001 SELECTED POINTS WERE FOUND
 TOTAL OCCUPIED  VOLUME =      64.473244
 TOTAL SELECTED  VOLUME =      87.425162
 TOTAL FREE      VOLUME =      87.425162
 FRACTIONAL FREE VOLUME =      57.555023
  
 CHARMM>     
  
 CHARMM>    calc c = ?volume * @factor
 Parameter: FACTOR -> "5"
 RDCMND substituted energy or value "?VOLUME" to "64.4732441"
Evaluating: 64.4732441*5
 Parameter: C <- "322.36622"
  
 CHARMM>     
  
 CHARMM>    if a .lt. -10 if a .gt. -20 if c .gt. @botarea set botarea = @c
 Parameter: BOTAREA -> "319.775893"
 Parameter: C -> "322.36622"
 Comparing "-8.6" and "-10".
 IF test evaluated as false.  Skipping command
  
 CHARMM>    if a .gt.  10 if a .lt.  20 if c .gt. @toparea set toparea = @c
 Parameter: TOPAREA -> "-1"
 Parameter: C -> "322.36622"
 Comparing "-8.6" and "10".
 IF test evaluated as false.  Skipping command
  
 CHARMM>     
  
 CHARMM>    write title unit 51
 RDTITL> * -8.4  322.36622
 RDTITL> *
  
 CHARMM>     
  
 CHARMM>    incr a by @dcel
 Parameter: DCEL -> "0.2"
 Parameter: A <- "-8.4"
  
 CHARMM>    incr b by @dcel
 Parameter: DCEL -> "0.2"
 Parameter: B <- "-8.2"
  
 CHARMM>    if b le ?ZMAX goto DOAREA
 RDCMND substituted energy or value "?ZMAX" to "14.0616092"
 Comparing "-8.2" and "14.0616092".
 IF test evaluated as true.  Performing command
  
 CHARMM>     
  
 CHARMM>    ! Cross sectional protein area with whole atom.
 CHARMM>    scalar wmain = radius
  
 CHARMM>    scalar wmain mult 2.5   sele resname TIP3 end
 SELRPN>      0 atoms have been selected out of    500
  
 CHARMM>    scalar wmain add  1.529 sele .not. resname TIP3 end
 SELRPN>    500 atoms have been selected out of    500
  
 CHARMM>    scalar wmain mult 0.85  sele .not. resname TIP3 end
 SELRPN>    500 atoms have been selected out of    500
  
 CHARMM>    calc zab = ( @a + @b ) / 2.0
 Parameter: A -> "-8.4"
 Parameter: B -> "-8.2"
Evaluating: (-8.4+-8.2)/2.0
 Parameter: ZAB <- "-8.3"
  
 CHARMM>     
  
 CHARMM>    coor search -
 CHARMM>         xmin @x1  xmax @x2  xgrip @xncel -
 CHARMM>         ymin @y1  ymax @y2  ygrip @yncel -
 CHARMM>         zmin @a   zmax @b   zgrip 5
 Parameter: X1 -> "-13.8257234"
 Parameter: X2 -> "13.3162766"
 Parameter: XNCEL -> "135"
 Parameter: Y1 -> "-13.9910845"
 Parameter: Y2 -> "13.9910845"
 Parameter: YNCEL -> "139"
 Parameter: A -> "-8.4"
 Parameter: B -> "-8.2"

 A TOTAL OF    54219   VACUUM POINTS WERE FOUND
 A TOTAL OF    39606 OCCUPIED POINTS WERE FOUND
 A TOTAL OF        0 EXTERNAL POINTS WERE FOUND
 A TOTAL OF    54219 SELECTED POINTS WERE FOUND
 TOTAL OCCUPIED  VOLUME =      64.120312
 TOTAL SELECTED  VOLUME =      87.778094
 TOTAL FREE      VOLUME =      87.778094
 FRACTIONAL FREE VOLUME =      57.787370
  
 CHARMM>     
  
 CHARMM>    calc c = ?volume * @factor
 Parameter: FACTOR -> "5"
 RDCMND substituted energy or value "?VOLUME" to "64.120312"
Evaluating: 64.120312*5
 Parameter: C <- "320.60156"
  
 CHARMM>     
  
 CHARMM>    if a .lt. -10 if a .gt. -20 if c .gt. @botarea set botarea = @c
 Parameter: BOTAREA -> "319.775893"
 Parameter: C -> "320.60156"
 Comparing "-8.4" and "-10".
 IF test evaluated as false.  Skipping command
  
 CHARMM>    if a .gt.  10 if a .lt.  20 if c .gt. @toparea set toparea = @c
 Parameter: TOPAREA -> "-1"
 Parameter: C -> "320.60156"
 Comparing "-8.4" and "10".
 IF test evaluated as false.  Skipping command
  
 CHARMM>     
  
 CHARMM>    write title unit 51
 RDTITL> * -8.2  320.60156
 RDTITL> *
  
 CHARMM>     
  
 CHARMM>    incr a by @dcel
 Parameter: DCEL -> "0.2"
 Parameter: A <- "-8.2"
  
 CHARMM>    incr b by @dcel
 Parameter: DCEL -> "0.2"
 Parameter: B <- "-8"
  
 CHARMM>    if b le ?ZMAX goto DOAREA
 RDCMND substituted energy or value "?ZMAX" to "14.0616092"
 Comparing "-8" and "14.0616092".
 IF test evaluated as true.  Performing command
  
 CHARMM>     
  
 CHARMM>    ! Cross sectional protein area with whole atom.
 CHARMM>    scalar wmain = radius
  
 CHARMM>    scalar wmain mult 2.5   sele resname TIP3 end
 SELRPN>      0 atoms have been selected out of    500
  
 CHARMM>    scalar wmain add  1.529 sele .not. resname TIP3 end
 SELRPN>    500 atoms have been selected out of    500
  
 CHARMM>    scalar wmain mult 0.85  sele .not. resname TIP3 end
 SELRPN>    500 atoms have been selected out of    500
  
 CHARMM>    calc zab = ( @a + @b ) / 2.0
 Parameter: A -> "-8.2"
 Parameter: B -> "-8"
Evaluating: (-8.2+-8)/2.0
 Parameter: ZAB <- "-8.1"
  
 CHARMM>     
  
 CHARMM>    coor search -
 CHARMM>         xmin @x1  xmax @x2  xgrip @xncel -
 CHARMM>         ymin @y1  ymax @y2  ygrip @yncel -
 CHARMM>         zmin @a   zmax @b   zgrip 5
 Parameter: X1 -> "-13.8257234"
 Parameter: X2 -> "13.3162766"
 Parameter: XNCEL -> "135"
 Parameter: Y1 -> "-13.9910845"
 Parameter: Y2 -> "13.9910845"
 Parameter: YNCEL -> "139"
 Parameter: A -> "-8.2"
 Parameter: B -> "-8"

 A TOTAL OF    54544   VACUUM POINTS WERE FOUND
 A TOTAL OF    39281 OCCUPIED POINTS WERE FOUND
 A TOTAL OF        0 EXTERNAL POINTS WERE FOUND
 A TOTAL OF    54544 SELECTED POINTS WERE FOUND
 TOTAL OCCUPIED  VOLUME =      63.594152
 TOTAL SELECTED  VOLUME =      88.304254
 TOTAL FREE      VOLUME =      88.304254
 FRACTIONAL FREE VOLUME =      58.133760
  
 CHARMM>     
  
 CHARMM>    calc c = ?volume * @factor
 Parameter: FACTOR -> "5"
 RDCMND substituted energy or value "?VOLUME" to "63.5941518"
Evaluating: 63.5941518*5
 Parameter: C <- "317.970759"
  
 CHARMM>     
  
 CHARMM>    if a .lt. -10 if a .gt. -20 if c .gt. @botarea set botarea = @c
 Parameter: BOTAREA -> "319.775893"
 Parameter: C -> "317.970759"
 Comparing "-8.2" and "-10".
 IF test evaluated as false.  Skipping command
  
 CHARMM>    if a .gt.  10 if a .lt.  20 if c .gt. @toparea set toparea = @c
 Parameter: TOPAREA -> "-1"
 Parameter: C -> "317.970759"
 Comparing "-8.2" and "10".
 IF test evaluated as false.  Skipping command
  
 CHARMM>     
  
 CHARMM>    write title unit 51
 RDTITL> * -8  317.970759
 RDTITL> *
  
 CHARMM>     
  
 CHARMM>    incr a by @dcel
 Parameter: DCEL -> "0.2"
 Parameter: A <- "-8"
  
 CHARMM>    incr b by @dcel
 Parameter: DCEL -> "0.2"
 Parameter: B <- "-7.8"
  
 CHARMM>    if b le ?ZMAX goto DOAREA
 RDCMND substituted energy or value "?ZMAX" to "14.0616092"
 Comparing "-7.8" and "14.0616092".
 IF test evaluated as true.  Performing command
  
 CHARMM>     
  
 CHARMM>    ! Cross sectional protein area with whole atom.
 CHARMM>    scalar wmain = radius
  
 CHARMM>    scalar wmain mult 2.5   sele resname TIP3 end
 SELRPN>      0 atoms have been selected out of    500
  
 CHARMM>    scalar wmain add  1.529 sele .not. resname TIP3 end
 SELRPN>    500 atoms have been selected out of    500
  
 CHARMM>    scalar wmain mult 0.85  sele .not. resname TIP3 end
 SELRPN>    500 atoms have been selected out of    500
  
 CHARMM>    calc zab = ( @a + @b ) / 2.0
 Parameter: A -> "-8"
 Parameter: B -> "-7.8"
Evaluating: (-8+-7.8)/2.0
 Parameter: ZAB <- "-7.9"
  
 CHARMM>     
  
 CHARMM>    coor search -
 CHARMM>         xmin @x1  xmax @x2  xgrip @xncel -
 CHARMM>         ymin @y1  ymax @y2  ygrip @yncel -
 CHARMM>         zmin @a   zmax @b   zgrip 5
 Parameter: X1 -> "-13.8257234"
 Parameter: X2 -> "13.3162766"
 Parameter: XNCEL -> "135"
 Parameter: Y1 -> "-13.9910845"
 Parameter: Y2 -> "13.9910845"
 Parameter: YNCEL -> "139"
 Parameter: A -> "-8"
 Parameter: B -> "-7.8"

 A TOTAL OF    54880   VACUUM POINTS WERE FOUND
 A TOTAL OF    38945 OCCUPIED POINTS WERE FOUND
 A TOTAL OF        0 EXTERNAL POINTS WERE FOUND
 A TOTAL OF    54880 SELECTED POINTS WERE FOUND
 TOTAL OCCUPIED  VOLUME =      63.050183
 TOTAL SELECTED  VOLUME =      88.848223
 TOTAL FREE      VOLUME =      88.848223
 FRACTIONAL FREE VOLUME =      58.491873
  
 CHARMM>     
  
 CHARMM>    calc c = ?volume * @factor
 Parameter: FACTOR -> "5"
 RDCMND substituted energy or value "?VOLUME" to "63.0501831"
Evaluating: 63.0501831*5
 Parameter: C <- "315.250916"
  
 CHARMM>     
  
 CHARMM>    if a .lt. -10 if a .gt. -20 if c .gt. @botarea set botarea = @c
 Parameter: BOTAREA -> "319.775893"
 Parameter: C -> "315.250916"
 Comparing "-8" and "-10".
 IF test evaluated as false.  Skipping command
  
 CHARMM>    if a .gt.  10 if a .lt.  20 if c .gt. @toparea set toparea = @c
 Parameter: TOPAREA -> "-1"
 Parameter: C -> "315.250916"
 Comparing "-8" and "10".
 IF test evaluated as false.  Skipping command
  
 CHARMM>     
  
 CHARMM>    write title unit 51
 RDTITL> * -7.8  315.250916
 RDTITL> *
  
 CHARMM>     
  
 CHARMM>    incr a by @dcel
 Parameter: DCEL -> "0.2"
 Parameter: A <- "-7.8"
  
 CHARMM>    incr b by @dcel
 Parameter: DCEL -> "0.2"
 Parameter: B <- "-7.6"
  
 CHARMM>    if b le ?ZMAX goto DOAREA
 RDCMND substituted energy or value "?ZMAX" to "14.0616092"
 Comparing "-7.6" and "14.0616092".
 IF test evaluated as true.  Performing command
  
 CHARMM>     
  
 CHARMM>    ! Cross sectional protein area with whole atom.
 CHARMM>    scalar wmain = radius
  
 CHARMM>    scalar wmain mult 2.5   sele resname TIP3 end
 SELRPN>      0 atoms have been selected out of    500
  
 CHARMM>    scalar wmain add  1.529 sele .not. resname TIP3 end
 SELRPN>    500 atoms have been selected out of    500
  
 CHARMM>    scalar wmain mult 0.85  sele .not. resname TIP3 end
 SELRPN>    500 atoms have been selected out of    500
  
 CHARMM>    calc zab = ( @a + @b ) / 2.0
 Parameter: A -> "-7.8"
 Parameter: B -> "-7.6"
Evaluating: (-7.8+-7.6)/2.0
 Parameter: ZAB <- "-7.7"
  
 CHARMM>     
  
 CHARMM>    coor search -
 CHARMM>         xmin @x1  xmax @x2  xgrip @xncel -
 CHARMM>         ymin @y1  ymax @y2  ygrip @yncel -
 CHARMM>         zmin @a   zmax @b   zgrip 5
 Parameter: X1 -> "-13.8257234"
 Parameter: X2 -> "13.3162766"
 Parameter: XNCEL -> "135"
 Parameter: Y1 -> "-13.9910845"
 Parameter: Y2 -> "13.9910845"
 Parameter: YNCEL -> "139"
 Parameter: A -> "-7.8"
 Parameter: B -> "-7.6"

 A TOTAL OF    55304   VACUUM POINTS WERE FOUND
 A TOTAL OF    38521 OCCUPIED POINTS WERE FOUND
 A TOTAL OF        0 EXTERNAL POINTS WERE FOUND
 A TOTAL OF    55304 SELECTED POINTS WERE FOUND
 TOTAL OCCUPIED  VOLUME =      62.363746
 TOTAL SELECTED  VOLUME =      89.534660
 TOTAL FREE      VOLUME =      89.534660
 FRACTIONAL FREE VOLUME =      58.943778
  
 CHARMM>     
  
 CHARMM>    calc c = ?volume * @factor
 Parameter: FACTOR -> "5"
 RDCMND substituted energy or value "?VOLUME" to "62.3637464"
Evaluating: 62.3637464*5
 Parameter: C <- "311.818732"
  
 CHARMM>     
  
 CHARMM>    if a .lt. -10 if a .gt. -20 if c .gt. @botarea set botarea = @c
 Parameter: BOTAREA -> "319.775893"
 Parameter: C -> "311.818732"
 Comparing "-7.8" and "-10".
 IF test evaluated as false.  Skipping command
  
 CHARMM>    if a .gt.  10 if a .lt.  20 if c .gt. @toparea set toparea = @c
 Parameter: TOPAREA -> "-1"
 Parameter: C -> "311.818732"
 Comparing "-7.8" and "10".
 IF test evaluated as false.  Skipping command
  
 CHARMM>     
  
 CHARMM>    write title unit 51
 RDTITL> * -7.6  311.818732
 RDTITL> *
  
 CHARMM>     
  
 CHARMM>    incr a by @dcel
 Parameter: DCEL -> "0.2"
 Parameter: A <- "-7.6"
  
 CHARMM>    incr b by @dcel
 Parameter: DCEL -> "0.2"
 Parameter: B <- "-7.4"
  
 CHARMM>    if b le ?ZMAX goto DOAREA
 RDCMND substituted energy or value "?ZMAX" to "14.0616092"
 Comparing "-7.4" and "14.0616092".
 IF test evaluated as true.  Performing command
  
 CHARMM>     
  
 CHARMM>    ! Cross sectional protein area with whole atom.
 CHARMM>    scalar wmain = radius
  
 CHARMM>    scalar wmain mult 2.5   sele resname TIP3 end
 SELRPN>      0 atoms have been selected out of    500
  
 CHARMM>    scalar wmain add  1.529 sele .not. resname TIP3 end
 SELRPN>    500 atoms have been selected out of    500
  
 CHARMM>    scalar wmain mult 0.85  sele .not. resname TIP3 end
 SELRPN>    500 atoms have been selected out of    500
  
 CHARMM>    calc zab = ( @a + @b ) / 2.0
 Parameter: A -> "-7.6"
 Parameter: B -> "-7.4"
Evaluating: (-7.6+-7.4)/2.0
 Parameter: ZAB <- "-7.5"
  
 CHARMM>     
  
 CHARMM>    coor search -
 CHARMM>         xmin @x1  xmax @x2  xgrip @xncel -
 CHARMM>         ymin @y1  ymax @y2  ygrip @yncel -
 CHARMM>         zmin @a   zmax @b   zgrip 5
 Parameter: X1 -> "-13.8257234"
 Parameter: X2 -> "13.3162766"
 Parameter: XNCEL -> "135"
 Parameter: Y1 -> "-13.9910845"
 Parameter: Y2 -> "13.9910845"
 Parameter: YNCEL -> "139"
 Parameter: A -> "-7.6"
 Parameter: B -> "-7.4"

 A TOTAL OF    55767   VACUUM POINTS WERE FOUND
 A TOTAL OF    38058 OCCUPIED POINTS WERE FOUND
 A TOTAL OF        0 EXTERNAL POINTS WERE FOUND
 A TOTAL OF    55767 SELECTED POINTS WERE FOUND
 TOTAL OCCUPIED  VOLUME =      61.614170
 TOTAL SELECTED  VOLUME =      90.284236
 TOTAL FREE      VOLUME =      90.284236
 FRACTIONAL FREE VOLUME =      59.437250
  
 CHARMM>     
  
 CHARMM>    calc c = ?volume * @factor
 Parameter: FACTOR -> "5"
 RDCMND substituted energy or value "?VOLUME" to "61.6141705"
Evaluating: 61.6141705*5
 Parameter: C <- "308.070853"
  
 CHARMM>     
  
 CHARMM>    if a .lt. -10 if a .gt. -20 if c .gt. @botarea set botarea = @c
 Parameter: BOTAREA -> "319.775893"
 Parameter: C -> "308.070853"
 Comparing "-7.6" and "-10".
 IF test evaluated as false.  Skipping command
  
 CHARMM>    if a .gt.  10 if a .lt.  20 if c .gt. @toparea set toparea = @c
 Parameter: TOPAREA -> "-1"
 Parameter: C -> "308.070853"
 Comparing "-7.6" and "10".
 IF test evaluated as false.  Skipping command
  
 CHARMM>     
  
 CHARMM>    write title unit 51
 RDTITL> * -7.4  308.070853
 RDTITL> *
  
 CHARMM>     
  
 CHARMM>    incr a by @dcel
 Parameter: DCEL -> "0.2"
 Parameter: A <- "-7.4"
  
 CHARMM>    incr b by @dcel
 Parameter: DCEL -> "0.2"
 Parameter: B <- "-7.2"
  
 CHARMM>    if b le ?ZMAX goto DOAREA
 RDCMND substituted energy or value "?ZMAX" to "14.0616092"
 Comparing "-7.2" and "14.0616092".
 IF test evaluated as true.  Performing command
  
 CHARMM>     
  
 CHARMM>    ! Cross sectional protein area with whole atom.
 CHARMM>    scalar wmain = radius
  
 CHARMM>    scalar wmain mult 2.5   sele resname TIP3 end
 SELRPN>      0 atoms have been selected out of    500
  
 CHARMM>    scalar wmain add  1.529 sele .not. resname TIP3 end
 SELRPN>    500 atoms have been selected out of    500
  
 CHARMM>    scalar wmain mult 0.85  sele .not. resname TIP3 end
 SELRPN>    500 atoms have been selected out of    500
  
 CHARMM>    calc zab = ( @a + @b ) / 2.0
 Parameter: A -> "-7.4"
 Parameter: B -> "-7.2"
Evaluating: (-7.4+-7.2)/2.0
 Parameter: ZAB <- "-7.3"
  
 CHARMM>     
  
 CHARMM>    coor search -
 CHARMM>         xmin @x1  xmax @x2  xgrip @xncel -
 CHARMM>         ymin @y1  ymax @y2  ygrip @yncel -
 CHARMM>         zmin @a   zmax @b   zgrip 5
 Parameter: X1 -> "-13.8257234"
 Parameter: X2 -> "13.3162766"
 Parameter: XNCEL -> "135"
 Parameter: Y1 -> "-13.9910845"
 Parameter: Y2 -> "13.9910845"
 Parameter: YNCEL -> "139"
 Parameter: A -> "-7.4"
 Parameter: B -> "-7.2"

 A TOTAL OF    56056   VACUUM POINTS WERE FOUND
 A TOTAL OF    37769 OCCUPIED POINTS WERE FOUND
 A TOTAL OF        0 EXTERNAL POINTS WERE FOUND
 A TOTAL OF    56056 SELECTED POINTS WERE FOUND
 TOTAL OCCUPIED  VOLUME =      61.146293
 TOTAL SELECTED  VOLUME =      90.752114
 TOTAL FREE      VOLUME =      90.752114
 FRACTIONAL FREE VOLUME =      59.745270
  
 CHARMM>     
  
 CHARMM>    calc c = ?volume * @factor
 Parameter: FACTOR -> "5"
 RDCMND substituted energy or value "?VOLUME" to "61.1462926"
Evaluating: 61.1462926*5
 Parameter: C <- "305.731463"
  
 CHARMM>     
  
 CHARMM>    if a .lt. -10 if a .gt. -20 if c .gt. @botarea set botarea = @c
 Parameter: BOTAREA -> "319.775893"
 Parameter: C -> "305.731463"
 Comparing "-7.4" and "-10".
 IF test evaluated as false.  Skipping command
  
 CHARMM>    if a .gt.  10 if a .lt.  20 if c .gt. @toparea set toparea = @c
 Parameter: TOPAREA -> "-1"
 Parameter: C -> "305.731463"
 Comparing "-7.4" and "10".
 IF test evaluated as false.  Skipping command
  
 CHARMM>     
  
 CHARMM>    write title unit 51
 RDTITL> * -7.2  305.731463
 RDTITL> *
  
 CHARMM>     
  
 CHARMM>    incr a by @dcel
 Parameter: DCEL -> "0.2"
 Parameter: A <- "-7.2"
  
 CHARMM>    incr b by @dcel
 Parameter: DCEL -> "0.2"
 Parameter: B <- "-7"
  
 CHARMM>    if b le ?ZMAX goto DOAREA
 RDCMND substituted energy or value "?ZMAX" to "14.0616092"
 Comparing "-7" and "14.0616092".
 IF test evaluated as true.  Performing command
  
 CHARMM>     
  
 CHARMM>    ! Cross sectional protein area with whole atom.
 CHARMM>    scalar wmain = radius
  
 CHARMM>    scalar wmain mult 2.5   sele resname TIP3 end
 SELRPN>      0 atoms have been selected out of    500
  
 CHARMM>    scalar wmain add  1.529 sele .not. resname TIP3 end
 SELRPN>    500 atoms have been selected out of    500
  
 CHARMM>    scalar wmain mult 0.85  sele .not. resname TIP3 end
 SELRPN>    500 atoms have been selected out of    500
  
 CHARMM>    calc zab = ( @a + @b ) / 2.0
 Parameter: A -> "-7.2"
 Parameter: B -> "-7"
Evaluating: (-7.2+-7)/2.0
 Parameter: ZAB <- "-7.1"
  
 CHARMM>     
  
 CHARMM>    coor search -
 CHARMM>         xmin @x1  xmax @x2  xgrip @xncel -
 CHARMM>         ymin @y1  ymax @y2  ygrip @yncel -
 CHARMM>         zmin @a   zmax @b   zgrip 5
 Parameter: X1 -> "-13.8257234"
 Parameter: X2 -> "13.3162766"
 Parameter: XNCEL -> "135"
 Parameter: Y1 -> "-13.9910845"
 Parameter: Y2 -> "13.9910845"
 Parameter: YNCEL -> "139"
 Parameter: A -> "-7.2"
 Parameter: B -> "-7"

 A TOTAL OF    56272   VACUUM POINTS WERE FOUND
 A TOTAL OF    37553 OCCUPIED POINTS WERE FOUND
 A TOTAL OF        0 EXTERNAL POINTS WERE FOUND
 A TOTAL OF    56272 SELECTED POINTS WERE FOUND
 TOTAL OCCUPIED  VOLUME =      60.796598
 TOTAL SELECTED  VOLUME =      91.101808
 TOTAL FREE      VOLUME =      91.101808
 FRACTIONAL FREE VOLUME =      59.975486
  
 CHARMM>     
  
 CHARMM>    calc c = ?volume * @factor
 Parameter: FACTOR -> "5"
 RDCMND substituted energy or value "?VOLUME" to "60.7965984"
Evaluating: 60.7965984*5
 Parameter: C <- "303.982992"
  
 CHARMM>     
  
 CHARMM>    if a .lt. -10 if a .gt. -20 if c .gt. @botarea set botarea = @c
 Parameter: BOTAREA -> "319.775893"
 Parameter: C -> "303.982992"
 Comparing "-7.2" and "-10".
 IF test evaluated as false.  Skipping command
  
 CHARMM>    if a .gt.  10 if a .lt.  20 if c .gt. @toparea set toparea = @c
 Parameter: TOPAREA -> "-1"
 Parameter: C -> "303.982992"
 Comparing "-7.2" and "10".
 IF test evaluated as false.  Skipping command
  
 CHARMM>     
  
 CHARMM>    write title unit 51
 RDTITL> * -7  303.982992
 RDTITL> *
  
 CHARMM>     
  
 CHARMM>    incr a by @dcel
 Parameter: DCEL -> "0.2"
 Parameter: A <- "-7"
  
 CHARMM>    incr b by @dcel
 Parameter: DCEL -> "0.2"
 Parameter: B <- "-6.8"
  
 CHARMM>    if b le ?ZMAX goto DOAREA
 RDCMND substituted energy or value "?ZMAX" to "14.0616092"
 Comparing "-6.8" and "14.0616092".
 IF test evaluated as true.  Performing command
  
 CHARMM>     
  
 CHARMM>    ! Cross sectional protein area with whole atom.
 CHARMM>    scalar wmain = radius
  
 CHARMM>    scalar wmain mult 2.5   sele resname TIP3 end
 SELRPN>      0 atoms have been selected out of    500
  
 CHARMM>    scalar wmain add  1.529 sele .not. resname TIP3 end
 SELRPN>    500 atoms have been selected out of    500
  
 CHARMM>    scalar wmain mult 0.85  sele .not. resname TIP3 end
 SELRPN>    500 atoms have been selected out of    500
  
 CHARMM>    calc zab = ( @a + @b ) / 2.0
 Parameter: A -> "-7"
 Parameter: B -> "-6.8"
Evaluating: (-7+-6.8)/2.0
 Parameter: ZAB <- "-6.9"
  
 CHARMM>     
  
 CHARMM>    coor search -
 CHARMM>         xmin @x1  xmax @x2  xgrip @xncel -
 CHARMM>         ymin @y1  ymax @y2  ygrip @yncel -
 CHARMM>         zmin @a   zmax @b   zgrip 5
 Parameter: X1 -> "-13.8257234"
 Parameter: X2 -> "13.3162766"
 Parameter: XNCEL -> "135"
 Parameter: Y1 -> "-13.9910845"
 Parameter: Y2 -> "13.9910845"
 Parameter: YNCEL -> "139"
 Parameter: A -> "-7"
 Parameter: B -> "-6.8"

 A TOTAL OF    56643   VACUUM POINTS WERE FOUND
 A TOTAL OF    37182 OCCUPIED POINTS WERE FOUND
 A TOTAL OF        0 EXTERNAL POINTS WERE FOUND
 A TOTAL OF    56643 SELECTED POINTS WERE FOUND
 TOTAL OCCUPIED  VOLUME =      60.195966
 TOTAL SELECTED  VOLUME =      91.702440
 TOTAL FREE      VOLUME =      91.702440
 FRACTIONAL FREE VOLUME =      60.370903
  
 CHARMM>     
  
 CHARMM>    calc c = ?volume * @factor
 Parameter: FACTOR -> "5"
 RDCMND substituted energy or value "?VOLUME" to "60.1959663"
Evaluating: 60.1959663*5
 Parameter: C <- "300.979831"
  
 CHARMM>     
  
 CHARMM>    if a .lt. -10 if a .gt. -20 if c .gt. @botarea set botarea = @c
 Parameter: BOTAREA -> "319.775893"
 Parameter: C -> "300.979831"
 Comparing "-7" and "-10".
 IF test evaluated as false.  Skipping command
  
 CHARMM>    if a .gt.  10 if a .lt.  20 if c .gt. @toparea set toparea = @c
 Parameter: TOPAREA -> "-1"
 Parameter: C -> "300.979831"
 Comparing "-7" and "10".
 IF test evaluated as false.  Skipping command
  
 CHARMM>     
  
 CHARMM>    write title unit 51
 RDTITL> * -6.8  300.979831
 RDTITL> *
  
 CHARMM>     
  
 CHARMM>    incr a by @dcel
 Parameter: DCEL -> "0.2"
 Parameter: A <- "-6.8"
  
 CHARMM>    incr b by @dcel
 Parameter: DCEL -> "0.2"
 Parameter: B <- "-6.6"
  
 CHARMM>    if b le ?ZMAX goto DOAREA
 RDCMND substituted energy or value "?ZMAX" to "14.0616092"
 Comparing "-6.6" and "14.0616092".
 IF test evaluated as true.  Performing command
  
 CHARMM>     
  
 CHARMM>    ! Cross sectional protein area with whole atom.
 CHARMM>    scalar wmain = radius
  
 CHARMM>    scalar wmain mult 2.5   sele resname TIP3 end
 SELRPN>      0 atoms have been selected out of    500
  
 CHARMM>    scalar wmain add  1.529 sele .not. resname TIP3 end
 SELRPN>    500 atoms have been selected out of    500
  
 CHARMM>    scalar wmain mult 0.85  sele .not. resname TIP3 end
 SELRPN>    500 atoms have been selected out of    500
  
 CHARMM>    calc zab = ( @a + @b ) / 2.0
 Parameter: A -> "-6.8"
 Parameter: B -> "-6.6"
Evaluating: (-6.8+-6.6)/2.0
 Parameter: ZAB <- "-6.7"
  
 CHARMM>     
  
 CHARMM>    coor search -
 CHARMM>         xmin @x1  xmax @x2  xgrip @xncel -
 CHARMM>         ymin @y1  ymax @y2  ygrip @yncel -
 CHARMM>         zmin @a   zmax @b   zgrip 5
 Parameter: X1 -> "-13.8257234"
 Parameter: X2 -> "13.3162766"
 Parameter: XNCEL -> "135"
 Parameter: Y1 -> "-13.9910845"
 Parameter: Y2 -> "13.9910845"
 Parameter: YNCEL -> "139"
 Parameter: A -> "-6.8"
 Parameter: B -> "-6.6"

 A TOTAL OF    57124   VACUUM POINTS WERE FOUND
 A TOTAL OF    36701 OCCUPIED POINTS WERE FOUND
 A TOTAL OF        0 EXTERNAL POINTS WERE FOUND
 A TOTAL OF    57124 SELECTED POINTS WERE FOUND
 TOTAL OCCUPIED  VOLUME =      59.417249
 TOTAL SELECTED  VOLUME =      92.481157
 TOTAL FREE      VOLUME =      92.481157
 FRACTIONAL FREE VOLUME =      60.883560
  
 CHARMM>     
  
 CHARMM>    calc c = ?volume * @factor
 Parameter: FACTOR -> "5"
 RDCMND substituted energy or value "?VOLUME" to "59.4172492"
Evaluating: 59.4172492*5
 Parameter: C <- "297.086246"
  
 CHARMM>     
  
 CHARMM>    if a .lt. -10 if a .gt. -20 if c .gt. @botarea set botarea = @c
 Parameter: BOTAREA -> "319.775893"
 Parameter: C -> "297.086246"
 Comparing "-6.8" and "-10".
 IF test evaluated as false.  Skipping command
  
 CHARMM>    if a .gt.  10 if a .lt.  20 if c .gt. @toparea set toparea = @c
 Parameter: TOPAREA -> "-1"
 Parameter: C -> "297.086246"
 Comparing "-6.8" and "10".
 IF test evaluated as false.  Skipping command
  
 CHARMM>     
  
 CHARMM>    write title unit 51
 RDTITL> * -6.6  297.086246
 RDTITL> *
  
 CHARMM>     
  
 CHARMM>    incr a by @dcel
 Parameter: DCEL -> "0.2"
 Parameter: A <- "-6.6"
  
 CHARMM>    incr b by @dcel
 Parameter: DCEL -> "0.2"
 Parameter: B <- "-6.4"
  
 CHARMM>    if b le ?ZMAX goto DOAREA
 RDCMND substituted energy or value "?ZMAX" to "14.0616092"
 Comparing "-6.4" and "14.0616092".
 IF test evaluated as true.  Performing command
  
 CHARMM>     
  
 CHARMM>    ! Cross sectional protein area with whole atom.
 CHARMM>    scalar wmain = radius
  
 CHARMM>    scalar wmain mult 2.5   sele resname TIP3 end
 SELRPN>      0 atoms have been selected out of    500
  
 CHARMM>    scalar wmain add  1.529 sele .not. resname TIP3 end
 SELRPN>    500 atoms have been selected out of    500
  
 CHARMM>    scalar wmain mult 0.85  sele .not. resname TIP3 end
 SELRPN>    500 atoms have been selected out of    500
  
 CHARMM>    calc zab = ( @a + @b ) / 2.0
 Parameter: A -> "-6.6"
 Parameter: B -> "-6.4"
Evaluating: (-6.6+-6.4)/2.0
 Parameter: ZAB <- "-6.5"
  
 CHARMM>     
  
 CHARMM>    coor search -
 CHARMM>         xmin @x1  xmax @x2  xgrip @xncel -
 CHARMM>         ymin @y1  ymax @y2  ygrip @yncel -
 CHARMM>         zmin @a   zmax @b   zgrip 5
 Parameter: X1 -> "-13.8257234"
 Parameter: X2 -> "13.3162766"
 Parameter: XNCEL -> "135"
 Parameter: Y1 -> "-13.9910845"
 Parameter: Y2 -> "13.9910845"
 Parameter: YNCEL -> "139"
 Parameter: A -> "-6.6"
 Parameter: B -> "-6.4"

 A TOTAL OF    57496   VACUUM POINTS WERE FOUND
 A TOTAL OF    36329 OCCUPIED POINTS WERE FOUND
 A TOTAL OF        0 EXTERNAL POINTS WERE FOUND
 A TOTAL OF    57496 SELECTED POINTS WERE FOUND
 TOTAL OCCUPIED  VOLUME =      58.814998
 TOTAL SELECTED  VOLUME =      93.083408
 TOTAL FREE      VOLUME =      93.083408
 FRACTIONAL FREE VOLUME =      61.280043
  
 CHARMM>     
  
 CHARMM>    calc c = ?volume * @factor
 Parameter: FACTOR -> "5"
 RDCMND substituted energy or value "?VOLUME" to "58.8149981"
Evaluating: 58.8149981*5
 Parameter: C <- "294.074991"
  
 CHARMM>     
  
 CHARMM>    if a .lt. -10 if a .gt. -20 if c .gt. @botarea set botarea = @c
 Parameter: BOTAREA -> "319.775893"
 Parameter: C -> "294.074991"
 Comparing "-6.6" and "-10".
 IF test evaluated as false.  Skipping command
  
 CHARMM>    if a .gt.  10 if a .lt.  20 if c .gt. @toparea set toparea = @c
 Parameter: TOPAREA -> "-1"
 Parameter: C -> "294.074991"
 Comparing "-6.6" and "10".
 IF test evaluated as false.  Skipping command
  
 CHARMM>     
  
 CHARMM>    write title unit 51
 RDTITL> * -6.4  294.074991
 RDTITL> *
  
 CHARMM>     
  
 CHARMM>    incr a by @dcel
 Parameter: DCEL -> "0.2"
 Parameter: A <- "-6.4"
  
 CHARMM>    incr b by @dcel
 Parameter: DCEL -> "0.2"
 Parameter: B <- "-6.2"
  
 CHARMM>    if b le ?ZMAX goto DOAREA
 RDCMND substituted energy or value "?ZMAX" to "14.0616092"
 Comparing "-6.2" and "14.0616092".
 IF test evaluated as true.  Performing command
  
 CHARMM>     
  
 CHARMM>    ! Cross sectional protein area with whole atom.
 CHARMM>    scalar wmain = radius
  
 CHARMM>    scalar wmain mult 2.5   sele resname TIP3 end
 SELRPN>      0 atoms have been selected out of    500
  
 CHARMM>    scalar wmain add  1.529 sele .not. resname TIP3 end
 SELRPN>    500 atoms have been selected out of    500
  
 CHARMM>    scalar wmain mult 0.85  sele .not. resname TIP3 end
 SELRPN>    500 atoms have been selected out of    500
  
 CHARMM>    calc zab = ( @a + @b ) / 2.0
 Parameter: A -> "-6.4"
 Parameter: B -> "-6.2"
Evaluating: (-6.4+-6.2)/2.0
 Parameter: ZAB <- "-6.3"
  
 CHARMM>     
  
 CHARMM>    coor search -
 CHARMM>         xmin @x1  xmax @x2  xgrip @xncel -
 CHARMM>         ymin @y1  ymax @y2  ygrip @yncel -
 CHARMM>         zmin @a   zmax @b   zgrip 5
 Parameter: X1 -> "-13.8257234"
 Parameter: X2 -> "13.3162766"
 Parameter: XNCEL -> "135"
 Parameter: Y1 -> "-13.9910845"
 Parameter: Y2 -> "13.9910845"
 Parameter: YNCEL -> "139"
 Parameter: A -> "-6.4"
 Parameter: B -> "-6.2"

 A TOTAL OF    57780   VACUUM POINTS WERE FOUND
 A TOTAL OF    36045 OCCUPIED POINTS WERE FOUND
 A TOTAL OF        0 EXTERNAL POINTS WERE FOUND
 A TOTAL OF    57780 SELECTED POINTS WERE FOUND
 TOTAL OCCUPIED  VOLUME =      58.355215
 TOTAL SELECTED  VOLUME =      93.543191
 TOTAL FREE      VOLUME =      93.543191
 FRACTIONAL FREE VOLUME =      61.582734
  
 CHARMM>     
  
 CHARMM>    calc c = ?volume * @factor
 Parameter: FACTOR -> "5"
 RDCMND substituted energy or value "?VOLUME" to "58.355215"
Evaluating: 58.355215*5
 Parameter: C <- "291.776075"
  
 CHARMM>     
  
 CHARMM>    if a .lt. -10 if a .gt. -20 if c .gt. @botarea set botarea = @c
 Parameter: BOTAREA -> "319.775893"
 Parameter: C -> "291.776075"
 Comparing "-6.4" and "-10".
 IF test evaluated as false.  Skipping command
  
 CHARMM>    if a .gt.  10 if a .lt.  20 if c .gt. @toparea set toparea = @c
 Parameter: TOPAREA -> "-1"
 Parameter: C -> "291.776075"
 Comparing "-6.4" and "10".
 IF test evaluated as false.  Skipping command
  
 CHARMM>     
  
 CHARMM>    write title unit 51
 RDTITL> * -6.2  291.776075
 RDTITL> *
  
 CHARMM>     
  
 CHARMM>    incr a by @dcel
 Parameter: DCEL -> "0.2"
 Parameter: A <- "-6.2"
  
 CHARMM>    incr b by @dcel
 Parameter: DCEL -> "0.2"
 Parameter: B <- "-6"
  
 CHARMM>    if b le ?ZMAX goto DOAREA
 RDCMND substituted energy or value "?ZMAX" to "14.0616092"
 Comparing "-6" and "14.0616092".
 IF test evaluated as true.  Performing command
  
 CHARMM>     
  
 CHARMM>    ! Cross sectional protein area with whole atom.
 CHARMM>    scalar wmain = radius
  
 CHARMM>    scalar wmain mult 2.5   sele resname TIP3 end
 SELRPN>      0 atoms have been selected out of    500
  
 CHARMM>    scalar wmain add  1.529 sele .not. resname TIP3 end
 SELRPN>    500 atoms have been selected out of    500
  
 CHARMM>    scalar wmain mult 0.85  sele .not. resname TIP3 end
 SELRPN>    500 atoms have been selected out of    500
  
 CHARMM>    calc zab = ( @a + @b ) / 2.0
 Parameter: A -> "-6.2"
 Parameter: B -> "-6"
Evaluating: (-6.2+-6)/2.0
 Parameter: ZAB <- "-6.1"
  
 CHARMM>     
  
 CHARMM>    coor search -
 CHARMM>         xmin @x1  xmax @x2  xgrip @xncel -
 CHARMM>         ymin @y1  ymax @y2  ygrip @yncel -
 CHARMM>         zmin @a   zmax @b   zgrip 5
 Parameter: X1 -> "-13.8257234"
 Parameter: X2 -> "13.3162766"
 Parameter: XNCEL -> "135"
 Parameter: Y1 -> "-13.9910845"
 Parameter: Y2 -> "13.9910845"
 Parameter: YNCEL -> "139"
 Parameter: A -> "-6.2"
 Parameter: B -> "-6"

 A TOTAL OF    58071   VACUUM POINTS WERE FOUND
 A TOTAL OF    35754 OCCUPIED POINTS WERE FOUND
 A TOTAL OF        0 EXTERNAL POINTS WERE FOUND
 A TOTAL OF    58071 SELECTED POINTS WERE FOUND
 TOTAL OCCUPIED  VOLUME =      57.884099
 TOTAL SELECTED  VOLUME =      94.014307
 TOTAL FREE      VOLUME =      94.014307
 FRACTIONAL FREE VOLUME =      61.892886
  
 CHARMM>     
  
 CHARMM>    calc c = ?volume * @factor
 Parameter: FACTOR -> "5"
 RDCMND substituted energy or value "?VOLUME" to "57.8840993"
Evaluating: 57.8840993*5
 Parameter: C <- "289.420497"
  
 CHARMM>     
  
 CHARMM>    if a .lt. -10 if a .gt. -20 if c .gt. @botarea set botarea = @c
 Parameter: BOTAREA -> "319.775893"
 Parameter: C -> "289.420497"
 Comparing "-6.2" and "-10".
 IF test evaluated as false.  Skipping command
  
 CHARMM>    if a .gt.  10 if a .lt.  20 if c .gt. @toparea set toparea = @c
 Parameter: TOPAREA -> "-1"
 Parameter: C -> "289.420497"
 Comparing "-6.2" and "10".
 IF test evaluated as false.  Skipping command
  
 CHARMM>     
  
 CHARMM>    write title unit 51
 RDTITL> * -6  289.420497
 RDTITL> *
  
 CHARMM>     
  
 CHARMM>    incr a by @dcel
 Parameter: DCEL -> "0.2"
 Parameter: A <- "-6"
  
 CHARMM>    incr b by @dcel
 Parameter: DCEL -> "0.2"
 Parameter: B <- "-5.8"
  
 CHARMM>    if b le ?ZMAX goto DOAREA
 RDCMND substituted energy or value "?ZMAX" to "14.0616092"
 Comparing "-5.8" and "14.0616092".
 IF test evaluated as true.  Performing command
  
 CHARMM>     
  
 CHARMM>    ! Cross sectional protein area with whole atom.
 CHARMM>    scalar wmain = radius
  
 CHARMM>    scalar wmain mult 2.5   sele resname TIP3 end
 SELRPN>      0 atoms have been selected out of    500
  
 CHARMM>    scalar wmain add  1.529 sele .not. resname TIP3 end
 SELRPN>    500 atoms have been selected out of    500
  
 CHARMM>    scalar wmain mult 0.85  sele .not. resname TIP3 end
 SELRPN>    500 atoms have been selected out of    500
  
 CHARMM>    calc zab = ( @a + @b ) / 2.0
 Parameter: A -> "-6"
 Parameter: B -> "-5.8"
Evaluating: (-6+-5.8)/2.0
 Parameter: ZAB <- "-5.9"
  
 CHARMM>     
  
 CHARMM>    coor search -
 CHARMM>         xmin @x1  xmax @x2  xgrip @xncel -
 CHARMM>         ymin @y1  ymax @y2  ygrip @yncel -
 CHARMM>         zmin @a   zmax @b   zgrip 5
 Parameter: X1 -> "-13.8257234"
 Parameter: X2 -> "13.3162766"
 Parameter: XNCEL -> "135"
 Parameter: Y1 -> "-13.9910845"
 Parameter: Y2 -> "13.9910845"
 Parameter: YNCEL -> "139"
 Parameter: A -> "-6"
 Parameter: B -> "-5.8"

 A TOTAL OF    58516   VACUUM POINTS WERE FOUND
 A TOTAL OF    35309 OCCUPIED POINTS WERE FOUND
 A TOTAL OF        0 EXTERNAL POINTS WERE FOUND
 A TOTAL OF    58516 SELECTED POINTS WERE FOUND
 TOTAL OCCUPIED  VOLUME =      57.163665
 TOTAL SELECTED  VOLUME =      94.734742
 TOTAL FREE      VOLUME =      94.734742
 FRACTIONAL FREE VOLUME =      62.367173
  
 CHARMM>     
  
 CHARMM>    calc c = ?volume * @factor
 Parameter: FACTOR -> "5"
 RDCMND substituted energy or value "?VOLUME" to "57.1636645"
Evaluating: 57.1636645*5
 Parameter: C <- "285.818323"
  
 CHARMM>     
  
 CHARMM>    if a .lt. -10 if a .gt. -20 if c .gt. @botarea set botarea = @c
 Parameter: BOTAREA -> "319.775893"
 Parameter: C -> "285.818323"
 Comparing "-6" and "-10".
 IF test evaluated as false.  Skipping command
  
 CHARMM>    if a .gt.  10 if a .lt.  20 if c .gt. @toparea set toparea = @c
 Parameter: TOPAREA -> "-1"
 Parameter: C -> "285.818323"
 Comparing "-6" and "10".
 IF test evaluated as false.  Skipping command
  
 CHARMM>     
  
 CHARMM>    write title unit 51
 RDTITL> * -5.8  285.818323
 RDTITL> *
  
 CHARMM>     
  
 CHARMM>    incr a by @dcel
 Parameter: DCEL -> "0.2"
 Parameter: A <- "-5.8"
  
 CHARMM>    incr b by @dcel
 Parameter: DCEL -> "0.2"
 Parameter: B <- "-5.6"
  
 CHARMM>    if b le ?ZMAX goto DOAREA
 RDCMND substituted energy or value "?ZMAX" to "14.0616092"
 Comparing "-5.6" and "14.0616092".
 IF test evaluated as true.  Performing command
  
 CHARMM>     
  
 CHARMM>    ! Cross sectional protein area with whole atom.
 CHARMM>    scalar wmain = radius
  
 CHARMM>    scalar wmain mult 2.5   sele resname TIP3 end
 SELRPN>      0 atoms have been selected out of    500
  
 CHARMM>    scalar wmain add  1.529 sele .not. resname TIP3 end
 SELRPN>    500 atoms have been selected out of    500
  
 CHARMM>    scalar wmain mult 0.85  sele .not. resname TIP3 end
 SELRPN>    500 atoms have been selected out of    500
  
 CHARMM>    calc zab = ( @a + @b ) / 2.0
 Parameter: A -> "-5.8"
 Parameter: B -> "-5.6"
Evaluating: (-5.8+-5.6)/2.0
 Parameter: ZAB <- "-5.7"
  
 CHARMM>     
  
 CHARMM>    coor search -
 CHARMM>         xmin @x1  xmax @x2  xgrip @xncel -
 CHARMM>         ymin @y1  ymax @y2  ygrip @yncel -
 CHARMM>         zmin @a   zmax @b   zgrip 5
 Parameter: X1 -> "-13.8257234"
 Parameter: X2 -> "13.3162766"
 Parameter: XNCEL -> "135"
 Parameter: Y1 -> "-13.9910845"
 Parameter: Y2 -> "13.9910845"
 Parameter: YNCEL -> "139"
 Parameter: A -> "-5.8"
 Parameter: B -> "-5.6"

 A TOTAL OF    59054   VACUUM POINTS WERE FOUND
 A TOTAL OF    34771 OCCUPIED POINTS WERE FOUND
 A TOTAL OF        0 EXTERNAL POINTS WERE FOUND
 A TOTAL OF    59054 SELECTED POINTS WERE FOUND
 TOTAL OCCUPIED  VOLUME =      56.292667
 TOTAL SELECTED  VOLUME =      95.605739
 TOTAL FREE      VOLUME =      95.605739
 FRACTIONAL FREE VOLUME =      62.940581
  
 CHARMM>     
  
 CHARMM>    calc c = ?volume * @factor
 Parameter: FACTOR -> "5"
 RDCMND substituted energy or value "?VOLUME" to "56.292667"
Evaluating: 56.292667*5
 Parameter: C <- "281.463335"
  
 CHARMM>     
  
 CHARMM>    if a .lt. -10 if a .gt. -20 if c .gt. @botarea set botarea = @c
 Parameter: BOTAREA -> "319.775893"
 Parameter: C -> "281.463335"
 Comparing "-5.8" and "-10".
 IF test evaluated as false.  Skipping command
  
 CHARMM>    if a .gt.  10 if a .lt.  20 if c .gt. @toparea set toparea = @c
 Parameter: TOPAREA -> "-1"
 Parameter: C -> "281.463335"
 Comparing "-5.8" and "10".
 IF test evaluated as false.  Skipping command
  
 CHARMM>     
  
 CHARMM>    write title unit 51
 RDTITL> * -5.6  281.463335
 RDTITL> *
  
 CHARMM>     
  
 CHARMM>    incr a by @dcel
 Parameter: DCEL -> "0.2"
 Parameter: A <- "-5.6"
  
 CHARMM>    incr b by @dcel
 Parameter: DCEL -> "0.2"
 Parameter: B <- "-5.4"
  
 CHARMM>    if b le ?ZMAX goto DOAREA
 RDCMND substituted energy or value "?ZMAX" to "14.0616092"
 Comparing "-5.4" and "14.0616092".
 IF test evaluated as true.  Performing command
  
 CHARMM>     
  
 CHARMM>    ! Cross sectional protein area with whole atom.
 CHARMM>    scalar wmain = radius
  
 CHARMM>    scalar wmain mult 2.5   sele resname TIP3 end
 SELRPN>      0 atoms have been selected out of    500
  
 CHARMM>    scalar wmain add  1.529 sele .not. resname TIP3 end
 SELRPN>    500 atoms have been selected out of    500
  
 CHARMM>    scalar wmain mult 0.85  sele .not. resname TIP3 end
 SELRPN>    500 atoms have been selected out of    500
  
 CHARMM>    calc zab = ( @a + @b ) / 2.0
 Parameter: A -> "-5.6"
 Parameter: B -> "-5.4"
Evaluating: (-5.6+-5.4)/2.0
 Parameter: ZAB <- "-5.5"
  
 CHARMM>     
  
 CHARMM>    coor search -
 CHARMM>         xmin @x1  xmax @x2  xgrip @xncel -
 CHARMM>         ymin @y1  ymax @y2  ygrip @yncel -
 CHARMM>         zmin @a   zmax @b   zgrip 5
 Parameter: X1 -> "-13.8257234"
 Parameter: X2 -> "13.3162766"
 Parameter: XNCEL -> "135"
 Parameter: Y1 -> "-13.9910845"
 Parameter: Y2 -> "13.9910845"
 Parameter: YNCEL -> "139"
 Parameter: A -> "-5.6"
 Parameter: B -> "-5.4"

 A TOTAL OF    59747   VACUUM POINTS WERE FOUND
 A TOTAL OF    34078 OCCUPIED POINTS WERE FOUND
 A TOTAL OF        0 EXTERNAL POINTS WERE FOUND
 A TOTAL OF    59747 SELECTED POINTS WERE FOUND
 TOTAL OCCUPIED  VOLUME =      55.170732
 TOTAL SELECTED  VOLUME =      96.727675
 TOTAL FREE      VOLUME =      96.727675
 FRACTIONAL FREE VOLUME =      63.679190
  
 CHARMM>     
  
 CHARMM>    calc c = ?volume * @factor
 Parameter: FACTOR -> "5"
 RDCMND substituted energy or value "?VOLUME" to "55.1707315"
Evaluating: 55.1707315*5
 Parameter: C <- "275.853657"
  
 CHARMM>     
  
 CHARMM>    if a .lt. -10 if a .gt. -20 if c .gt. @botarea set botarea = @c
 Parameter: BOTAREA -> "319.775893"
 Parameter: C -> "275.853657"
 Comparing "-5.6" and "-10".
 IF test evaluated as false.  Skipping command
  
 CHARMM>    if a .gt.  10 if a .lt.  20 if c .gt. @toparea set toparea = @c
 Parameter: TOPAREA -> "-1"
 Parameter: C -> "275.853657"
 Comparing "-5.6" and "10".
 IF test evaluated as false.  Skipping command
  
 CHARMM>     
  
 CHARMM>    write title unit 51
 RDTITL> * -5.4  275.853657
 RDTITL> *
  
 CHARMM>     
  
 CHARMM>    incr a by @dcel
 Parameter: DCEL -> "0.2"
 Parameter: A <- "-5.4"
  
 CHARMM>    incr b by @dcel
 Parameter: DCEL -> "0.2"
 Parameter: B <- "-5.2"
  
 CHARMM>    if b le ?ZMAX goto DOAREA
 RDCMND substituted energy or value "?ZMAX" to "14.0616092"
 Comparing "-5.2" and "14.0616092".
 IF test evaluated as true.  Performing command
  
 CHARMM>     
  
 CHARMM>    ! Cross sectional protein area with whole atom.
 CHARMM>    scalar wmain = radius
  
 CHARMM>    scalar wmain mult 2.5   sele resname TIP3 end
 SELRPN>      0 atoms have been selected out of    500
  
 CHARMM>    scalar wmain add  1.529 sele .not. resname TIP3 end
 SELRPN>    500 atoms have been selected out of    500
  
 CHARMM>    scalar wmain mult 0.85  sele .not. resname TIP3 end
 SELRPN>    500 atoms have been selected out of    500
  
 CHARMM>    calc zab = ( @a + @b ) / 2.0
 Parameter: A -> "-5.4"
 Parameter: B -> "-5.2"
Evaluating: (-5.4+-5.2)/2.0
 Parameter: ZAB <- "-5.3"
  
 CHARMM>     
  
 CHARMM>    coor search -
 CHARMM>         xmin @x1  xmax @x2  xgrip @xncel -
 CHARMM>         ymin @y1  ymax @y2  ygrip @yncel -
 CHARMM>         zmin @a   zmax @b   zgrip 5
 Parameter: X1 -> "-13.8257234"
 Parameter: X2 -> "13.3162766"
 Parameter: XNCEL -> "135"
 Parameter: Y1 -> "-13.9910845"
 Parameter: Y2 -> "13.9910845"
 Parameter: YNCEL -> "139"
 Parameter: A -> "-5.4"
 Parameter: B -> "-5.2"

 A TOTAL OF    60476   VACUUM POINTS WERE FOUND
 A TOTAL OF    33349 OCCUPIED POINTS WERE FOUND
 A TOTAL OF        0 EXTERNAL POINTS WERE FOUND
 A TOTAL OF    60476 SELECTED POINTS WERE FOUND
 TOTAL OCCUPIED  VOLUME =      53.990514
 TOTAL SELECTED  VOLUME =      97.907892
 TOTAL FREE      VOLUME =      97.907892
 FRACTIONAL FREE VOLUME =      64.456168
  
 CHARMM>     
  
 CHARMM>    calc c = ?volume * @factor
 Parameter: FACTOR -> "5"
 RDCMND substituted energy or value "?VOLUME" to "53.9905137"
Evaluating: 53.9905137*5
 Parameter: C <- "269.952568"
  
 CHARMM>     
  
 CHARMM>    if a .lt. -10 if a .gt. -20 if c .gt. @botarea set botarea = @c
 Parameter: BOTAREA -> "319.775893"
 Parameter: C -> "269.952568"
 Comparing "-5.4" and "-10".
 IF test evaluated as false.  Skipping command
  
 CHARMM>    if a .gt.  10 if a .lt.  20 if c .gt. @toparea set toparea = @c
 Parameter: TOPAREA -> "-1"
 Parameter: C -> "269.952568"
 Comparing "-5.4" and "10".
 IF test evaluated as false.  Skipping command
  
 CHARMM>     
  
 CHARMM>    write title unit 51
 RDTITL> * -5.2  269.952568
 RDTITL> *
  
 CHARMM>     
  
 CHARMM>    incr a by @dcel
 Parameter: DCEL -> "0.2"
 Parameter: A <- "-5.2"
  
 CHARMM>    incr b by @dcel
 Parameter: DCEL -> "0.2"
 Parameter: B <- "-5"
  
 CHARMM>    if b le ?ZMAX goto DOAREA
 RDCMND substituted energy or value "?ZMAX" to "14.0616092"
 Comparing "-5" and "14.0616092".
 IF test evaluated as true.  Performing command
  
 CHARMM>     
  
 CHARMM>    ! Cross sectional protein area with whole atom.
 CHARMM>    scalar wmain = radius
  
 CHARMM>    scalar wmain mult 2.5   sele resname TIP3 end
 SELRPN>      0 atoms have been selected out of    500
  
 CHARMM>    scalar wmain add  1.529 sele .not. resname TIP3 end
 SELRPN>    500 atoms have been selected out of    500
  
 CHARMM>    scalar wmain mult 0.85  sele .not. resname TIP3 end
 SELRPN>    500 atoms have been selected out of    500
  
 CHARMM>    calc zab = ( @a + @b ) / 2.0
 Parameter: A -> "-5.2"
 Parameter: B -> "-5"
Evaluating: (-5.2+-5)/2.0
 Parameter: ZAB <- "-5.1"
  
 CHARMM>     
  
 CHARMM>    coor search -
 CHARMM>         xmin @x1  xmax @x2  xgrip @xncel -
 CHARMM>         ymin @y1  ymax @y2  ygrip @yncel -
 CHARMM>         zmin @a   zmax @b   zgrip 5
 Parameter: X1 -> "-13.8257234"
 Parameter: X2 -> "13.3162766"
 Parameter: XNCEL -> "135"
 Parameter: Y1 -> "-13.9910845"
 Parameter: Y2 -> "13.9910845"
 Parameter: YNCEL -> "139"
 Parameter: A -> "-5.2"
 Parameter: B -> "-5"

 A TOTAL OF    61150   VACUUM POINTS WERE FOUND
 A TOTAL OF    32675 OCCUPIED POINTS WERE FOUND
 A TOTAL OF        0 EXTERNAL POINTS WERE FOUND
 A TOTAL OF    61150 SELECTED POINTS WERE FOUND
 TOTAL OCCUPIED  VOLUME =      52.899338
 TOTAL SELECTED  VOLUME =      98.999068
 TOTAL FREE      VOLUME =      98.999068
 FRACTIONAL FREE VOLUME =      65.174527
  
 CHARMM>     
  
 CHARMM>    calc c = ?volume * @factor
 Parameter: FACTOR -> "5"
 RDCMND substituted energy or value "?VOLUME" to "52.8993384"
Evaluating: 52.8993384*5
 Parameter: C <- "264.496692"
  
 CHARMM>     
  
 CHARMM>    if a .lt. -10 if a .gt. -20 if c .gt. @botarea set botarea = @c
 Parameter: BOTAREA -> "319.775893"
 Parameter: C -> "264.496692"
 Comparing "-5.2" and "-10".
 IF test evaluated as false.  Skipping command
  
 CHARMM>    if a .gt.  10 if a .lt.  20 if c .gt. @toparea set toparea = @c
 Parameter: TOPAREA -> "-1"
 Parameter: C -> "264.496692"
 Comparing "-5.2" and "10".
 IF test evaluated as false.  Skipping command
  
 CHARMM>     
  
 CHARMM>    write title unit 51
 RDTITL> * -5  264.496692
 RDTITL> *
  
 CHARMM>     
  
 CHARMM>    incr a by @dcel
 Parameter: DCEL -> "0.2"
 Parameter: A <- "-5"
  
 CHARMM>    incr b by @dcel
 Parameter: DCEL -> "0.2"
 Parameter: B <- "-4.8"
  
 CHARMM>    if b le ?ZMAX goto DOAREA
 RDCMND substituted energy or value "?ZMAX" to "14.0616092"
 Comparing "-4.8" and "14.0616092".
 IF test evaluated as true.  Performing command
  
 CHARMM>     
  
 CHARMM>    ! Cross sectional protein area with whole atom.
 CHARMM>    scalar wmain = radius
  
 CHARMM>    scalar wmain mult 2.5   sele resname TIP3 end
 SELRPN>      0 atoms have been selected out of    500
  
 CHARMM>    scalar wmain add  1.529 sele .not. resname TIP3 end
 SELRPN>    500 atoms have been selected out of    500
  
 CHARMM>    scalar wmain mult 0.85  sele .not. resname TIP3 end
 SELRPN>    500 atoms have been selected out of    500
  
 CHARMM>    calc zab = ( @a + @b ) / 2.0
 Parameter: A -> "-5"
 Parameter: B -> "-4.8"
Evaluating: (-5+-4.8)/2.0
 Parameter: ZAB <- "-4.9"
  
 CHARMM>     
  
 CHARMM>    coor search -
 CHARMM>         xmin @x1  xmax @x2  xgrip @xncel -
 CHARMM>         ymin @y1  ymax @y2  ygrip @yncel -
 CHARMM>         zmin @a   zmax @b   zgrip 5
 Parameter: X1 -> "-13.8257234"
 Parameter: X2 -> "13.3162766"
 Parameter: XNCEL -> "135"
 Parameter: Y1 -> "-13.9910845"
 Parameter: Y2 -> "13.9910845"
 Parameter: YNCEL -> "139"
 Parameter: A -> "-5"
 Parameter: B -> "-4.8"

 A TOTAL OF    61604   VACUUM POINTS WERE FOUND
 A TOTAL OF    32221 OCCUPIED POINTS WERE FOUND
 A TOTAL OF        0 EXTERNAL POINTS WERE FOUND
 A TOTAL OF    61604 SELECTED POINTS WERE FOUND
 TOTAL OCCUPIED  VOLUME =      52.164333
 TOTAL SELECTED  VOLUME =      99.734073
 TOTAL FREE      VOLUME =      99.734073
 FRACTIONAL FREE VOLUME =      65.658407
  
 CHARMM>     
  
 CHARMM>    calc c = ?volume * @factor
 Parameter: FACTOR -> "5"
 RDCMND substituted energy or value "?VOLUME" to "52.164333"
Evaluating: 52.164333*5
 Parameter: C <- "260.821665"
  
 CHARMM>     
  
 CHARMM>    if a .lt. -10 if a .gt. -20 if c .gt. @botarea set botarea = @c
 Parameter: BOTAREA -> "319.775893"
 Parameter: C -> "260.821665"
 Comparing "-5" and "-10".
 IF test evaluated as false.  Skipping command
  
 CHARMM>    if a .gt.  10 if a .lt.  20 if c .gt. @toparea set toparea = @c
 Parameter: TOPAREA -> "-1"
 Parameter: C -> "260.821665"
 Comparing "-5" and "10".
 IF test evaluated as false.  Skipping command
  
 CHARMM>     
  
 CHARMM>    write title unit 51
 RDTITL> * -4.8  260.821665
 RDTITL> *
  
 CHARMM>     
  
 CHARMM>    incr a by @dcel
 Parameter: DCEL -> "0.2"
 Parameter: A <- "-4.8"
  
 CHARMM>    incr b by @dcel
 Parameter: DCEL -> "0.2"
 Parameter: B <- "-4.6"
  
 CHARMM>    if b le ?ZMAX goto DOAREA
 RDCMND substituted energy or value "?ZMAX" to "14.0616092"
 Comparing "-4.6" and "14.0616092".
 IF test evaluated as true.  Performing command
  
 CHARMM>     
  
 CHARMM>    ! Cross sectional protein area with whole atom.
 CHARMM>    scalar wmain = radius
  
 CHARMM>    scalar wmain mult 2.5   sele resname TIP3 end
 SELRPN>      0 atoms have been selected out of    500
  
 CHARMM>    scalar wmain add  1.529 sele .not. resname TIP3 end
 SELRPN>    500 atoms have been selected out of    500
  
 CHARMM>    scalar wmain mult 0.85  sele .not. resname TIP3 end
 SELRPN>    500 atoms have been selected out of    500
  
 CHARMM>    calc zab = ( @a + @b ) / 2.0
 Parameter: A -> "-4.8"
 Parameter: B -> "-4.6"
Evaluating: (-4.8+-4.6)/2.0
 Parameter: ZAB <- "-4.7"
  
 CHARMM>     
  
 CHARMM>    coor search -
 CHARMM>         xmin @x1  xmax @x2  xgrip @xncel -
 CHARMM>         ymin @y1  ymax @y2  ygrip @yncel -
 CHARMM>         zmin @a   zmax @b   zgrip 5
 Parameter: X1 -> "-13.8257234"
 Parameter: X2 -> "13.3162766"
 Parameter: XNCEL -> "135"
 Parameter: Y1 -> "-13.9910845"
 Parameter: Y2 -> "13.9910845"
 Parameter: YNCEL -> "139"
 Parameter: A -> "-4.8"
 Parameter: B -> "-4.6"

 A TOTAL OF    61920   VACUUM POINTS WERE FOUND
 A TOTAL OF    31905 OCCUPIED POINTS WERE FOUND
 A TOTAL OF        0 EXTERNAL POINTS WERE FOUND
 A TOTAL OF    61920 SELECTED POINTS WERE FOUND
 TOTAL OCCUPIED  VOLUME =      51.652743
 TOTAL SELECTED  VOLUME =     100.245663
 TOTAL FREE      VOLUME =     100.245663
 FRACTIONAL FREE VOLUME =      65.995204
  
 CHARMM>     
  
 CHARMM>    calc c = ?volume * @factor
 Parameter: FACTOR -> "5"
 RDCMND substituted energy or value "?VOLUME" to "51.6527434"
Evaluating: 51.6527434*5
 Parameter: C <- "258.263717"
  
 CHARMM>     
  
 CHARMM>    if a .lt. -10 if a .gt. -20 if c .gt. @botarea set botarea = @c
 Parameter: BOTAREA -> "319.775893"
 Parameter: C -> "258.263717"
 Comparing "-4.8" and "-10".
 IF test evaluated as false.  Skipping command
  
 CHARMM>    if a .gt.  10 if a .lt.  20 if c .gt. @toparea set toparea = @c
 Parameter: TOPAREA -> "-1"
 Parameter: C -> "258.263717"
 Comparing "-4.8" and "10".
 IF test evaluated as false.  Skipping command
  
 CHARMM>     
  
 CHARMM>    write title unit 51
 RDTITL> * -4.6  258.263717
 RDTITL> *
  
 CHARMM>     
  
 CHARMM>    incr a by @dcel
 Parameter: DCEL -> "0.2"
 Parameter: A <- "-4.6"
  
 CHARMM>    incr b by @dcel
 Parameter: DCEL -> "0.2"
 Parameter: B <- "-4.4"
  
 CHARMM>    if b le ?ZMAX goto DOAREA
 RDCMND substituted energy or value "?ZMAX" to "14.0616092"
 Comparing "-4.4" and "14.0616092".
 IF test evaluated as true.  Performing command
  
 CHARMM>     
  
 CHARMM>    ! Cross sectional protein area with whole atom.
 CHARMM>    scalar wmain = radius
  
 CHARMM>    scalar wmain mult 2.5   sele resname TIP3 end
 SELRPN>      0 atoms have been selected out of    500
  
 CHARMM>    scalar wmain add  1.529 sele .not. resname TIP3 end
 SELRPN>    500 atoms have been selected out of    500
  
 CHARMM>    scalar wmain mult 0.85  sele .not. resname TIP3 end
 SELRPN>    500 atoms have been selected out of    500
  
 CHARMM>    calc zab = ( @a + @b ) / 2.0
 Parameter: A -> "-4.6"
 Parameter: B -> "-4.4"
Evaluating: (-4.6+-4.4)/2.0
 Parameter: ZAB <- "-4.5"
  
 CHARMM>     
  
 CHARMM>    coor search -
 CHARMM>         xmin @x1  xmax @x2  xgrip @xncel -
 CHARMM>         ymin @y1  ymax @y2  ygrip @yncel -
 CHARMM>         zmin @a   zmax @b   zgrip 5
 Parameter: X1 -> "-13.8257234"
 Parameter: X2 -> "13.3162766"
 Parameter: XNCEL -> "135"
 Parameter: Y1 -> "-13.9910845"
 Parameter: Y2 -> "13.9910845"
 Parameter: YNCEL -> "139"
 Parameter: A -> "-4.6"
 Parameter: B -> "-4.4"

 A TOTAL OF    62211   VACUUM POINTS WERE FOUND
 A TOTAL OF    31614 OCCUPIED POINTS WERE FOUND
 A TOTAL OF        0 EXTERNAL POINTS WERE FOUND
 A TOTAL OF    62211 SELECTED POINTS WERE FOUND
 TOTAL OCCUPIED  VOLUME =      51.181628
 TOTAL SELECTED  VOLUME =     100.716779
 TOTAL FREE      VOLUME =     100.716779
 FRACTIONAL FREE VOLUME =      66.305356
  
 CHARMM>     
  
 CHARMM>    calc c = ?volume * @factor
 Parameter: FACTOR -> "5"
 RDCMND substituted energy or value "?VOLUME" to "51.1816276"
Evaluating: 51.1816276*5
 Parameter: C <- "255.908138"
  
 CHARMM>     
  
 CHARMM>    if a .lt. -10 if a .gt. -20 if c .gt. @botarea set botarea = @c
 Parameter: BOTAREA -> "319.775893"
 Parameter: C -> "255.908138"
 Comparing "-4.6" and "-10".
 IF test evaluated as false.  Skipping command
  
 CHARMM>    if a .gt.  10 if a .lt.  20 if c .gt. @toparea set toparea = @c
 Parameter: TOPAREA -> "-1"
 Parameter: C -> "255.908138"
 Comparing "-4.6" and "10".
 IF test evaluated as false.  Skipping command
  
 CHARMM>     
  
 CHARMM>    write title unit 51
 RDTITL> * -4.4  255.908138
 RDTITL> *
  
 CHARMM>     
  
 CHARMM>    incr a by @dcel
 Parameter: DCEL -> "0.2"
 Parameter: A <- "-4.4"
  
 CHARMM>    incr b by @dcel
 Parameter: DCEL -> "0.2"
 Parameter: B <- "-4.2"
  
 CHARMM>    if b le ?ZMAX goto DOAREA
 RDCMND substituted energy or value "?ZMAX" to "14.0616092"
 Comparing "-4.2" and "14.0616092".
 IF test evaluated as true.  Performing command
  
 CHARMM>     
  
 CHARMM>    ! Cross sectional protein area with whole atom.
 CHARMM>    scalar wmain = radius
  
 CHARMM>    scalar wmain mult 2.5   sele resname TIP3 end
 SELRPN>      0 atoms have been selected out of    500
  
 CHARMM>    scalar wmain add  1.529 sele .not. resname TIP3 end
 SELRPN>    500 atoms have been selected out of    500
  
 CHARMM>    scalar wmain mult 0.85  sele .not. resname TIP3 end
 SELRPN>    500 atoms have been selected out of    500
  
 CHARMM>    calc zab = ( @a + @b ) / 2.0
 Parameter: A -> "-4.4"
 Parameter: B -> "-4.2"
Evaluating: (-4.4+-4.2)/2.0
 Parameter: ZAB <- "-4.3"
  
 CHARMM>     
  
 CHARMM>    coor search -
 CHARMM>         xmin @x1  xmax @x2  xgrip @xncel -
 CHARMM>         ymin @y1  ymax @y2  ygrip @yncel -
 CHARMM>         zmin @a   zmax @b   zgrip 5
 Parameter: X1 -> "-13.8257234"
 Parameter: X2 -> "13.3162766"
 Parameter: XNCEL -> "135"
 Parameter: Y1 -> "-13.9910845"
 Parameter: Y2 -> "13.9910845"
 Parameter: YNCEL -> "139"
 Parameter: A -> "-4.4"
 Parameter: B -> "-4.2"

 A TOTAL OF    62476   VACUUM POINTS WERE FOUND
 A TOTAL OF    31349 OCCUPIED POINTS WERE FOUND
 A TOTAL OF        0 EXTERNAL POINTS WERE FOUND
 A TOTAL OF    62476 SELECTED POINTS WERE FOUND
 TOTAL OCCUPIED  VOLUME =      50.752605
 TOTAL SELECTED  VOLUME =     101.145801
 TOTAL FREE      VOLUME =     101.145801
 FRACTIONAL FREE VOLUME =      66.587796
  
 CHARMM>     
  
 CHARMM>    calc c = ?volume * @factor
 Parameter: FACTOR -> "5"
 RDCMND substituted energy or value "?VOLUME" to "50.7526047"
Evaluating: 50.7526047*5
 Parameter: C <- "253.763024"
  
 CHARMM>     
  
 CHARMM>    if a .lt. -10 if a .gt. -20 if c .gt. @botarea set botarea = @c
 Parameter: BOTAREA -> "319.775893"
 Parameter: C -> "253.763024"
 Comparing "-4.4" and "-10".
 IF test evaluated as false.  Skipping command
  
 CHARMM>    if a .gt.  10 if a .lt.  20 if c .gt. @toparea set toparea = @c
 Parameter: TOPAREA -> "-1"
 Parameter: C -> "253.763024"
 Comparing "-4.4" and "10".
 IF test evaluated as false.  Skipping command
  
 CHARMM>     
  
 CHARMM>    write title unit 51
 RDTITL> * -4.2  253.763024
 RDTITL> *
  
 CHARMM>     
  
 CHARMM>    incr a by @dcel
 Parameter: DCEL -> "0.2"
 Parameter: A <- "-4.2"
  
 CHARMM>    incr b by @dcel
 Parameter: DCEL -> "0.2"
 Parameter: B <- "-4"
  
 CHARMM>    if b le ?ZMAX goto DOAREA
 RDCMND substituted energy or value "?ZMAX" to "14.0616092"
 Comparing "-4" and "14.0616092".
 IF test evaluated as true.  Performing command
  
 CHARMM>     
  
 CHARMM>    ! Cross sectional protein area with whole atom.
 CHARMM>    scalar wmain = radius
  
 CHARMM>    scalar wmain mult 2.5   sele resname TIP3 end
 SELRPN>      0 atoms have been selected out of    500
  
 CHARMM>    scalar wmain add  1.529 sele .not. resname TIP3 end
 SELRPN>    500 atoms have been selected out of    500
  
 CHARMM>    scalar wmain mult 0.85  sele .not. resname TIP3 end
 SELRPN>    500 atoms have been selected out of    500
  
 CHARMM>    calc zab = ( @a + @b ) / 2.0
 Parameter: A -> "-4.2"
 Parameter: B -> "-4"
Evaluating: (-4.2+-4)/2.0
 Parameter: ZAB <- "-4.1"
  
 CHARMM>     
  
 CHARMM>    coor search -
 CHARMM>         xmin @x1  xmax @x2  xgrip @xncel -
 CHARMM>         ymin @y1  ymax @y2  ygrip @yncel -
 CHARMM>         zmin @a   zmax @b   zgrip 5
 Parameter: X1 -> "-13.8257234"
 Parameter: X2 -> "13.3162766"
 Parameter: XNCEL -> "135"
 Parameter: Y1 -> "-13.9910845"
 Parameter: Y2 -> "13.9910845"
 Parameter: YNCEL -> "139"
 Parameter: A -> "-4.2"
 Parameter: B -> "-4"

 A TOTAL OF    62684   VACUUM POINTS WERE FOUND
 A TOTAL OF    31141 OCCUPIED POINTS WERE FOUND
 A TOTAL OF        0 EXTERNAL POINTS WERE FOUND
 A TOTAL OF    62684 SELECTED POINTS WERE FOUND
 TOTAL OCCUPIED  VOLUME =      50.415862
 TOTAL SELECTED  VOLUME =     101.482544
 TOTAL FREE      VOLUME =     101.482544
 FRACTIONAL FREE VOLUME =      66.809486
  
 CHARMM>     
  
 CHARMM>    calc c = ?volume * @factor
 Parameter: FACTOR -> "5"
 RDCMND substituted energy or value "?VOLUME" to "50.4158622"
Evaluating: 50.4158622*5
 Parameter: C <- "252.079311"
  
 CHARMM>     
  
 CHARMM>    if a .lt. -10 if a .gt. -20 if c .gt. @botarea set botarea = @c
 Parameter: BOTAREA -> "319.775893"
 Parameter: C -> "252.079311"
 Comparing "-4.2" and "-10".
 IF test evaluated as false.  Skipping command
  
 CHARMM>    if a .gt.  10 if a .lt.  20 if c .gt. @toparea set toparea = @c
 Parameter: TOPAREA -> "-1"
 Parameter: C -> "252.079311"
 Comparing "-4.2" and "10".
 IF test evaluated as false.  Skipping command
  
 CHARMM>     
  
 CHARMM>    write title unit 51
 RDTITL> * -4  252.079311
 RDTITL> *
  
 CHARMM>     
  
 CHARMM>    incr a by @dcel
 Parameter: DCEL -> "0.2"
 Parameter: A <- "-4"
  
 CHARMM>    incr b by @dcel
 Parameter: DCEL -> "0.2"
 Parameter: B <- "-3.8"
  
 CHARMM>    if b le ?ZMAX goto DOAREA
 RDCMND substituted energy or value "?ZMAX" to "14.0616092"
 Comparing "-3.8" and "14.0616092".
 IF test evaluated as true.  Performing command
  
 CHARMM>     
  
 CHARMM>    ! Cross sectional protein area with whole atom.
 CHARMM>    scalar wmain = radius
  
 CHARMM>    scalar wmain mult 2.5   sele resname TIP3 end
 SELRPN>      0 atoms have been selected out of    500
  
 CHARMM>    scalar wmain add  1.529 sele .not. resname TIP3 end
 SELRPN>    500 atoms have been selected out of    500
  
 CHARMM>    scalar wmain mult 0.85  sele .not. resname TIP3 end
 SELRPN>    500 atoms have been selected out of    500
  
 CHARMM>    calc zab = ( @a + @b ) / 2.0
 Parameter: A -> "-4"
 Parameter: B -> "-3.8"
Evaluating: (-4+-3.8)/2.0
 Parameter: ZAB <- "-3.9"
  
 CHARMM>     
  
 CHARMM>    coor search -
 CHARMM>         xmin @x1  xmax @x2  xgrip @xncel -
 CHARMM>         ymin @y1  ymax @y2  ygrip @yncel -
 CHARMM>         zmin @a   zmax @b   zgrip 5
 Parameter: X1 -> "-13.8257234"
 Parameter: X2 -> "13.3162766"
 Parameter: XNCEL -> "135"
 Parameter: Y1 -> "-13.9910845"
 Parameter: Y2 -> "13.9910845"
 Parameter: YNCEL -> "139"
 Parameter: A -> "-4"
 Parameter: B -> "-3.8"

 A TOTAL OF    62929   VACUUM POINTS WERE FOUND
 A TOTAL OF    30896 OCCUPIED POINTS WERE FOUND
 A TOTAL OF        0 EXTERNAL POINTS WERE FOUND
 A TOTAL OF    62929 SELECTED POINTS WERE FOUND
 TOTAL OCCUPIED  VOLUME =      50.019218
 TOTAL SELECTED  VOLUME =     101.879188
 TOTAL FREE      VOLUME =     101.879188
 FRACTIONAL FREE VOLUME =      67.070610
  
 CHARMM>     
  
 CHARMM>    calc c = ?volume * @factor
 Parameter: FACTOR -> "5"
 RDCMND substituted energy or value "?VOLUME" to "50.0192183"
Evaluating: 50.0192183*5
 Parameter: C <- "250.096091"
  
 CHARMM>     
  
 CHARMM>    if a .lt. -10 if a .gt. -20 if c .gt. @botarea set botarea = @c
 Parameter: BOTAREA -> "319.775893"
 Parameter: C -> "250.096091"
 Comparing "-4" and "-10".
 IF test evaluated as false.  Skipping command
  
 CHARMM>    if a .gt.  10 if a .lt.  20 if c .gt. @toparea set toparea = @c
 Parameter: TOPAREA -> "-1"
 Parameter: C -> "250.096091"
 Comparing "-4" and "10".
 IF test evaluated as false.  Skipping command
  
 CHARMM>     
  
 CHARMM>    write title unit 51
 RDTITL> * -3.8  250.096091
 RDTITL> *
  
 CHARMM>     
  
 CHARMM>    incr a by @dcel
 Parameter: DCEL -> "0.2"
 Parameter: A <- "-3.8"
  
 CHARMM>    incr b by @dcel
 Parameter: DCEL -> "0.2"
 Parameter: B <- "-3.6"
  
 CHARMM>    if b le ?ZMAX goto DOAREA
 RDCMND substituted energy or value "?ZMAX" to "14.0616092"
 Comparing "-3.6" and "14.0616092".
 IF test evaluated as true.  Performing command
  
 CHARMM>     
  
 CHARMM>    ! Cross sectional protein area with whole atom.
 CHARMM>    scalar wmain = radius
  
 CHARMM>    scalar wmain mult 2.5   sele resname TIP3 end
 SELRPN>      0 atoms have been selected out of    500
  
 CHARMM>    scalar wmain add  1.529 sele .not. resname TIP3 end
 SELRPN>    500 atoms have been selected out of    500
  
 CHARMM>    scalar wmain mult 0.85  sele .not. resname TIP3 end
 SELRPN>    500 atoms have been selected out of    500
  
 CHARMM>    calc zab = ( @a + @b ) / 2.0
 Parameter: A -> "-3.8"
 Parameter: B -> "-3.6"
Evaluating: (-3.8+-3.6)/2.0
 Parameter: ZAB <- "-3.7"
  
 CHARMM>     
  
 CHARMM>    coor search -
 CHARMM>         xmin @x1  xmax @x2  xgrip @xncel -
 CHARMM>         ymin @y1  ymax @y2  ygrip @yncel -
 CHARMM>         zmin @a   zmax @b   zgrip 5
 Parameter: X1 -> "-13.8257234"
 Parameter: X2 -> "13.3162766"
 Parameter: XNCEL -> "135"
 Parameter: Y1 -> "-13.9910845"
 Parameter: Y2 -> "13.9910845"
 Parameter: YNCEL -> "139"
 Parameter: A -> "-3.8"
 Parameter: B -> "-3.6"

 A TOTAL OF    63301   VACUUM POINTS WERE FOUND
 A TOTAL OF    30524 OCCUPIED POINTS WERE FOUND
 A TOTAL OF        0 EXTERNAL POINTS WERE FOUND
 A TOTAL OF    63301 SELECTED POINTS WERE FOUND
 TOTAL OCCUPIED  VOLUME =      49.416967
 TOTAL SELECTED  VOLUME =     102.481439
 TOTAL FREE      VOLUME =     102.481439
 FRACTIONAL FREE VOLUME =      67.467093
  
 CHARMM>     
  
 CHARMM>    calc c = ?volume * @factor
 Parameter: FACTOR -> "5"
 RDCMND substituted energy or value "?VOLUME" to "49.4169672"
Evaluating: 49.4169672*5
 Parameter: C <- "247.084836"
  
 CHARMM>     
  
 CHARMM>    if a .lt. -10 if a .gt. -20 if c .gt. @botarea set botarea = @c
 Parameter: BOTAREA -> "319.775893"
 Parameter: C -> "247.084836"
 Comparing "-3.8" and "-10".
 IF test evaluated as false.  Skipping command
  
 CHARMM>    if a .gt.  10 if a .lt.  20 if c .gt. @toparea set toparea = @c
 Parameter: TOPAREA -> "-1"
 Parameter: C -> "247.084836"
 Comparing "-3.8" and "10".
 IF test evaluated as false.  Skipping command
  
 CHARMM>     
  
 CHARMM>    write title unit 51
 RDTITL> * -3.6  247.084836
 RDTITL> *
  
 CHARMM>     
  
 CHARMM>    incr a by @dcel
 Parameter: DCEL -> "0.2"
 Parameter: A <- "-3.6"
  
 CHARMM>    incr b by @dcel
 Parameter: DCEL -> "0.2"
 Parameter: B <- "-3.4"
  
 CHARMM>    if b le ?ZMAX goto DOAREA
 RDCMND substituted energy or value "?ZMAX" to "14.0616092"
 Comparing "-3.4" and "14.0616092".
 IF test evaluated as true.  Performing command
  
 CHARMM>     
  
 CHARMM>    ! Cross sectional protein area with whole atom.
 CHARMM>    scalar wmain = radius
  
 CHARMM>    scalar wmain mult 2.5   sele resname TIP3 end
 SELRPN>      0 atoms have been selected out of    500
  
 CHARMM>    scalar wmain add  1.529 sele .not. resname TIP3 end
 SELRPN>    500 atoms have been selected out of    500
  
 CHARMM>    scalar wmain mult 0.85  sele .not. resname TIP3 end
 SELRPN>    500 atoms have been selected out of    500
  
 CHARMM>    calc zab = ( @a + @b ) / 2.0
 Parameter: A -> "-3.6"
 Parameter: B -> "-3.4"
Evaluating: (-3.6+-3.4)/2.0
 Parameter: ZAB <- "-3.5"
  
 CHARMM>     
  
 CHARMM>    coor search -
 CHARMM>         xmin @x1  xmax @x2  xgrip @xncel -
 CHARMM>         ymin @y1  ymax @y2  ygrip @yncel -
 CHARMM>         zmin @a   zmax @b   zgrip 5
 Parameter: X1 -> "-13.8257234"
 Parameter: X2 -> "13.3162766"
 Parameter: XNCEL -> "135"
 Parameter: Y1 -> "-13.9910845"
 Parameter: Y2 -> "13.9910845"
 Parameter: YNCEL -> "139"
 Parameter: A -> "-3.6"
 Parameter: B -> "-3.4"

 A TOTAL OF    63785   VACUUM POINTS WERE FOUND
 A TOTAL OF    30040 OCCUPIED POINTS WERE FOUND
 A TOTAL OF        0 EXTERNAL POINTS WERE FOUND
 A TOTAL OF    63785 SELECTED POINTS WERE FOUND
 TOTAL OCCUPIED  VOLUME =      48.633393
 TOTAL SELECTED  VOLUME =     103.265013
 TOTAL FREE      VOLUME =     103.265013
 FRACTIONAL FREE VOLUME =      67.982947
  
 CHARMM>     
  
 CHARMM>    calc c = ?volume * @factor
 Parameter: FACTOR -> "5"
 RDCMND substituted energy or value "?VOLUME" to "48.6333933"
Evaluating: 48.6333933*5
 Parameter: C <- "243.166967"
  
 CHARMM>     
  
 CHARMM>    if a .lt. -10 if a .gt. -20 if c .gt. @botarea set botarea = @c
 Parameter: BOTAREA -> "319.775893"
 Parameter: C -> "243.166967"
 Comparing "-3.6" and "-10".
 IF test evaluated as false.  Skipping command
  
 CHARMM>    if a .gt.  10 if a .lt.  20 if c .gt. @toparea set toparea = @c
 Parameter: TOPAREA -> "-1"
 Parameter: C -> "243.166967"
 Comparing "-3.6" and "10".
 IF test evaluated as false.  Skipping command
  
 CHARMM>     
  
 CHARMM>    write title unit 51
 RDTITL> * -3.4  243.166967
 RDTITL> *
  
 CHARMM>     
  
 CHARMM>    incr a by @dcel
 Parameter: DCEL -> "0.2"
 Parameter: A <- "-3.4"
  
 CHARMM>    incr b by @dcel
 Parameter: DCEL -> "0.2"
 Parameter: B <- "-3.2"
  
 CHARMM>    if b le ?ZMAX goto DOAREA
 RDCMND substituted energy or value "?ZMAX" to "14.0616092"
 Comparing "-3.2" and "14.0616092".
 IF test evaluated as true.  Performing command
  
 CHARMM>     
  
 CHARMM>    ! Cross sectional protein area with whole atom.
 CHARMM>    scalar wmain = radius
  
 CHARMM>    scalar wmain mult 2.5   sele resname TIP3 end
 SELRPN>      0 atoms have been selected out of    500
  
 CHARMM>    scalar wmain add  1.529 sele .not. resname TIP3 end
 SELRPN>    500 atoms have been selected out of    500
  
 CHARMM>    scalar wmain mult 0.85  sele .not. resname TIP3 end
 SELRPN>    500 atoms have been selected out of    500
  
 CHARMM>    calc zab = ( @a + @b ) / 2.0
 Parameter: A -> "-3.4"
 Parameter: B -> "-3.2"
Evaluating: (-3.4+-3.2)/2.0
 Parameter: ZAB <- "-3.3"
  
 CHARMM>     
  
 CHARMM>    coor search -
 CHARMM>         xmin @x1  xmax @x2  xgrip @xncel -
 CHARMM>         ymin @y1  ymax @y2  ygrip @yncel -
 CHARMM>         zmin @a   zmax @b   zgrip 5
 Parameter: X1 -> "-13.8257234"
 Parameter: X2 -> "13.3162766"
 Parameter: XNCEL -> "135"
 Parameter: Y1 -> "-13.9910845"
 Parameter: Y2 -> "13.9910845"
 Parameter: YNCEL -> "139"
 Parameter: A -> "-3.4"
 Parameter: B -> "-3.2"

 A TOTAL OF    64343   VACUUM POINTS WERE FOUND
 A TOTAL OF    29482 OCCUPIED POINTS WERE FOUND
 A TOTAL OF        0 EXTERNAL POINTS WERE FOUND
 A TOTAL OF    64343 SELECTED POINTS WERE FOUND
 TOTAL OCCUPIED  VOLUME =      47.730017
 TOTAL SELECTED  VOLUME =     104.168390
 TOTAL FREE      VOLUME =     104.168390
 FRACTIONAL FREE VOLUME =      68.577671
  
 CHARMM>     
  
 CHARMM>    calc c = ?volume * @factor
 Parameter: FACTOR -> "5"
 RDCMND substituted energy or value "?VOLUME" to "47.7300166"
Evaluating: 47.7300166*5
 Parameter: C <- "238.650083"
  
 CHARMM>     
  
 CHARMM>    if a .lt. -10 if a .gt. -20 if c .gt. @botarea set botarea = @c
 Parameter: BOTAREA -> "319.775893"
 Parameter: C -> "238.650083"
 Comparing "-3.4" and "-10".
 IF test evaluated as false.  Skipping command
  
 CHARMM>    if a .gt.  10 if a .lt.  20 if c .gt. @toparea set toparea = @c
 Parameter: TOPAREA -> "-1"
 Parameter: C -> "238.650083"
 Comparing "-3.4" and "10".
 IF test evaluated as false.  Skipping command
  
 CHARMM>     
  
 CHARMM>    write title unit 51
 RDTITL> * -3.2  238.650083
 RDTITL> *
  
 CHARMM>     
  
 CHARMM>    incr a by @dcel
 Parameter: DCEL -> "0.2"
 Parameter: A <- "-3.2"
  
 CHARMM>    incr b by @dcel
 Parameter: DCEL -> "0.2"
 Parameter: B <- "-3"
  
 CHARMM>    if b le ?ZMAX goto DOAREA
 RDCMND substituted energy or value "?ZMAX" to "14.0616092"
 Comparing "-3" and "14.0616092".
 IF test evaluated as true.  Performing command
  
 CHARMM>     
  
 CHARMM>    ! Cross sectional protein area with whole atom.
 CHARMM>    scalar wmain = radius
  
 CHARMM>    scalar wmain mult 2.5   sele resname TIP3 end
 SELRPN>      0 atoms have been selected out of    500
  
 CHARMM>    scalar wmain add  1.529 sele .not. resname TIP3 end
 SELRPN>    500 atoms have been selected out of    500
  
 CHARMM>    scalar wmain mult 0.85  sele .not. resname TIP3 end
 SELRPN>    500 atoms have been selected out of    500
  
 CHARMM>    calc zab = ( @a + @b ) / 2.0
 Parameter: A -> "-3.2"
 Parameter: B -> "-3"
Evaluating: (-3.2+-3)/2.0
 Parameter: ZAB <- "-3.1"
  
 CHARMM>     
  
 CHARMM>    coor search -
 CHARMM>         xmin @x1  xmax @x2  xgrip @xncel -
 CHARMM>         ymin @y1  ymax @y2  ygrip @yncel -
 CHARMM>         zmin @a   zmax @b   zgrip 5
 Parameter: X1 -> "-13.8257234"
 Parameter: X2 -> "13.3162766"
 Parameter: XNCEL -> "135"
 Parameter: Y1 -> "-13.9910845"
 Parameter: Y2 -> "13.9910845"
 Parameter: YNCEL -> "139"
 Parameter: A -> "-3.2"
 Parameter: B -> "-3"

 A TOTAL OF    64952   VACUUM POINTS WERE FOUND
 A TOTAL OF    28873 OCCUPIED POINTS WERE FOUND
 A TOTAL OF        0 EXTERNAL POINTS WERE FOUND
 A TOTAL OF    64952 SELECTED POINTS WERE FOUND
 TOTAL OCCUPIED  VOLUME =      46.744073
 TOTAL SELECTED  VOLUME =     105.154333
 TOTAL FREE      VOLUME =     105.154333
 FRACTIONAL FREE VOLUME =      69.226752
  
 CHARMM>     
  
 CHARMM>    calc c = ?volume * @factor
 Parameter: FACTOR -> "5"
 RDCMND substituted energy or value "?VOLUME" to "46.7440734"
Evaluating: 46.7440734*5
 Parameter: C <- "233.720367"
  
 CHARMM>     
  
 CHARMM>    if a .lt. -10 if a .gt. -20 if c .gt. @botarea set botarea = @c
 Parameter: BOTAREA -> "319.775893"
 Parameter: C -> "233.720367"
 Comparing "-3.2" and "-10".
 IF test evaluated as false.  Skipping command
  
 CHARMM>    if a .gt.  10 if a .lt.  20 if c .gt. @toparea set toparea = @c
 Parameter: TOPAREA -> "-1"
 Parameter: C -> "233.720367"
 Comparing "-3.2" and "10".
 IF test evaluated as false.  Skipping command
  
 CHARMM>     
  
 CHARMM>    write title unit 51
 RDTITL> * -3  233.720367
 RDTITL> *
  
 CHARMM>     
  
 CHARMM>    incr a by @dcel
 Parameter: DCEL -> "0.2"
 Parameter: A <- "-3"
  
 CHARMM>    incr b by @dcel
 Parameter: DCEL -> "0.2"
 Parameter: B <- "-2.8"
  
 CHARMM>    if b le ?ZMAX goto DOAREA
 RDCMND substituted energy or value "?ZMAX" to "14.0616092"
 Comparing "-2.8" and "14.0616092".
 IF test evaluated as true.  Performing command
  
 CHARMM>     
  
 CHARMM>    ! Cross sectional protein area with whole atom.
 CHARMM>    scalar wmain = radius
  
 CHARMM>    scalar wmain mult 2.5   sele resname TIP3 end
 SELRPN>      0 atoms have been selected out of    500
  
 CHARMM>    scalar wmain add  1.529 sele .not. resname TIP3 end
 SELRPN>    500 atoms have been selected out of    500
  
 CHARMM>    scalar wmain mult 0.85  sele .not. resname TIP3 end
 SELRPN>    500 atoms have been selected out of    500
  
 CHARMM>    calc zab = ( @a + @b ) / 2.0
 Parameter: A -> "-3"
 Parameter: B -> "-2.8"
Evaluating: (-3+-2.8)/2.0
 Parameter: ZAB <- "-2.9"
  
 CHARMM>     
  
 CHARMM>    coor search -
 CHARMM>         xmin @x1  xmax @x2  xgrip @xncel -
 CHARMM>         ymin @y1  ymax @y2  ygrip @yncel -
 CHARMM>         zmin @a   zmax @b   zgrip 5
 Parameter: X1 -> "-13.8257234"
 Parameter: X2 -> "13.3162766"
 Parameter: XNCEL -> "135"
 Parameter: Y1 -> "-13.9910845"
 Parameter: Y2 -> "13.9910845"
 Parameter: YNCEL -> "139"
 Parameter: A -> "-3"
 Parameter: B -> "-2.8"

 A TOTAL OF    65768   VACUUM POINTS WERE FOUND
 A TOTAL OF    28057 OCCUPIED POINTS WERE FOUND
 A TOTAL OF        0 EXTERNAL POINTS WERE FOUND
 A TOTAL OF    65768 SELECTED POINTS WERE FOUND
 TOTAL OCCUPIED  VOLUME =      45.423006
 TOTAL SELECTED  VOLUME =     106.475400
 TOTAL FREE      VOLUME =     106.475400
 FRACTIONAL FREE VOLUME =      70.096456
  
 CHARMM>     
  
 CHARMM>    calc c = ?volume * @factor
 Parameter: FACTOR -> "5"
 RDCMND substituted energy or value "?VOLUME" to "45.4230065"
Evaluating: 45.4230065*5
 Parameter: C <- "227.115032"
  
 CHARMM>     
  
 CHARMM>    if a .lt. -10 if a .gt. -20 if c .gt. @botarea set botarea = @c
 Parameter: BOTAREA -> "319.775893"
 Parameter: C -> "227.115032"
 Comparing "-3" and "-10".
 IF test evaluated as false.  Skipping command
  
 CHARMM>    if a .gt.  10 if a .lt.  20 if c .gt. @toparea set toparea = @c
 Parameter: TOPAREA -> "-1"
 Parameter: C -> "227.115032"
 Comparing "-3" and "10".
 IF test evaluated as false.  Skipping command
  
 CHARMM>     
  
 CHARMM>    write title unit 51
 RDTITL> * -2.8  227.115032
 RDTITL> *
  
 CHARMM>     
  
 CHARMM>    incr a by @dcel
 Parameter: DCEL -> "0.2"
 Parameter: A <- "-2.8"
  
 CHARMM>    incr b by @dcel
 Parameter: DCEL -> "0.2"
 Parameter: B <- "-2.6"
  
 CHARMM>    if b le ?ZMAX goto DOAREA
 RDCMND substituted energy or value "?ZMAX" to "14.0616092"
 Comparing "-2.6" and "14.0616092".
 IF test evaluated as true.  Performing command
  
 CHARMM>     
  
 CHARMM>    ! Cross sectional protein area with whole atom.
 CHARMM>    scalar wmain = radius
  
 CHARMM>    scalar wmain mult 2.5   sele resname TIP3 end
 SELRPN>      0 atoms have been selected out of    500
  
 CHARMM>    scalar wmain add  1.529 sele .not. resname TIP3 end
 SELRPN>    500 atoms have been selected out of    500
  
 CHARMM>    scalar wmain mult 0.85  sele .not. resname TIP3 end
 SELRPN>    500 atoms have been selected out of    500
  
 CHARMM>    calc zab = ( @a + @b ) / 2.0
 Parameter: A -> "-2.8"
 Parameter: B -> "-2.6"
Evaluating: (-2.8+-2.6)/2.0
 Parameter: ZAB <- "-2.7"
  
 CHARMM>     
  
 CHARMM>    coor search -
 CHARMM>         xmin @x1  xmax @x2  xgrip @xncel -
 CHARMM>         ymin @y1  ymax @y2  ygrip @yncel -
 CHARMM>         zmin @a   zmax @b   zgrip 5
 Parameter: X1 -> "-13.8257234"
 Parameter: X2 -> "13.3162766"
 Parameter: XNCEL -> "135"
 Parameter: Y1 -> "-13.9910845"
 Parameter: Y2 -> "13.9910845"
 Parameter: YNCEL -> "139"
 Parameter: A -> "-2.8"
 Parameter: B -> "-2.6"

 A TOTAL OF    66669   VACUUM POINTS WERE FOUND
 A TOTAL OF    27156 OCCUPIED POINTS WERE FOUND
 A TOTAL OF        0 EXTERNAL POINTS WERE FOUND
 A TOTAL OF    66669 SELECTED POINTS WERE FOUND
 TOTAL OCCUPIED  VOLUME =      43.964328
 TOTAL SELECTED  VOLUME =     107.934078
 TOTAL FREE      VOLUME =     107.934078
 FRACTIONAL FREE VOLUME =      71.056755
  
 CHARMM>     
  
 CHARMM>    calc c = ?volume * @factor
 Parameter: FACTOR -> "5"
 RDCMND substituted energy or value "?VOLUME" to "43.9643285"
Evaluating: 43.9643285*5
 Parameter: C <- "219.821642"
  
 CHARMM>     
  
 CHARMM>    if a .lt. -10 if a .gt. -20 if c .gt. @botarea set botarea = @c
 Parameter: BOTAREA -> "319.775893"
 Parameter: C -> "219.821642"
 Comparing "-2.8" and "-10".
 IF test evaluated as false.  Skipping command
  
 CHARMM>    if a .gt.  10 if a .lt.  20 if c .gt. @toparea set toparea = @c
 Parameter: TOPAREA -> "-1"
 Parameter: C -> "219.821642"
 Comparing "-2.8" and "10".
 IF test evaluated as false.  Skipping command
  
 CHARMM>     
  
 CHARMM>    write title unit 51
 RDTITL> * -2.6  219.821642
 RDTITL> *
  
 CHARMM>     
  
 CHARMM>    incr a by @dcel
 Parameter: DCEL -> "0.2"
 Parameter: A <- "-2.6"
  
 CHARMM>    incr b by @dcel
 Parameter: DCEL -> "0.2"
 Parameter: B <- "-2.4"
  
 CHARMM>    if b le ?ZMAX goto DOAREA
 RDCMND substituted energy or value "?ZMAX" to "14.0616092"
 Comparing "-2.4" and "14.0616092".
 IF test evaluated as true.  Performing command
  
 CHARMM>     
  
 CHARMM>    ! Cross sectional protein area with whole atom.
 CHARMM>    scalar wmain = radius
  
 CHARMM>    scalar wmain mult 2.5   sele resname TIP3 end
 SELRPN>      0 atoms have been selected out of    500
  
 CHARMM>    scalar wmain add  1.529 sele .not. resname TIP3 end
 SELRPN>    500 atoms have been selected out of    500
  
 CHARMM>    scalar wmain mult 0.85  sele .not. resname TIP3 end
 SELRPN>    500 atoms have been selected out of    500
  
 CHARMM>    calc zab = ( @a + @b ) / 2.0
 Parameter: A -> "-2.6"
 Parameter: B -> "-2.4"
Evaluating: (-2.6+-2.4)/2.0
 Parameter: ZAB <- "-2.5"
  
 CHARMM>     
  
 CHARMM>    coor search -
 CHARMM>         xmin @x1  xmax @x2  xgrip @xncel -
 CHARMM>         ymin @y1  ymax @y2  ygrip @yncel -
 CHARMM>         zmin @a   zmax @b   zgrip 5
 Parameter: X1 -> "-13.8257234"
 Parameter: X2 -> "13.3162766"
 Parameter: XNCEL -> "135"
 Parameter: Y1 -> "-13.9910845"
 Parameter: Y2 -> "13.9910845"
 Parameter: YNCEL -> "139"
 Parameter: A -> "-2.6"
 Parameter: B -> "-2.4"

 A TOTAL OF    67594   VACUUM POINTS WERE FOUND
 A TOTAL OF    26231 OCCUPIED POINTS WERE FOUND
 A TOTAL OF        0 EXTERNAL POINTS WERE FOUND
 A TOTAL OF    67594 SELECTED POINTS WERE FOUND
 TOTAL OCCUPIED  VOLUME =      42.466796
 TOTAL SELECTED  VOLUME =     109.431611
 TOTAL FREE      VOLUME =     109.431611
 FRACTIONAL FREE VOLUME =      72.042633
  
 CHARMM>     
  
 CHARMM>    calc c = ?volume * @factor
 Parameter: FACTOR -> "5"
 RDCMND substituted energy or value "?VOLUME" to "42.4667956"
Evaluating: 42.4667956*5
 Parameter: C <- "212.333978"
  
 CHARMM>     
  
 CHARMM>    if a .lt. -10 if a .gt. -20 if c .gt. @botarea set botarea = @c
 Parameter: BOTAREA -> "319.775893"
 Parameter: C -> "212.333978"
 Comparing "-2.6" and "-10".
 IF test evaluated as false.  Skipping command
  
 CHARMM>    if a .gt.  10 if a .lt.  20 if c .gt. @toparea set toparea = @c
 Parameter: TOPAREA -> "-1"
 Parameter: C -> "212.333978"
 Comparing "-2.6" and "10".
 IF test evaluated as false.  Skipping command
  
 CHARMM>     
  
 CHARMM>    write title unit 51
 RDTITL> * -2.4  212.333978
 RDTITL> *
  
 CHARMM>     
  
 CHARMM>    incr a by @dcel
 Parameter: DCEL -> "0.2"
 Parameter: A <- "-2.4"
  
 CHARMM>    incr b by @dcel
 Parameter: DCEL -> "0.2"
 Parameter: B <- "-2.2"
  
 CHARMM>    if b le ?ZMAX goto DOAREA
 RDCMND substituted energy or value "?ZMAX" to "14.0616092"
 Comparing "-2.2" and "14.0616092".
 IF test evaluated as true.  Performing command
  
 CHARMM>     
  
 CHARMM>    ! Cross sectional protein area with whole atom.
 CHARMM>    scalar wmain = radius
  
 CHARMM>    scalar wmain mult 2.5   sele resname TIP3 end
 SELRPN>      0 atoms have been selected out of    500
  
 CHARMM>    scalar wmain add  1.529 sele .not. resname TIP3 end
 SELRPN>    500 atoms have been selected out of    500
  
 CHARMM>    scalar wmain mult 0.85  sele .not. resname TIP3 end
 SELRPN>    500 atoms have been selected out of    500
  
 CHARMM>    calc zab = ( @a + @b ) / 2.0
 Parameter: A -> "-2.4"
 Parameter: B -> "-2.2"
Evaluating: (-2.4+-2.2)/2.0
 Parameter: ZAB <- "-2.3"
  
 CHARMM>     
  
 CHARMM>    coor search -
 CHARMM>         xmin @x1  xmax @x2  xgrip @xncel -
 CHARMM>         ymin @y1  ymax @y2  ygrip @yncel -
 CHARMM>         zmin @a   zmax @b   zgrip 5
 Parameter: X1 -> "-13.8257234"
 Parameter: X2 -> "13.3162766"
 Parameter: XNCEL -> "135"
 Parameter: Y1 -> "-13.9910845"
 Parameter: Y2 -> "13.9910845"
 Parameter: YNCEL -> "139"
 Parameter: A -> "-2.4"
 Parameter: B -> "-2.2"

 A TOTAL OF    68677   VACUUM POINTS WERE FOUND
 A TOTAL OF    25148 OCCUPIED POINTS WERE FOUND
 A TOTAL OF        0 EXTERNAL POINTS WERE FOUND
 A TOTAL OF    68677 SELECTED POINTS WERE FOUND
 TOTAL OCCUPIED  VOLUME =      40.713468
 TOTAL SELECTED  VOLUME =     111.184938
 TOTAL FREE      VOLUME =     111.184938
 FRACTIONAL FREE VOLUME =      73.196909
  
 CHARMM>     
  
 CHARMM>    calc c = ?volume * @factor
 Parameter: FACTOR -> "5"
 RDCMND substituted energy or value "?VOLUME" to "40.7134678"
Evaluating: 40.7134678*5
 Parameter: C <- "203.567339"
  
 CHARMM>     
  
 CHARMM>    if a .lt. -10 if a .gt. -20 if c .gt. @botarea set botarea = @c
 Parameter: BOTAREA -> "319.775893"
 Parameter: C -> "203.567339"
 Comparing "-2.4" and "-10".
 IF test evaluated as false.  Skipping command
  
 CHARMM>    if a .gt.  10 if a .lt.  20 if c .gt. @toparea set toparea = @c
 Parameter: TOPAREA -> "-1"
 Parameter: C -> "203.567339"
 Comparing "-2.4" and "10".
 IF test evaluated as false.  Skipping command
  
 CHARMM>     
  
 CHARMM>    write title unit 51
 RDTITL> * -2.2  203.567339
 RDTITL> *
  
 CHARMM>     
  
 CHARMM>    incr a by @dcel
 Parameter: DCEL -> "0.2"
 Parameter: A <- "-2.2"
  
 CHARMM>    incr b by @dcel
 Parameter: DCEL -> "0.2"
 Parameter: B <- "-2"
  
 CHARMM>    if b le ?ZMAX goto DOAREA
 RDCMND substituted energy or value "?ZMAX" to "14.0616092"
 Comparing "-2" and "14.0616092".
 IF test evaluated as true.  Performing command
  
 CHARMM>     
  
 CHARMM>    ! Cross sectional protein area with whole atom.
 CHARMM>    scalar wmain = radius
  
 CHARMM>    scalar wmain mult 2.5   sele resname TIP3 end
 SELRPN>      0 atoms have been selected out of    500
  
 CHARMM>    scalar wmain add  1.529 sele .not. resname TIP3 end
 SELRPN>    500 atoms have been selected out of    500
  
 CHARMM>    scalar wmain mult 0.85  sele .not. resname TIP3 end
 SELRPN>    500 atoms have been selected out of    500
  
 CHARMM>    calc zab = ( @a + @b ) / 2.0
 Parameter: A -> "-2.2"
 Parameter: B -> "-2"
Evaluating: (-2.2+-2)/2.0
 Parameter: ZAB <- "-2.1"
  
 CHARMM>     
  
 CHARMM>    coor search -
 CHARMM>         xmin @x1  xmax @x2  xgrip @xncel -
 CHARMM>         ymin @y1  ymax @y2  ygrip @yncel -
 CHARMM>         zmin @a   zmax @b   zgrip 5
 Parameter: X1 -> "-13.8257234"
 Parameter: X2 -> "13.3162766"
 Parameter: XNCEL -> "135"
 Parameter: Y1 -> "-13.9910845"
 Parameter: Y2 -> "13.9910845"
 Parameter: YNCEL -> "139"
 Parameter: A -> "-2.2"
 Parameter: B -> "-2"

 A TOTAL OF    69849   VACUUM POINTS WERE FOUND
 A TOTAL OF    23976 OCCUPIED POINTS WERE FOUND
 A TOTAL OF        0 EXTERNAL POINTS WERE FOUND
 A TOTAL OF    69849 SELECTED POINTS WERE FOUND
 TOTAL OCCUPIED  VOLUME =      38.816053
 TOTAL SELECTED  VOLUME =     113.082353
 TOTAL FREE      VOLUME =     113.082353
 FRACTIONAL FREE VOLUME =      74.446043
  
 CHARMM>     
  
 CHARMM>    calc c = ?volume * @factor
 Parameter: FACTOR -> "5"
 RDCMND substituted energy or value "?VOLUME" to "38.8160532"
Evaluating: 38.8160532*5
 Parameter: C <- "194.080266"
  
 CHARMM>     
  
 CHARMM>    if a .lt. -10 if a .gt. -20 if c .gt. @botarea set botarea = @c
 Parameter: BOTAREA -> "319.775893"
 Parameter: C -> "194.080266"
 Comparing "-2.2" and "-10".
 IF test evaluated as false.  Skipping command
  
 CHARMM>    if a .gt.  10 if a .lt.  20 if c .gt. @toparea set toparea = @c
 Parameter: TOPAREA -> "-1"
 Parameter: C -> "194.080266"
 Comparing "-2.2" and "10".
 IF test evaluated as false.  Skipping command
  
 CHARMM>     
  
 CHARMM>    write title unit 51
 RDTITL> * -2  194.080266
 RDTITL> *
  
 CHARMM>     
  
 CHARMM>    incr a by @dcel
 Parameter: DCEL -> "0.2"
 Parameter: A <- "-2"
  
 CHARMM>    incr b by @dcel
 Parameter: DCEL -> "0.2"
 Parameter: B <- "-1.8"
  
 CHARMM>    if b le ?ZMAX goto DOAREA
 RDCMND substituted energy or value "?ZMAX" to "14.0616092"
 Comparing "-1.8" and "14.0616092".
 IF test evaluated as true.  Performing command
  
 CHARMM>     
  
 CHARMM>    ! Cross sectional protein area with whole atom.
 CHARMM>    scalar wmain = radius
  
 CHARMM>    scalar wmain mult 2.5   sele resname TIP3 end
 SELRPN>      0 atoms have been selected out of    500
  
 CHARMM>    scalar wmain add  1.529 sele .not. resname TIP3 end
 SELRPN>    500 atoms have been selected out of    500
  
 CHARMM>    scalar wmain mult 0.85  sele .not. resname TIP3 end
 SELRPN>    500 atoms have been selected out of    500
  
 CHARMM>    calc zab = ( @a + @b ) / 2.0
 Parameter: A -> "-2"
 Parameter: B -> "-1.8"
Evaluating: (-2+-1.8)/2.0
 Parameter: ZAB <- "-1.9"
  
 CHARMM>     
  
 CHARMM>    coor search -
 CHARMM>         xmin @x1  xmax @x2  xgrip @xncel -
 CHARMM>         ymin @y1  ymax @y2  ygrip @yncel -
 CHARMM>         zmin @a   zmax @b   zgrip 5
 Parameter: X1 -> "-13.8257234"
 Parameter: X2 -> "13.3162766"
 Parameter: XNCEL -> "135"
 Parameter: Y1 -> "-13.9910845"
 Parameter: Y2 -> "13.9910845"
 Parameter: YNCEL -> "139"
 Parameter: A -> "-2"
 Parameter: B -> "-1.8"

 A TOTAL OF    70673   VACUUM POINTS WERE FOUND
 A TOTAL OF    23152 OCCUPIED POINTS WERE FOUND
 A TOTAL OF        0 EXTERNAL POINTS WERE FOUND
 A TOTAL OF    70673 SELECTED POINTS WERE FOUND
 TOTAL OCCUPIED  VOLUME =      37.482035
 TOTAL SELECTED  VOLUME =     114.416372
 TOTAL FREE      VOLUME =     114.416372
 FRACTIONAL FREE VOLUME =      75.324274
  
 CHARMM>     
  
 CHARMM>    calc c = ?volume * @factor
 Parameter: FACTOR -> "5"
 RDCMND substituted energy or value "?VOLUME" to "37.4820346"
Evaluating: 37.4820346*5
 Parameter: C <- "187.410173"
  
 CHARMM>     
  
 CHARMM>    if a .lt. -10 if a .gt. -20 if c .gt. @botarea set botarea = @c
 Parameter: BOTAREA -> "319.775893"
 Parameter: C -> "187.410173"
 Comparing "-2" and "-10".
 IF test evaluated as false.  Skipping command
  
 CHARMM>    if a .gt.  10 if a .lt.  20 if c .gt. @toparea set toparea = @c
 Parameter: TOPAREA -> "-1"
 Parameter: C -> "187.410173"
 Comparing "-2" and "10".
 IF test evaluated as false.  Skipping command
  
 CHARMM>     
  
 CHARMM>    write title unit 51
 RDTITL> * -1.8  187.410173
 RDTITL> *
  
 CHARMM>     
  
 CHARMM>    incr a by @dcel
 Parameter: DCEL -> "0.2"
 Parameter: A <- "-1.8"
  
 CHARMM>    incr b by @dcel
 Parameter: DCEL -> "0.2"
 Parameter: B <- "-1.6"
  
 CHARMM>    if b le ?ZMAX goto DOAREA
 RDCMND substituted energy or value "?ZMAX" to "14.0616092"
 Comparing "-1.6" and "14.0616092".
 IF test evaluated as true.  Performing command
  
 CHARMM>     
  
 CHARMM>    ! Cross sectional protein area with whole atom.
 CHARMM>    scalar wmain = radius
  
 CHARMM>    scalar wmain mult 2.5   sele resname TIP3 end
 SELRPN>      0 atoms have been selected out of    500
  
 CHARMM>    scalar wmain add  1.529 sele .not. resname TIP3 end
 SELRPN>    500 atoms have been selected out of    500
  
 CHARMM>    scalar wmain mult 0.85  sele .not. resname TIP3 end
 SELRPN>    500 atoms have been selected out of    500
  
 CHARMM>    calc zab = ( @a + @b ) / 2.0
 Parameter: A -> "-1.8"
 Parameter: B -> "-1.6"
Evaluating: (-1.8+-1.6)/2.0
 Parameter: ZAB <- "-1.7"
  
 CHARMM>     
  
 CHARMM>    coor search -
 CHARMM>         xmin @x1  xmax @x2  xgrip @xncel -
 CHARMM>         ymin @y1  ymax @y2  ygrip @yncel -
 CHARMM>         zmin @a   zmax @b   zgrip 5
 Parameter: X1 -> "-13.8257234"
 Parameter: X2 -> "13.3162766"
 Parameter: XNCEL -> "135"
 Parameter: Y1 -> "-13.9910845"
 Parameter: Y2 -> "13.9910845"
 Parameter: YNCEL -> "139"
 Parameter: A -> "-1.8"
 Parameter: B -> "-1.6"

 A TOTAL OF    71763   VACUUM POINTS WERE FOUND
 A TOTAL OF    22062 OCCUPIED POINTS WERE FOUND
 A TOTAL OF        0 EXTERNAL POINTS WERE FOUND
 A TOTAL OF    71763 SELECTED POINTS WERE FOUND
 TOTAL OCCUPIED  VOLUME =      35.717374
 TOTAL SELECTED  VOLUME =     116.181032
 TOTAL FREE      VOLUME =     116.181032
 FRACTIONAL FREE VOLUME =      76.486011
  
 CHARMM>     
  
 CHARMM>    calc c = ?volume * @factor
 Parameter: FACTOR -> "5"
 RDCMND substituted energy or value "?VOLUME" to "35.7173742"
Evaluating: 35.7173742*5
 Parameter: C <- "178.586871"
  
 CHARMM>     
  
 CHARMM>    if a .lt. -10 if a .gt. -20 if c .gt. @botarea set botarea = @c
 Parameter: BOTAREA -> "319.775893"
 Parameter: C -> "178.586871"
 Comparing "-1.8" and "-10".
 IF test evaluated as false.  Skipping command
  
 CHARMM>    if a .gt.  10 if a .lt.  20 if c .gt. @toparea set toparea = @c
 Parameter: TOPAREA -> "-1"
 Parameter: C -> "178.586871"
 Comparing "-1.8" and "10".
 IF test evaluated as false.  Skipping command
  
 CHARMM>     
  
 CHARMM>    write title unit 51
 RDTITL> * -1.6  178.586871
 RDTITL> *
  
 CHARMM>     
  
 CHARMM>    incr a by @dcel
 Parameter: DCEL -> "0.2"
 Parameter: A <- "-1.6"
  
 CHARMM>    incr b by @dcel
 Parameter: DCEL -> "0.2"
 Parameter: B <- "-1.4"
  
 CHARMM>    if b le ?ZMAX goto DOAREA
 RDCMND substituted energy or value "?ZMAX" to "14.0616092"
 Comparing "-1.4" and "14.0616092".
 IF test evaluated as true.  Performing command
  
 CHARMM>     
  
 CHARMM>    ! Cross sectional protein area with whole atom.
 CHARMM>    scalar wmain = radius
  
 CHARMM>    scalar wmain mult 2.5   sele resname TIP3 end
 SELRPN>      0 atoms have been selected out of    500
  
 CHARMM>    scalar wmain add  1.529 sele .not. resname TIP3 end
 SELRPN>    500 atoms have been selected out of    500
  
 CHARMM>    scalar wmain mult 0.85  sele .not. resname TIP3 end
 SELRPN>    500 atoms have been selected out of    500
  
 CHARMM>    calc zab = ( @a + @b ) / 2.0
 Parameter: A -> "-1.6"
 Parameter: B -> "-1.4"
Evaluating: (-1.6+-1.4)/2.0
 Parameter: ZAB <- "-1.5"
  
 CHARMM>     
  
 CHARMM>    coor search -
 CHARMM>         xmin @x1  xmax @x2  xgrip @xncel -
 CHARMM>         ymin @y1  ymax @y2  ygrip @yncel -
 CHARMM>         zmin @a   zmax @b   zgrip 5
 Parameter: X1 -> "-13.8257234"
 Parameter: X2 -> "13.3162766"
 Parameter: XNCEL -> "135"
 Parameter: Y1 -> "-13.9910845"
 Parameter: Y2 -> "13.9910845"
 Parameter: YNCEL -> "139"
 Parameter: A -> "-1.6"
 Parameter: B -> "-1.4"

 A TOTAL OF    72958   VACUUM POINTS WERE FOUND
 A TOTAL OF    20867 OCCUPIED POINTS WERE FOUND
 A TOTAL OF        0 EXTERNAL POINTS WERE FOUND
 A TOTAL OF    72958 SELECTED POINTS WERE FOUND
 TOTAL OCCUPIED  VOLUME =      33.782724
 TOTAL SELECTED  VOLUME =     118.115683
 TOTAL FREE      VOLUME =     118.115683
 FRACTIONAL FREE VOLUME =      77.759659
  
 CHARMM>     
  
 CHARMM>    calc c = ?volume * @factor
 Parameter: FACTOR -> "5"
 RDCMND substituted energy or value "?VOLUME" to "33.7827236"
Evaluating: 33.7827236*5
 Parameter: C <- "168.913618"
  
 CHARMM>     
  
 CHARMM>    if a .lt. -10 if a .gt. -20 if c .gt. @botarea set botarea = @c
 Parameter: BOTAREA -> "319.775893"
 Parameter: C -> "168.913618"
 Comparing "-1.6" and "-10".
 IF test evaluated as false.  Skipping command
  
 CHARMM>    if a .gt.  10 if a .lt.  20 if c .gt. @toparea set toparea = @c
 Parameter: TOPAREA -> "-1"
 Parameter: C -> "168.913618"
 Comparing "-1.6" and "10".
 IF test evaluated as false.  Skipping command
  
 CHARMM>     
  
 CHARMM>    write title unit 51
 RDTITL> * -1.4  168.913618
 RDTITL> *
  
 CHARMM>     
  
 CHARMM>    incr a by @dcel
 Parameter: DCEL -> "0.2"
 Parameter: A <- "-1.4"
  
 CHARMM>    incr b by @dcel
 Parameter: DCEL -> "0.2"
 Parameter: B <- "-1.2"
  
 CHARMM>    if b le ?ZMAX goto DOAREA
 RDCMND substituted energy or value "?ZMAX" to "14.0616092"
 Comparing "-1.2" and "14.0616092".
 IF test evaluated as true.  Performing command
  
 CHARMM>     
  
 CHARMM>    ! Cross sectional protein area with whole atom.
 CHARMM>    scalar wmain = radius
  
 CHARMM>    scalar wmain mult 2.5   sele resname TIP3 end
 SELRPN>      0 atoms have been selected out of    500
  
 CHARMM>    scalar wmain add  1.529 sele .not. resname TIP3 end
 SELRPN>    500 atoms have been selected out of    500
  
 CHARMM>    scalar wmain mult 0.85  sele .not. resname TIP3 end
 SELRPN>    500 atoms have been selected out of    500
  
 CHARMM>    calc zab = ( @a + @b ) / 2.0
 Parameter: A -> "-1.4"
 Parameter: B -> "-1.2"
Evaluating: (-1.4+-1.2)/2.0
 Parameter: ZAB <- "-1.3"
  
 CHARMM>     
  
 CHARMM>    coor search -
 CHARMM>         xmin @x1  xmax @x2  xgrip @xncel -
 CHARMM>         ymin @y1  ymax @y2  ygrip @yncel -
 CHARMM>         zmin @a   zmax @b   zgrip 5
 Parameter: X1 -> "-13.8257234"
 Parameter: X2 -> "13.3162766"
 Parameter: XNCEL -> "135"
 Parameter: Y1 -> "-13.9910845"
 Parameter: Y2 -> "13.9910845"
 Parameter: YNCEL -> "139"
 Parameter: A -> "-1.4"
 Parameter: B -> "-1.2"

 A TOTAL OF    73869   VACUUM POINTS WERE FOUND
 A TOTAL OF    19956 OCCUPIED POINTS WERE FOUND
 A TOTAL OF        0 EXTERNAL POINTS WERE FOUND
 A TOTAL OF    73869 SELECTED POINTS WERE FOUND
 TOTAL OCCUPIED  VOLUME =      32.307856
 TOTAL SELECTED  VOLUME =     119.590550
 TOTAL FREE      VOLUME =     119.590550
 FRACTIONAL FREE VOLUME =      78.730616
  
 CHARMM>     
  
 CHARMM>    calc c = ?volume * @factor
 Parameter: FACTOR -> "5"
 RDCMND substituted energy or value "?VOLUME" to "32.3078561"
Evaluating: 32.3078561*5
 Parameter: C <- "161.539281"
  
 CHARMM>     
  
 CHARMM>    if a .lt. -10 if a .gt. -20 if c .gt. @botarea set botarea = @c
 Parameter: BOTAREA -> "319.775893"
 Parameter: C -> "161.539281"
 Comparing "-1.4" and "-10".
 IF test evaluated as false.  Skipping command
  
 CHARMM>    if a .gt.  10 if a .lt.  20 if c .gt. @toparea set toparea = @c
 Parameter: TOPAREA -> "-1"
 Parameter: C -> "161.539281"
 Comparing "-1.4" and "10".
 IF test evaluated as false.  Skipping command
  
 CHARMM>     
  
 CHARMM>    write title unit 51
 RDTITL> * -1.2  161.539281
 RDTITL> *
  
 CHARMM>     
  
 CHARMM>    incr a by @dcel
 Parameter: DCEL -> "0.2"
 Parameter: A <- "-1.2"
  
 CHARMM>    incr b by @dcel
 Parameter: DCEL -> "0.2"
 Parameter: B <- "-1"
  
 CHARMM>    if b le ?ZMAX goto DOAREA
 RDCMND substituted energy or value "?ZMAX" to "14.0616092"
 Comparing "-1" and "14.0616092".
 IF test evaluated as true.  Performing command
  
 CHARMM>     
  
 CHARMM>    ! Cross sectional protein area with whole atom.
 CHARMM>    scalar wmain = radius
  
 CHARMM>    scalar wmain mult 2.5   sele resname TIP3 end
 SELRPN>      0 atoms have been selected out of    500
  
 CHARMM>    scalar wmain add  1.529 sele .not. resname TIP3 end
 SELRPN>    500 atoms have been selected out of    500
  
 CHARMM>    scalar wmain mult 0.85  sele .not. resname TIP3 end
 SELRPN>    500 atoms have been selected out of    500
  
 CHARMM>    calc zab = ( @a + @b ) / 2.0
 Parameter: A -> "-1.2"
 Parameter: B -> "-1"
Evaluating: (-1.2+-1)/2.0
 Parameter: ZAB <- "-1.1"
  
 CHARMM>     
  
 CHARMM>    coor search -
 CHARMM>         xmin @x1  xmax @x2  xgrip @xncel -
 CHARMM>         ymin @y1  ymax @y2  ygrip @yncel -
 CHARMM>         zmin @a   zmax @b   zgrip 5
 Parameter: X1 -> "-13.8257234"
 Parameter: X2 -> "13.3162766"
 Parameter: XNCEL -> "135"
 Parameter: Y1 -> "-13.9910845"
 Parameter: Y2 -> "13.9910845"
 Parameter: YNCEL -> "139"
 Parameter: A -> "-1.2"
 Parameter: B -> "-1"

 A TOTAL OF    74533   VACUUM POINTS WERE FOUND
 A TOTAL OF    19292 OCCUPIED POINTS WERE FOUND
 A TOTAL OF        0 EXTERNAL POINTS WERE FOUND
 A TOTAL OF    74533 SELECTED POINTS WERE FOUND
 TOTAL OCCUPIED  VOLUME =      31.232870
 TOTAL SELECTED  VOLUME =     120.665536
 TOTAL FREE      VOLUME =     120.665536
 FRACTIONAL FREE VOLUME =      79.438316
  
 CHARMM>     
  
 CHARMM>    calc c = ?volume * @factor
 Parameter: FACTOR -> "5"
 RDCMND substituted energy or value "?VOLUME" to "31.2328703"
Evaluating: 31.2328703*5
 Parameter: C <- "156.164351"
  
 CHARMM>     
  
 CHARMM>    if a .lt. -10 if a .gt. -20 if c .gt. @botarea set botarea = @c
 Parameter: BOTAREA -> "319.775893"
 Parameter: C -> "156.164351"
 Comparing "-1.2" and "-10".
 IF test evaluated as false.  Skipping command
  
 CHARMM>    if a .gt.  10 if a .lt.  20 if c .gt. @toparea set toparea = @c
 Parameter: TOPAREA -> "-1"
 Parameter: C -> "156.164351"
 Comparing "-1.2" and "10".
 IF test evaluated as false.  Skipping command
  
 CHARMM>     
  
 CHARMM>    write title unit 51
 RDTITL> * -1  156.164351
 RDTITL> *
  
 CHARMM>     
  
 CHARMM>    incr a by @dcel
 Parameter: DCEL -> "0.2"
 Parameter: A <- "-1"
  
 CHARMM>    incr b by @dcel
 Parameter: DCEL -> "0.2"
 Parameter: B <- "-0.8"
  
 CHARMM>    if b le ?ZMAX goto DOAREA
 RDCMND substituted energy or value "?ZMAX" to "14.0616092"
 Comparing "-0.8" and "14.0616092".
 IF test evaluated as true.  Performing command
  
 CHARMM>     
  
 CHARMM>    ! Cross sectional protein area with whole atom.
 CHARMM>    scalar wmain = radius
  
 CHARMM>    scalar wmain mult 2.5   sele resname TIP3 end
 SELRPN>      0 atoms have been selected out of    500
  
 CHARMM>    scalar wmain add  1.529 sele .not. resname TIP3 end
 SELRPN>    500 atoms have been selected out of    500
  
 CHARMM>    scalar wmain mult 0.85  sele .not. resname TIP3 end
 SELRPN>    500 atoms have been selected out of    500
  
 CHARMM>    calc zab = ( @a + @b ) / 2.0
 Parameter: A -> "-1"
 Parameter: B -> "-0.8"
Evaluating: (-1+-0.8)/2.0
 Parameter: ZAB <- "-0.9"
  
 CHARMM>     
  
 CHARMM>    coor search -
 CHARMM>         xmin @x1  xmax @x2  xgrip @xncel -
 CHARMM>         ymin @y1  ymax @y2  ygrip @yncel -
 CHARMM>         zmin @a   zmax @b   zgrip 5
 Parameter: X1 -> "-13.8257234"
 Parameter: X2 -> "13.3162766"
 Parameter: XNCEL -> "135"
 Parameter: Y1 -> "-13.9910845"
 Parameter: Y2 -> "13.9910845"
 Parameter: YNCEL -> "139"
 Parameter: A -> "-1"
 Parameter: B -> "-0.8"

 A TOTAL OF    75294   VACUUM POINTS WERE FOUND
 A TOTAL OF    18531 OCCUPIED POINTS WERE FOUND
 A TOTAL OF        0 EXTERNAL POINTS WERE FOUND
 A TOTAL OF    75294 SELECTED POINTS WERE FOUND
 TOTAL OCCUPIED  VOLUME =      30.000846
 TOTAL SELECTED  VOLUME =     121.897560
 TOTAL FREE      VOLUME =     121.897560
 FRACTIONAL FREE VOLUME =      80.249400
  
 CHARMM>     
  
 CHARMM>    calc c = ?volume * @factor
 Parameter: FACTOR -> "5"
 RDCMND substituted energy or value "?VOLUME" to "30.0008459"
Evaluating: 30.0008459*5
 Parameter: C <- "150.00423"
  
 CHARMM>     
  
 CHARMM>    if a .lt. -10 if a .gt. -20 if c .gt. @botarea set botarea = @c
 Parameter: BOTAREA -> "319.775893"
 Parameter: C -> "150.00423"
 Comparing "-1" and "-10".
 IF test evaluated as false.  Skipping command
  
 CHARMM>    if a .gt.  10 if a .lt.  20 if c .gt. @toparea set toparea = @c
 Parameter: TOPAREA -> "-1"
 Parameter: C -> "150.00423"
 Comparing "-1" and "10".
 IF test evaluated as false.  Skipping command
  
 CHARMM>     
  
 CHARMM>    write title unit 51
 RDTITL> * -0.8  150.00423
 RDTITL> *
  
 CHARMM>     
  
 CHARMM>    incr a by @dcel
 Parameter: DCEL -> "0.2"
 Parameter: A <- "-0.8"
  
 CHARMM>    incr b by @dcel
 Parameter: DCEL -> "0.2"
 Parameter: B <- "-0.6"
  
 CHARMM>    if b le ?ZMAX goto DOAREA
 RDCMND substituted energy or value "?ZMAX" to "14.0616092"
 Comparing "-0.6" and "14.0616092".
 IF test evaluated as true.  Performing command
  
 CHARMM>     
  
 CHARMM>    ! Cross sectional protein area with whole atom.
 CHARMM>    scalar wmain = radius
  
 CHARMM>    scalar wmain mult 2.5   sele resname TIP3 end
 SELRPN>      0 atoms have been selected out of    500
  
 CHARMM>    scalar wmain add  1.529 sele .not. resname TIP3 end
 SELRPN>    500 atoms have been selected out of    500
  
 CHARMM>    scalar wmain mult 0.85  sele .not. resname TIP3 end
 SELRPN>    500 atoms have been selected out of    500
  
 CHARMM>    calc zab = ( @a + @b ) / 2.0
 Parameter: A -> "-0.8"
 Parameter: B -> "-0.6"
Evaluating: (-0.8+-0.6)/2.0
 Parameter: ZAB <- "-0.7"
  
 CHARMM>     
  
 CHARMM>    coor search -
 CHARMM>         xmin @x1  xmax @x2  xgrip @xncel -
 CHARMM>         ymin @y1  ymax @y2  ygrip @yncel -
 CHARMM>         zmin @a   zmax @b   zgrip 5
 Parameter: X1 -> "-13.8257234"
 Parameter: X2 -> "13.3162766"
 Parameter: XNCEL -> "135"
 Parameter: Y1 -> "-13.9910845"
 Parameter: Y2 -> "13.9910845"
 Parameter: YNCEL -> "139"
 Parameter: A -> "-0.8"
 Parameter: B -> "-0.6"

 A TOTAL OF    76151   VACUUM POINTS WERE FOUND
 A TOTAL OF    17674 OCCUPIED POINTS WERE FOUND
 A TOTAL OF        0 EXTERNAL POINTS WERE FOUND
 A TOTAL OF    76151 SELECTED POINTS WERE FOUND
 TOTAL OCCUPIED  VOLUME =      28.613402
 TOTAL SELECTED  VOLUME =     123.285004
 TOTAL FREE      VOLUME =     123.285004
 FRACTIONAL FREE VOLUME =      81.162803
  
 CHARMM>     
  
 CHARMM>    calc c = ?volume * @factor
 Parameter: FACTOR -> "5"
 RDCMND substituted energy or value "?VOLUME" to "28.6134019"
Evaluating: 28.6134019*5
 Parameter: C <- "143.067009"
  
 CHARMM>     
  
 CHARMM>    if a .lt. -10 if a .gt. -20 if c .gt. @botarea set botarea = @c
 Parameter: BOTAREA -> "319.775893"
 Parameter: C -> "143.067009"
 Comparing "-0.8" and "-10".
 IF test evaluated as false.  Skipping command
  
 CHARMM>    if a .gt.  10 if a .lt.  20 if c .gt. @toparea set toparea = @c
 Parameter: TOPAREA -> "-1"
 Parameter: C -> "143.067009"
 Comparing "-0.8" and "10".
 IF test evaluated as false.  Skipping command
  
 CHARMM>     
  
 CHARMM>    write title unit 51
 RDTITL> * -0.6  143.067009
 RDTITL> *
  
 CHARMM>     
  
 CHARMM>    incr a by @dcel
 Parameter: DCEL -> "0.2"
 Parameter: A <- "-0.6"
  
 CHARMM>    incr b by @dcel
 Parameter: DCEL -> "0.2"
 Parameter: B <- "-0.4"
  
 CHARMM>    if b le ?ZMAX goto DOAREA
 RDCMND substituted energy or value "?ZMAX" to "14.0616092"
 Comparing "-0.4" and "14.0616092".
 IF test evaluated as true.  Performing command
  
 CHARMM>     
  
 CHARMM>    ! Cross sectional protein area with whole atom.
 CHARMM>    scalar wmain = radius
  
 CHARMM>    scalar wmain mult 2.5   sele resname TIP3 end
 SELRPN>      0 atoms have been selected out of    500
  
 CHARMM>    scalar wmain add  1.529 sele .not. resname TIP3 end
 SELRPN>    500 atoms have been selected out of    500
  
 CHARMM>    scalar wmain mult 0.85  sele .not. resname TIP3 end
 SELRPN>    500 atoms have been selected out of    500
  
 CHARMM>    calc zab = ( @a + @b ) / 2.0
 Parameter: A -> "-0.6"
 Parameter: B -> "-0.4"
Evaluating: (-0.6+-0.4)/2.0
 Parameter: ZAB <- "-0.5"
  
 CHARMM>     
  
 CHARMM>    coor search -
 CHARMM>         xmin @x1  xmax @x2  xgrip @xncel -
 CHARMM>         ymin @y1  ymax @y2  ygrip @yncel -
 CHARMM>         zmin @a   zmax @b   zgrip 5
 Parameter: X1 -> "-13.8257234"
 Parameter: X2 -> "13.3162766"
 Parameter: XNCEL -> "135"
 Parameter: Y1 -> "-13.9910845"
 Parameter: Y2 -> "13.9910845"
 Parameter: YNCEL -> "139"
 Parameter: A -> "-0.6"
 Parameter: B -> "-0.4"

 A TOTAL OF    77073   VACUUM POINTS WERE FOUND
 A TOTAL OF    16752 OCCUPIED POINTS WERE FOUND
 A TOTAL OF        0 EXTERNAL POINTS WERE FOUND
 A TOTAL OF    77073 SELECTED POINTS WERE FOUND
 TOTAL OCCUPIED  VOLUME =      27.120726
 TOTAL SELECTED  VOLUME =     124.777680
 TOTAL FREE      VOLUME =     124.777680
 FRACTIONAL FREE VOLUME =      82.145484
  
 CHARMM>     
  
 CHARMM>    calc c = ?volume * @factor
 Parameter: FACTOR -> "5"
 RDCMND substituted energy or value "?VOLUME" to "27.1207258"
Evaluating: 27.1207258*5
 Parameter: C <- "135.603629"
  
 CHARMM>     
  
 CHARMM>    if a .lt. -10 if a .gt. -20 if c .gt. @botarea set botarea = @c
 Parameter: BOTAREA -> "319.775893"
 Parameter: C -> "135.603629"
 Comparing "-0.6" and "-10".
 IF test evaluated as false.  Skipping command
  
 CHARMM>    if a .gt.  10 if a .lt.  20 if c .gt. @toparea set toparea = @c
 Parameter: TOPAREA -> "-1"
 Parameter: C -> "135.603629"
 Comparing "-0.6" and "10".
 IF test evaluated as false.  Skipping command
  
 CHARMM>     
  
 CHARMM>    write title unit 51
 RDTITL> * -0.4  135.603629
 RDTITL> *
  
 CHARMM>     
  
 CHARMM>    incr a by @dcel
 Parameter: DCEL -> "0.2"
 Parameter: A <- "-0.4"
  
 CHARMM>    incr b by @dcel
 Parameter: DCEL -> "0.2"
 Parameter: B <- "-0.2"
  
 CHARMM>    if b le ?ZMAX goto DOAREA
 RDCMND substituted energy or value "?ZMAX" to "14.0616092"
 Comparing "-0.2" and "14.0616092".
 IF test evaluated as true.  Performing command
  
 CHARMM>     
  
 CHARMM>    ! Cross sectional protein area with whole atom.
 CHARMM>    scalar wmain = radius
  
 CHARMM>    scalar wmain mult 2.5   sele resname TIP3 end
 SELRPN>      0 atoms have been selected out of    500
  
 CHARMM>    scalar wmain add  1.529 sele .not. resname TIP3 end
 SELRPN>    500 atoms have been selected out of    500
  
 CHARMM>    scalar wmain mult 0.85  sele .not. resname TIP3 end
 SELRPN>    500 atoms have been selected out of    500
  
 CHARMM>    calc zab = ( @a + @b ) / 2.0
 Parameter: A -> "-0.4"
 Parameter: B -> "-0.2"
Evaluating: (-0.4+-0.2)/2.0
 Parameter: ZAB <- "-0.3"
  
 CHARMM>     
  
 CHARMM>    coor search -
 CHARMM>         xmin @x1  xmax @x2  xgrip @xncel -
 CHARMM>         ymin @y1  ymax @y2  ygrip @yncel -
 CHARMM>         zmin @a   zmax @b   zgrip 5
 Parameter: X1 -> "-13.8257234"
 Parameter: X2 -> "13.3162766"
 Parameter: XNCEL -> "135"
 Parameter: Y1 -> "-13.9910845"
 Parameter: Y2 -> "13.9910845"
 Parameter: YNCEL -> "139"
 Parameter: A -> "-0.4"
 Parameter: B -> "-0.2"

 A TOTAL OF    77768   VACUUM POINTS WERE FOUND
 A TOTAL OF    16057 OCCUPIED POINTS WERE FOUND
 A TOTAL OF        0 EXTERNAL POINTS WERE FOUND
 A TOTAL OF    77768 SELECTED POINTS WERE FOUND
 TOTAL OCCUPIED  VOLUME =      25.995552
 TOTAL SELECTED  VOLUME =     125.902854
 TOTAL FREE      VOLUME =     125.902854
 FRACTIONAL FREE VOLUME =      82.886224
  
 CHARMM>     
  
 CHARMM>    calc c = ?volume * @factor
 Parameter: FACTOR -> "5"
 RDCMND substituted energy or value "?VOLUME" to "25.9955524"
Evaluating: 25.9955524*5
 Parameter: C <- "129.977762"
  
 CHARMM>     
  
 CHARMM>    if a .lt. -10 if a .gt. -20 if c .gt. @botarea set botarea = @c
 Parameter: BOTAREA -> "319.775893"
 Parameter: C -> "129.977762"
 Comparing "-0.4" and "-10".
 IF test evaluated as false.  Skipping command
  
 CHARMM>    if a .gt.  10 if a .lt.  20 if c .gt. @toparea set toparea = @c
 Parameter: TOPAREA -> "-1"
 Parameter: C -> "129.977762"
 Comparing "-0.4" and "10".
 IF test evaluated as false.  Skipping command
  
 CHARMM>     
  
 CHARMM>    write title unit 51
 RDTITL> * -0.2  129.977762
 RDTITL> *
  
 CHARMM>     
  
 CHARMM>    incr a by @dcel
 Parameter: DCEL -> "0.2"
 Parameter: A <- "-0.2"
  
 CHARMM>    incr b by @dcel
 Parameter: DCEL -> "0.2"
 Parameter: B <- "0"
  
 CHARMM>    if b le ?ZMAX goto DOAREA
 RDCMND substituted energy or value "?ZMAX" to "14.0616092"
 Comparing "0" and "14.0616092".
 IF test evaluated as true.  Performing command
  
 CHARMM>     
  
 CHARMM>    ! Cross sectional protein area with whole atom.
 CHARMM>    scalar wmain = radius
  
 CHARMM>    scalar wmain mult 2.5   sele resname TIP3 end
 SELRPN>      0 atoms have been selected out of    500
  
 CHARMM>    scalar wmain add  1.529 sele .not. resname TIP3 end
 SELRPN>    500 atoms have been selected out of    500
  
 CHARMM>    scalar wmain mult 0.85  sele .not. resname TIP3 end
 SELRPN>    500 atoms have been selected out of    500
  
 CHARMM>    calc zab = ( @a + @b ) / 2.0
 Parameter: A -> "-0.2"
 Parameter: B -> "0"
Evaluating: (-0.2+0)/2.0
 Parameter: ZAB <- "-0.1"
  
 CHARMM>     
  
 CHARMM>    coor search -
 CHARMM>         xmin @x1  xmax @x2  xgrip @xncel -
 CHARMM>         ymin @y1  ymax @y2  ygrip @yncel -
 CHARMM>         zmin @a   zmax @b   zgrip 5
 Parameter: X1 -> "-13.8257234"
 Parameter: X2 -> "13.3162766"
 Parameter: XNCEL -> "135"
 Parameter: Y1 -> "-13.9910845"
 Parameter: Y2 -> "13.9910845"
 Parameter: YNCEL -> "139"
 Parameter: A -> "-0.2"
 Parameter: B -> "0"

 A TOTAL OF    78005   VACUUM POINTS WERE FOUND
 A TOTAL OF    15820 OCCUPIED POINTS WERE FOUND
 A TOTAL OF        0 EXTERNAL POINTS WERE FOUND
 A TOTAL OF    78005 SELECTED POINTS WERE FOUND
 TOTAL OCCUPIED  VOLUME =      25.611860
 TOTAL SELECTED  VOLUME =     126.286546
 TOTAL FREE      VOLUME =     126.286546
 FRACTIONAL FREE VOLUME =      83.138822
  
 CHARMM>     
  
 CHARMM>    calc c = ?volume * @factor
 Parameter: FACTOR -> "5"
 RDCMND substituted energy or value "?VOLUME" to "25.6118602"
Evaluating: 25.6118602*5
 Parameter: C <- "128.059301"
  
 CHARMM>     
  
 CHARMM>    if a .lt. -10 if a .gt. -20 if c .gt. @botarea set botarea = @c
 Parameter: BOTAREA -> "319.775893"
 Parameter: C -> "128.059301"
 Comparing "-0.2" and "-10".
 IF test evaluated as false.  Skipping command
  
 CHARMM>    if a .gt.  10 if a .lt.  20 if c .gt. @toparea set toparea = @c
 Parameter: TOPAREA -> "-1"
 Parameter: C -> "128.059301"
 Comparing "-0.2" and "10".
 IF test evaluated as false.  Skipping command
  
 CHARMM>     
  
 CHARMM>    write title unit 51
 RDTITL> * 0  128.059301
 RDTITL> *
  
 CHARMM>     
  
 CHARMM>    incr a by @dcel
 Parameter: DCEL -> "0.2"
 Parameter: A <- "0"
  
 CHARMM>    incr b by @dcel
 Parameter: DCEL -> "0.2"
 Parameter: B <- "0.2"
  
 CHARMM>    if b le ?ZMAX goto DOAREA
 RDCMND substituted energy or value "?ZMAX" to "14.0616092"
 Comparing "0.2" and "14.0616092".
 IF test evaluated as true.  Performing command
  
 CHARMM>     
  
 CHARMM>    ! Cross sectional protein area with whole atom.
 CHARMM>    scalar wmain = radius
  
 CHARMM>    scalar wmain mult 2.5   sele resname TIP3 end
 SELRPN>      0 atoms have been selected out of    500
  
 CHARMM>    scalar wmain add  1.529 sele .not. resname TIP3 end
 SELRPN>    500 atoms have been selected out of    500
  
 CHARMM>    scalar wmain mult 0.85  sele .not. resname TIP3 end
 SELRPN>    500 atoms have been selected out of    500
  
 CHARMM>    calc zab = ( @a + @b ) / 2.0
 Parameter: A -> "0"
 Parameter: B -> "0.2"
Evaluating: (0+0.2)/2.0
 Parameter: ZAB <- "0.1"
  
 CHARMM>     
  
 CHARMM>    coor search -
 CHARMM>         xmin @x1  xmax @x2  xgrip @xncel -
 CHARMM>         ymin @y1  ymax @y2  ygrip @yncel -
 CHARMM>         zmin @a   zmax @b   zgrip 5
 Parameter: X1 -> "-13.8257234"
 Parameter: X2 -> "13.3162766"
 Parameter: XNCEL -> "135"
 Parameter: Y1 -> "-13.9910845"
 Parameter: Y2 -> "13.9910845"
 Parameter: YNCEL -> "139"
 Parameter: A -> "0"
 Parameter: B -> "0.2"

 A TOTAL OF    78005   VACUUM POINTS WERE FOUND
 A TOTAL OF    15820 OCCUPIED POINTS WERE FOUND
 A TOTAL OF        0 EXTERNAL POINTS WERE FOUND
 A TOTAL OF    78005 SELECTED POINTS WERE FOUND
 TOTAL OCCUPIED  VOLUME =      25.611860
 TOTAL SELECTED  VOLUME =     126.286546
 TOTAL FREE      VOLUME =     126.286546
 FRACTIONAL FREE VOLUME =      83.138822
  
 CHARMM>     
  
 CHARMM>    calc c = ?volume * @factor
 Parameter: FACTOR -> "5"
 RDCMND substituted energy or value "?VOLUME" to "25.6118602"
Evaluating: 25.6118602*5
 Parameter: C <- "128.059301"
  
 CHARMM>     
  
 CHARMM>    if a .lt. -10 if a .gt. -20 if c .gt. @botarea set botarea = @c
 Parameter: BOTAREA -> "319.775893"
 Parameter: C -> "128.059301"
 Comparing "0" and "-10".
 IF test evaluated as false.  Skipping command
  
 CHARMM>    if a .gt.  10 if a .lt.  20 if c .gt. @toparea set toparea = @c
 Parameter: TOPAREA -> "-1"
 Parameter: C -> "128.059301"
 Comparing "0" and "10".
 IF test evaluated as false.  Skipping command
  
 CHARMM>     
  
 CHARMM>    write title unit 51
 RDTITL> * 0.2  128.059301
 RDTITL> *
  
 CHARMM>     
  
 CHARMM>    incr a by @dcel
 Parameter: DCEL -> "0.2"
 Parameter: A <- "0.2"
  
 CHARMM>    incr b by @dcel
 Parameter: DCEL -> "0.2"
 Parameter: B <- "0.4"
  
 CHARMM>    if b le ?ZMAX goto DOAREA
 RDCMND substituted energy or value "?ZMAX" to "14.0616092"
 Comparing "0.4" and "14.0616092".
 IF test evaluated as true.  Performing command
  
 CHARMM>     
  
 CHARMM>    ! Cross sectional protein area with whole atom.
 CHARMM>    scalar wmain = radius
  
 CHARMM>    scalar wmain mult 2.5   sele resname TIP3 end
 SELRPN>      0 atoms have been selected out of    500
  
 CHARMM>    scalar wmain add  1.529 sele .not. resname TIP3 end
 SELRPN>    500 atoms have been selected out of    500
  
 CHARMM>    scalar wmain mult 0.85  sele .not. resname TIP3 end
 SELRPN>    500 atoms have been selected out of    500
  
 CHARMM>    calc zab = ( @a + @b ) / 2.0
 Parameter: A -> "0.2"
 Parameter: B -> "0.4"
Evaluating: (0.2+0.4)/2.0
 Parameter: ZAB <- "0.3"
  
 CHARMM>     
  
 CHARMM>    coor search -
 CHARMM>         xmin @x1  xmax @x2  xgrip @xncel -
 CHARMM>         ymin @y1  ymax @y2  ygrip @yncel -
 CHARMM>         zmin @a   zmax @b   zgrip 5
 Parameter: X1 -> "-13.8257234"
 Parameter: X2 -> "13.3162766"
 Parameter: XNCEL -> "135"
 Parameter: Y1 -> "-13.9910845"
 Parameter: Y2 -> "13.9910845"
 Parameter: YNCEL -> "139"
 Parameter: A -> "0.2"
 Parameter: B -> "0.4"

 A TOTAL OF    77768   VACUUM POINTS WERE FOUND
 A TOTAL OF    16057 OCCUPIED POINTS WERE FOUND
 A TOTAL OF        0 EXTERNAL POINTS WERE FOUND
 A TOTAL OF    77768 SELECTED POINTS WERE FOUND
 TOTAL OCCUPIED  VOLUME =      25.995552
 TOTAL SELECTED  VOLUME =     125.902854
 TOTAL FREE      VOLUME =     125.902854
 FRACTIONAL FREE VOLUME =      82.886224
  
 CHARMM>     
  
 CHARMM>    calc c = ?volume * @factor
 Parameter: FACTOR -> "5"
 RDCMND substituted energy or value "?VOLUME" to "25.9955524"
Evaluating: 25.9955524*5
 Parameter: C <- "129.977762"
  
 CHARMM>     
  
 CHARMM>    if a .lt. -10 if a .gt. -20 if c .gt. @botarea set botarea = @c
 Parameter: BOTAREA -> "319.775893"
 Parameter: C -> "129.977762"
 Comparing "0.2" and "-10".
 IF test evaluated as false.  Skipping command
  
 CHARMM>    if a .gt.  10 if a .lt.  20 if c .gt. @toparea set toparea = @c
 Parameter: TOPAREA -> "-1"
 Parameter: C -> "129.977762"
 Comparing "0.2" and "10".
 IF test evaluated as false.  Skipping command
  
 CHARMM>     
  
 CHARMM>    write title unit 51
 RDTITL> * 0.4  129.977762
 RDTITL> *
  
 CHARMM>     
  
 CHARMM>    incr a by @dcel
 Parameter: DCEL -> "0.2"
 Parameter: A <- "0.4"
  
 CHARMM>    incr b by @dcel
 Parameter: DCEL -> "0.2"
 Parameter: B <- "0.6"
  
 CHARMM>    if b le ?ZMAX goto DOAREA
 RDCMND substituted energy or value "?ZMAX" to "14.0616092"
 Comparing "0.6" and "14.0616092".
 IF test evaluated as true.  Performing command
  
 CHARMM>     
  
 CHARMM>    ! Cross sectional protein area with whole atom.
 CHARMM>    scalar wmain = radius
  
 CHARMM>    scalar wmain mult 2.5   sele resname TIP3 end
 SELRPN>      0 atoms have been selected out of    500
  
 CHARMM>    scalar wmain add  1.529 sele .not. resname TIP3 end
 SELRPN>    500 atoms have been selected out of    500
  
 CHARMM>    scalar wmain mult 0.85  sele .not. resname TIP3 end
 SELRPN>    500 atoms have been selected out of    500
  
 CHARMM>    calc zab = ( @a + @b ) / 2.0
 Parameter: A -> "0.4"
 Parameter: B -> "0.6"
Evaluating: (0.4+0.6)/2.0
 Parameter: ZAB <- "0.5"
  
 CHARMM>     
  
 CHARMM>    coor search -
 CHARMM>         xmin @x1  xmax @x2  xgrip @xncel -
 CHARMM>         ymin @y1  ymax @y2  ygrip @yncel -
 CHARMM>         zmin @a   zmax @b   zgrip 5
 Parameter: X1 -> "-13.8257234"
 Parameter: X2 -> "13.3162766"
 Parameter: XNCEL -> "135"
 Parameter: Y1 -> "-13.9910845"
 Parameter: Y2 -> "13.9910845"
 Parameter: YNCEL -> "139"
 Parameter: A -> "0.4"
 Parameter: B -> "0.6"

 A TOTAL OF    77073   VACUUM POINTS WERE FOUND
 A TOTAL OF    16752 OCCUPIED POINTS WERE FOUND
 A TOTAL OF        0 EXTERNAL POINTS WERE FOUND
 A TOTAL OF    77073 SELECTED POINTS WERE FOUND
 TOTAL OCCUPIED  VOLUME =      27.120726
 TOTAL SELECTED  VOLUME =     124.777680
 TOTAL FREE      VOLUME =     124.777680
 FRACTIONAL FREE VOLUME =      82.145484
  
 CHARMM>     
  
 CHARMM>    calc c = ?volume * @factor
 Parameter: FACTOR -> "5"
 RDCMND substituted energy or value "?VOLUME" to "27.1207258"
Evaluating: 27.1207258*5
 Parameter: C <- "135.603629"
  
 CHARMM>     
  
 CHARMM>    if a .lt. -10 if a .gt. -20 if c .gt. @botarea set botarea = @c
 Parameter: BOTAREA -> "319.775893"
 Parameter: C -> "135.603629"
 Comparing "0.4" and "-10".
 IF test evaluated as false.  Skipping command
  
 CHARMM>    if a .gt.  10 if a .lt.  20 if c .gt. @toparea set toparea = @c
 Parameter: TOPAREA -> "-1"
 Parameter: C -> "135.603629"
 Comparing "0.4" and "10".
 IF test evaluated as false.  Skipping command
  
 CHARMM>     
  
 CHARMM>    write title unit 51
 RDTITL> * 0.6  135.603629
 RDTITL> *
  
 CHARMM>     
  
 CHARMM>    incr a by @dcel
 Parameter: DCEL -> "0.2"
 Parameter: A <- "0.6"
  
 CHARMM>    incr b by @dcel
 Parameter: DCEL -> "0.2"
 Parameter: B <- "0.8"
  
 CHARMM>    if b le ?ZMAX goto DOAREA
 RDCMND substituted energy or value "?ZMAX" to "14.0616092"
 Comparing "0.8" and "14.0616092".
 IF test evaluated as true.  Performing command
  
 CHARMM>     
  
 CHARMM>    ! Cross sectional protein area with whole atom.
 CHARMM>    scalar wmain = radius
  
 CHARMM>    scalar wmain mult 2.5   sele resname TIP3 end
 SELRPN>      0 atoms have been selected out of    500
  
 CHARMM>    scalar wmain add  1.529 sele .not. resname TIP3 end
 SELRPN>    500 atoms have been selected out of    500
  
 CHARMM>    scalar wmain mult 0.85  sele .not. resname TIP3 end
 SELRPN>    500 atoms have been selected out of    500
  
 CHARMM>    calc zab = ( @a + @b ) / 2.0
 Parameter: A -> "0.6"
 Parameter: B -> "0.8"
Evaluating: (0.6+0.8)/2.0
 Parameter: ZAB <- "0.7"
  
 CHARMM>     
  
 CHARMM>    coor search -
 CHARMM>         xmin @x1  xmax @x2  xgrip @xncel -
 CHARMM>         ymin @y1  ymax @y2  ygrip @yncel -
 CHARMM>         zmin @a   zmax @b   zgrip 5
 Parameter: X1 -> "-13.8257234"
 Parameter: X2 -> "13.3162766"
 Parameter: XNCEL -> "135"
 Parameter: Y1 -> "-13.9910845"
 Parameter: Y2 -> "13.9910845"
 Parameter: YNCEL -> "139"
 Parameter: A -> "0.6"
 Parameter: B -> "0.8"

 A TOTAL OF    76151   VACUUM POINTS WERE FOUND
 A TOTAL OF    17674 OCCUPIED POINTS WERE FOUND
 A TOTAL OF        0 EXTERNAL POINTS WERE FOUND
 A TOTAL OF    76151 SELECTED POINTS WERE FOUND
 TOTAL OCCUPIED  VOLUME =      28.613402
 TOTAL SELECTED  VOLUME =     123.285004
 TOTAL FREE      VOLUME =     123.285004
 FRACTIONAL FREE VOLUME =      81.162803
  
 CHARMM>     
  
 CHARMM>    calc c = ?volume * @factor
 Parameter: FACTOR -> "5"
 RDCMND substituted energy or value "?VOLUME" to "28.6134019"
Evaluating: 28.6134019*5
 Parameter: C <- "143.067009"
  
 CHARMM>     
  
 CHARMM>    if a .lt. -10 if a .gt. -20 if c .gt. @botarea set botarea = @c
 Parameter: BOTAREA -> "319.775893"
 Parameter: C -> "143.067009"
 Comparing "0.6" and "-10".
 IF test evaluated as false.  Skipping command
  
 CHARMM>    if a .gt.  10 if a .lt.  20 if c .gt. @toparea set toparea = @c
 Parameter: TOPAREA -> "-1"
 Parameter: C -> "143.067009"
 Comparing "0.6" and "10".
 IF test evaluated as false.  Skipping command
  
 CHARMM>     
  
 CHARMM>    write title unit 51
 RDTITL> * 0.8  143.067009
 RDTITL> *
  
 CHARMM>     
  
 CHARMM>    incr a by @dcel
 Parameter: DCEL -> "0.2"
 Parameter: A <- "0.8"
  
 CHARMM>    incr b by @dcel
 Parameter: DCEL -> "0.2"
 Parameter: B <- "1"
  
 CHARMM>    if b le ?ZMAX goto DOAREA
 RDCMND substituted energy or value "?ZMAX" to "14.0616092"
 Comparing "1" and "14.0616092".
 IF test evaluated as true.  Performing command
  
 CHARMM>     
  
 CHARMM>    ! Cross sectional protein area with whole atom.
 CHARMM>    scalar wmain = radius
  
 CHARMM>    scalar wmain mult 2.5   sele resname TIP3 end
 SELRPN>      0 atoms have been selected out of    500
  
 CHARMM>    scalar wmain add  1.529 sele .not. resname TIP3 end
 SELRPN>    500 atoms have been selected out of    500
  
 CHARMM>    scalar wmain mult 0.85  sele .not. resname TIP3 end
 SELRPN>    500 atoms have been selected out of    500
  
 CHARMM>    calc zab = ( @a + @b ) / 2.0
 Parameter: A -> "0.8"
 Parameter: B -> "1"
Evaluating: (0.8+1)/2.0
 Parameter: ZAB <- "0.9"
  
 CHARMM>     
  
 CHARMM>    coor search -
 CHARMM>         xmin @x1  xmax @x2  xgrip @xncel -
 CHARMM>         ymin @y1  ymax @y2  ygrip @yncel -
 CHARMM>         zmin @a   zmax @b   zgrip 5
 Parameter: X1 -> "-13.8257234"
 Parameter: X2 -> "13.3162766"
 Parameter: XNCEL -> "135"
 Parameter: Y1 -> "-13.9910845"
 Parameter: Y2 -> "13.9910845"
 Parameter: YNCEL -> "139"
 Parameter: A -> "0.8"
 Parameter: B -> "1"

 A TOTAL OF    75294   VACUUM POINTS WERE FOUND
 A TOTAL OF    18531 OCCUPIED POINTS WERE FOUND
 A TOTAL OF        0 EXTERNAL POINTS WERE FOUND
 A TOTAL OF    75294 SELECTED POINTS WERE FOUND
 TOTAL OCCUPIED  VOLUME =      30.000846
 TOTAL SELECTED  VOLUME =     121.897560
 TOTAL FREE      VOLUME =     121.897560
 FRACTIONAL FREE VOLUME =      80.249400
  
 CHARMM>     
  
 CHARMM>    calc c = ?volume * @factor
 Parameter: FACTOR -> "5"
 RDCMND substituted energy or value "?VOLUME" to "30.0008459"
Evaluating: 30.0008459*5
 Parameter: C <- "150.00423"
  
 CHARMM>     
  
 CHARMM>    if a .lt. -10 if a .gt. -20 if c .gt. @botarea set botarea = @c
 Parameter: BOTAREA -> "319.775893"
 Parameter: C -> "150.00423"
 Comparing "0.8" and "-10".
 IF test evaluated as false.  Skipping command
  
 CHARMM>    if a .gt.  10 if a .lt.  20 if c .gt. @toparea set toparea = @c
 Parameter: TOPAREA -> "-1"
 Parameter: C -> "150.00423"
 Comparing "0.8" and "10".
 IF test evaluated as false.  Skipping command
  
 CHARMM>     
  
 CHARMM>    write title unit 51
 RDTITL> * 1  150.00423
 RDTITL> *
  
 CHARMM>     
  
 CHARMM>    incr a by @dcel
 Parameter: DCEL -> "0.2"
 Parameter: A <- "1"
  
 CHARMM>    incr b by @dcel
 Parameter: DCEL -> "0.2"
 Parameter: B <- "1.2"
  
 CHARMM>    if b le ?ZMAX goto DOAREA
 RDCMND substituted energy or value "?ZMAX" to "14.0616092"
 Comparing "1.2" and "14.0616092".
 IF test evaluated as true.  Performing command
  
 CHARMM>     
  
 CHARMM>    ! Cross sectional protein area with whole atom.
 CHARMM>    scalar wmain = radius
  
 CHARMM>    scalar wmain mult 2.5   sele resname TIP3 end
 SELRPN>      0 atoms have been selected out of    500
  
 CHARMM>    scalar wmain add  1.529 sele .not. resname TIP3 end
 SELRPN>    500 atoms have been selected out of    500
  
 CHARMM>    scalar wmain mult 0.85  sele .not. resname TIP3 end
 SELRPN>    500 atoms have been selected out of    500
  
 CHARMM>    calc zab = ( @a + @b ) / 2.0
 Parameter: A -> "1"
 Parameter: B -> "1.2"
Evaluating: (1+1.2)/2.0
 Parameter: ZAB <- "1.1"
  
 CHARMM>     
  
 CHARMM>    coor search -
 CHARMM>         xmin @x1  xmax @x2  xgrip @xncel -
 CHARMM>         ymin @y1  ymax @y2  ygrip @yncel -
 CHARMM>         zmin @a   zmax @b   zgrip 5
 Parameter: X1 -> "-13.8257234"
 Parameter: X2 -> "13.3162766"
 Parameter: XNCEL -> "135"
 Parameter: Y1 -> "-13.9910845"
 Parameter: Y2 -> "13.9910845"
 Parameter: YNCEL -> "139"
 Parameter: A -> "1"
 Parameter: B -> "1.2"

 A TOTAL OF    74533   VACUUM POINTS WERE FOUND
 A TOTAL OF    19292 OCCUPIED POINTS WERE FOUND
 A TOTAL OF        0 EXTERNAL POINTS WERE FOUND
 A TOTAL OF    74533 SELECTED POINTS WERE FOUND
 TOTAL OCCUPIED  VOLUME =      31.232870
 TOTAL SELECTED  VOLUME =     120.665536
 TOTAL FREE      VOLUME =     120.665536
 FRACTIONAL FREE VOLUME =      79.438316
  
 CHARMM>     
  
 CHARMM>    calc c = ?volume * @factor
 Parameter: FACTOR -> "5"
 RDCMND substituted energy or value "?VOLUME" to "31.2328703"
Evaluating: 31.2328703*5
 Parameter: C <- "156.164351"
  
 CHARMM>     
  
 CHARMM>    if a .lt. -10 if a .gt. -20 if c .gt. @botarea set botarea = @c
 Parameter: BOTAREA -> "319.775893"
 Parameter: C -> "156.164351"
 Comparing "1" and "-10".
 IF test evaluated as false.  Skipping command
  
 CHARMM>    if a .gt.  10 if a .lt.  20 if c .gt. @toparea set toparea = @c
 Parameter: TOPAREA -> "-1"
 Parameter: C -> "156.164351"
 Comparing "1" and "10".
 IF test evaluated as false.  Skipping command
  
 CHARMM>     
  
 CHARMM>    write title unit 51
 RDTITL> * 1.2  156.164351
 RDTITL> *
  
 CHARMM>     
  
 CHARMM>    incr a by @dcel
 Parameter: DCEL -> "0.2"
 Parameter: A <- "1.2"
  
 CHARMM>    incr b by @dcel
 Parameter: DCEL -> "0.2"
 Parameter: B <- "1.4"
  
 CHARMM>    if b le ?ZMAX goto DOAREA
 RDCMND substituted energy or value "?ZMAX" to "14.0616092"
 Comparing "1.4" and "14.0616092".
 IF test evaluated as true.  Performing command
  
 CHARMM>     
  
 CHARMM>    ! Cross sectional protein area with whole atom.
 CHARMM>    scalar wmain = radius
  
 CHARMM>    scalar wmain mult 2.5   sele resname TIP3 end
 SELRPN>      0 atoms have been selected out of    500
  
 CHARMM>    scalar wmain add  1.529 sele .not. resname TIP3 end
 SELRPN>    500 atoms have been selected out of    500
  
 CHARMM>    scalar wmain mult 0.85  sele .not. resname TIP3 end
 SELRPN>    500 atoms have been selected out of    500
  
 CHARMM>    calc zab = ( @a + @b ) / 2.0
 Parameter: A -> "1.2"
 Parameter: B -> "1.4"
Evaluating: (1.2+1.4)/2.0
 Parameter: ZAB <- "1.3"
  
 CHARMM>     
  
 CHARMM>    coor search -
 CHARMM>         xmin @x1  xmax @x2  xgrip @xncel -
 CHARMM>         ymin @y1  ymax @y2  ygrip @yncel -
 CHARMM>         zmin @a   zmax @b   zgrip 5
 Parameter: X1 -> "-13.8257234"
 Parameter: X2 -> "13.3162766"
 Parameter: XNCEL -> "135"
 Parameter: Y1 -> "-13.9910845"
 Parameter: Y2 -> "13.9910845"
 Parameter: YNCEL -> "139"
 Parameter: A -> "1.2"
 Parameter: B -> "1.4"

 A TOTAL OF    73869   VACUUM POINTS WERE FOUND
 A TOTAL OF    19956 OCCUPIED POINTS WERE FOUND
 A TOTAL OF        0 EXTERNAL POINTS WERE FOUND
 A TOTAL OF    73869 SELECTED POINTS WERE FOUND
 TOTAL OCCUPIED  VOLUME =      32.307856
 TOTAL SELECTED  VOLUME =     119.590550
 TOTAL FREE      VOLUME =     119.590550
 FRACTIONAL FREE VOLUME =      78.730616
  
 CHARMM>     
  
 CHARMM>    calc c = ?volume * @factor
 Parameter: FACTOR -> "5"
 RDCMND substituted energy or value "?VOLUME" to "32.3078561"
Evaluating: 32.3078561*5
 Parameter: C <- "161.539281"
  
 CHARMM>     
  
 CHARMM>    if a .lt. -10 if a .gt. -20 if c .gt. @botarea set botarea = @c
 Parameter: BOTAREA -> "319.775893"
 Parameter: C -> "161.539281"
 Comparing "1.2" and "-10".
 IF test evaluated as false.  Skipping command
  
 CHARMM>    if a .gt.  10 if a .lt.  20 if c .gt. @toparea set toparea = @c
 Parameter: TOPAREA -> "-1"
 Parameter: C -> "161.539281"
 Comparing "1.2" and "10".
 IF test evaluated as false.  Skipping command
  
 CHARMM>     
  
 CHARMM>    write title unit 51
 RDTITL> * 1.4  161.539281
 RDTITL> *
  
 CHARMM>     
  
 CHARMM>    incr a by @dcel
 Parameter: DCEL -> "0.2"
 Parameter: A <- "1.4"
  
 CHARMM>    incr b by @dcel
 Parameter: DCEL -> "0.2"
 Parameter: B <- "1.6"
  
 CHARMM>    if b le ?ZMAX goto DOAREA
 RDCMND substituted energy or value "?ZMAX" to "14.0616092"
 Comparing "1.6" and "14.0616092".
 IF test evaluated as true.  Performing command
  
 CHARMM>     
  
 CHARMM>    ! Cross sectional protein area with whole atom.
 CHARMM>    scalar wmain = radius
  
 CHARMM>    scalar wmain mult 2.5   sele resname TIP3 end
 SELRPN>      0 atoms have been selected out of    500
  
 CHARMM>    scalar wmain add  1.529 sele .not. resname TIP3 end
 SELRPN>    500 atoms have been selected out of    500
  
 CHARMM>    scalar wmain mult 0.85  sele .not. resname TIP3 end
 SELRPN>    500 atoms have been selected out of    500
  
 CHARMM>    calc zab = ( @a + @b ) / 2.0
 Parameter: A -> "1.4"
 Parameter: B -> "1.6"
Evaluating: (1.4+1.6)/2.0
 Parameter: ZAB <- "1.5"
  
 CHARMM>     
  
 CHARMM>    coor search -
 CHARMM>         xmin @x1  xmax @x2  xgrip @xncel -
 CHARMM>         ymin @y1  ymax @y2  ygrip @yncel -
 CHARMM>         zmin @a   zmax @b   zgrip 5
 Parameter: X1 -> "-13.8257234"
 Parameter: X2 -> "13.3162766"
 Parameter: XNCEL -> "135"
 Parameter: Y1 -> "-13.9910845"
 Parameter: Y2 -> "13.9910845"
 Parameter: YNCEL -> "139"
 Parameter: A -> "1.4"
 Parameter: B -> "1.6"

 A TOTAL OF    72958   VACUUM POINTS WERE FOUND
 A TOTAL OF    20867 OCCUPIED POINTS WERE FOUND
 A TOTAL OF        0 EXTERNAL POINTS WERE FOUND
 A TOTAL OF    72958 SELECTED POINTS WERE FOUND
 TOTAL OCCUPIED  VOLUME =      33.782724
 TOTAL SELECTED  VOLUME =     118.115683
 TOTAL FREE      VOLUME =     118.115683
 FRACTIONAL FREE VOLUME =      77.759659
  
 CHARMM>     
  
 CHARMM>    calc c = ?volume * @factor
 Parameter: FACTOR -> "5"
 RDCMND substituted energy or value "?VOLUME" to "33.7827236"
Evaluating: 33.7827236*5
 Parameter: C <- "168.913618"
  
 CHARMM>     
  
 CHARMM>    if a .lt. -10 if a .gt. -20 if c .gt. @botarea set botarea = @c
 Parameter: BOTAREA -> "319.775893"
 Parameter: C -> "168.913618"
 Comparing "1.4" and "-10".
 IF test evaluated as false.  Skipping command
  
 CHARMM>    if a .gt.  10 if a .lt.  20 if c .gt. @toparea set toparea = @c
 Parameter: TOPAREA -> "-1"
 Parameter: C -> "168.913618"
 Comparing "1.4" and "10".
 IF test evaluated as false.  Skipping command
  
 CHARMM>     
  
 CHARMM>    write title unit 51
 RDTITL> * 1.6  168.913618
 RDTITL> *
  
 CHARMM>     
  
 CHARMM>    incr a by @dcel
 Parameter: DCEL -> "0.2"
 Parameter: A <- "1.6"
  
 CHARMM>    incr b by @dcel
 Parameter: DCEL -> "0.2"
 Parameter: B <- "1.8"
  
 CHARMM>    if b le ?ZMAX goto DOAREA
 RDCMND substituted energy or value "?ZMAX" to "14.0616092"
 Comparing "1.8" and "14.0616092".
 IF test evaluated as true.  Performing command
  
 CHARMM>     
  
 CHARMM>    ! Cross sectional protein area with whole atom.
 CHARMM>    scalar wmain = radius
  
 CHARMM>    scalar wmain mult 2.5   sele resname TIP3 end
 SELRPN>      0 atoms have been selected out of    500
  
 CHARMM>    scalar wmain add  1.529 sele .not. resname TIP3 end
 SELRPN>    500 atoms have been selected out of    500
  
 CHARMM>    scalar wmain mult 0.85  sele .not. resname TIP3 end
 SELRPN>    500 atoms have been selected out of    500
  
 CHARMM>    calc zab = ( @a + @b ) / 2.0
 Parameter: A -> "1.6"
 Parameter: B -> "1.8"
Evaluating: (1.6+1.8)/2.0
 Parameter: ZAB <- "1.7"
  
 CHARMM>     
  
 CHARMM>    coor search -
 CHARMM>         xmin @x1  xmax @x2  xgrip @xncel -
 CHARMM>         ymin @y1  ymax @y2  ygrip @yncel -
 CHARMM>         zmin @a   zmax @b   zgrip 5
 Parameter: X1 -> "-13.8257234"
 Parameter: X2 -> "13.3162766"
 Parameter: XNCEL -> "135"
 Parameter: Y1 -> "-13.9910845"
 Parameter: Y2 -> "13.9910845"
 Parameter: YNCEL -> "139"
 Parameter: A -> "1.6"
 Parameter: B -> "1.8"

 A TOTAL OF    71763   VACUUM POINTS WERE FOUND
 A TOTAL OF    22062 OCCUPIED POINTS WERE FOUND
 A TOTAL OF        0 EXTERNAL POINTS WERE FOUND
 A TOTAL OF    71763 SELECTED POINTS WERE FOUND
 TOTAL OCCUPIED  VOLUME =      35.717374
 TOTAL SELECTED  VOLUME =     116.181032
 TOTAL FREE      VOLUME =     116.181032
 FRACTIONAL FREE VOLUME =      76.486011
  
 CHARMM>     
  
 CHARMM>    calc c = ?volume * @factor
 Parameter: FACTOR -> "5"
 RDCMND substituted energy or value "?VOLUME" to "35.7173742"
Evaluating: 35.7173742*5
 Parameter: C <- "178.586871"
  
 CHARMM>     
  
 CHARMM>    if a .lt. -10 if a .gt. -20 if c .gt. @botarea set botarea = @c
 Parameter: BOTAREA -> "319.775893"
 Parameter: C -> "178.586871"
 Comparing "1.6" and "-10".
 IF test evaluated as false.  Skipping command
  
 CHARMM>    if a .gt.  10 if a .lt.  20 if c .gt. @toparea set toparea = @c
 Parameter: TOPAREA -> "-1"
 Parameter: C -> "178.586871"
 Comparing "1.6" and "10".
 IF test evaluated as false.  Skipping command
  
 CHARMM>     
  
 CHARMM>    write title unit 51
 RDTITL> * 1.8  178.586871
 RDTITL> *
  
 CHARMM>     
  
 CHARMM>    incr a by @dcel
 Parameter: DCEL -> "0.2"
 Parameter: A <- "1.8"
  
 CHARMM>    incr b by @dcel
 Parameter: DCEL -> "0.2"
 Parameter: B <- "2"
  
 CHARMM>    if b le ?ZMAX goto DOAREA
 RDCMND substituted energy or value "?ZMAX" to "14.0616092"
 Comparing "2" and "14.0616092".
 IF test evaluated as true.  Performing command
  
 CHARMM>     
  
 CHARMM>    ! Cross sectional protein area with whole atom.
 CHARMM>    scalar wmain = radius
  
 CHARMM>    scalar wmain mult 2.5   sele resname TIP3 end
 SELRPN>      0 atoms have been selected out of    500
  
 CHARMM>    scalar wmain add  1.529 sele .not. resname TIP3 end
 SELRPN>    500 atoms have been selected out of    500
  
 CHARMM>    scalar wmain mult 0.85  sele .not. resname TIP3 end
 SELRPN>    500 atoms have been selected out of    500
  
 CHARMM>    calc zab = ( @a + @b ) / 2.0
 Parameter: A -> "1.8"
 Parameter: B -> "2"
Evaluating: (1.8+2)/2.0
 Parameter: ZAB <- "1.9"
  
 CHARMM>     
  
 CHARMM>    coor search -
 CHARMM>         xmin @x1  xmax @x2  xgrip @xncel -
 CHARMM>         ymin @y1  ymax @y2  ygrip @yncel -
 CHARMM>         zmin @a   zmax @b   zgrip 5
 Parameter: X1 -> "-13.8257234"
 Parameter: X2 -> "13.3162766"
 Parameter: XNCEL -> "135"
 Parameter: Y1 -> "-13.9910845"
 Parameter: Y2 -> "13.9910845"
 Parameter: YNCEL -> "139"
 Parameter: A -> "1.8"
 Parameter: B -> "2"

 A TOTAL OF    70673   VACUUM POINTS WERE FOUND
 A TOTAL OF    23152 OCCUPIED POINTS WERE FOUND
 A TOTAL OF        0 EXTERNAL POINTS WERE FOUND
 A TOTAL OF    70673 SELECTED POINTS WERE FOUND
 TOTAL OCCUPIED  VOLUME =      37.482035
 TOTAL SELECTED  VOLUME =     114.416372
 TOTAL FREE      VOLUME =     114.416372
 FRACTIONAL FREE VOLUME =      75.324274
  
 CHARMM>     
  
 CHARMM>    calc c = ?volume * @factor
 Parameter: FACTOR -> "5"
 RDCMND substituted energy or value "?VOLUME" to "37.4820346"
Evaluating: 37.4820346*5
 Parameter: C <- "187.410173"
  
 CHARMM>     
  
 CHARMM>    if a .lt. -10 if a .gt. -20 if c .gt. @botarea set botarea = @c
 Parameter: BOTAREA -> "319.775893"
 Parameter: C -> "187.410173"
 Comparing "1.8" and "-10".
 IF test evaluated as false.  Skipping command
  
 CHARMM>    if a .gt.  10 if a .lt.  20 if c .gt. @toparea set toparea = @c
 Parameter: TOPAREA -> "-1"
 Parameter: C -> "187.410173"
 Comparing "1.8" and "10".
 IF test evaluated as false.  Skipping command
  
 CHARMM>     
  
 CHARMM>    write title unit 51
 RDTITL> * 2  187.410173
 RDTITL> *
  
 CHARMM>     
  
 CHARMM>    incr a by @dcel
 Parameter: DCEL -> "0.2"
 Parameter: A <- "2"
  
 CHARMM>    incr b by @dcel
 Parameter: DCEL -> "0.2"
 Parameter: B <- "2.2"
  
 CHARMM>    if b le ?ZMAX goto DOAREA
 RDCMND substituted energy or value "?ZMAX" to "14.0616092"
 Comparing "2.2" and "14.0616092".
 IF test evaluated as true.  Performing command
  
 CHARMM>     
  
 CHARMM>    ! Cross sectional protein area with whole atom.
 CHARMM>    scalar wmain = radius
  
 CHARMM>    scalar wmain mult 2.5   sele resname TIP3 end
 SELRPN>      0 atoms have been selected out of    500
  
 CHARMM>    scalar wmain add  1.529 sele .not. resname TIP3 end
 SELRPN>    500 atoms have been selected out of    500
  
 CHARMM>    scalar wmain mult 0.85  sele .not. resname TIP3 end
 SELRPN>    500 atoms have been selected out of    500
  
 CHARMM>    calc zab = ( @a + @b ) / 2.0
 Parameter: A -> "2"
 Parameter: B -> "2.2"
Evaluating: (2+2.2)/2.0
 Parameter: ZAB <- "2.1"
  
 CHARMM>     
  
 CHARMM>    coor search -
 CHARMM>         xmin @x1  xmax @x2  xgrip @xncel -
 CHARMM>         ymin @y1  ymax @y2  ygrip @yncel -
 CHARMM>         zmin @a   zmax @b   zgrip 5
 Parameter: X1 -> "-13.8257234"
 Parameter: X2 -> "13.3162766"
 Parameter: XNCEL -> "135"
 Parameter: Y1 -> "-13.9910845"
 Parameter: Y2 -> "13.9910845"
 Parameter: YNCEL -> "139"
 Parameter: A -> "2"
 Parameter: B -> "2.2"

 A TOTAL OF    69849   VACUUM POINTS WERE FOUND
 A TOTAL OF    23976 OCCUPIED POINTS WERE FOUND
 A TOTAL OF        0 EXTERNAL POINTS WERE FOUND
 A TOTAL OF    69849 SELECTED POINTS WERE FOUND
 TOTAL OCCUPIED  VOLUME =      38.816053
 TOTAL SELECTED  VOLUME =     113.082353
 TOTAL FREE      VOLUME =     113.082353
 FRACTIONAL FREE VOLUME =      74.446043
  
 CHARMM>     
  
 CHARMM>    calc c = ?volume * @factor
 Parameter: FACTOR -> "5"
 RDCMND substituted energy or value "?VOLUME" to "38.8160532"
Evaluating: 38.8160532*5
 Parameter: C <- "194.080266"
  
 CHARMM>     
  
 CHARMM>    if a .lt. -10 if a .gt. -20 if c .gt. @botarea set botarea = @c
 Parameter: BOTAREA -> "319.775893"
 Parameter: C -> "194.080266"
 Comparing "2" and "-10".
 IF test evaluated as false.  Skipping command
  
 CHARMM>    if a .gt.  10 if a .lt.  20 if c .gt. @toparea set toparea = @c
 Parameter: TOPAREA -> "-1"
 Parameter: C -> "194.080266"
 Comparing "2" and "10".
 IF test evaluated as false.  Skipping command
  
 CHARMM>     
  
 CHARMM>    write title unit 51
 RDTITL> * 2.2  194.080266
 RDTITL> *
  
 CHARMM>     
  
 CHARMM>    incr a by @dcel
 Parameter: DCEL -> "0.2"
 Parameter: A <- "2.2"
  
 CHARMM>    incr b by @dcel
 Parameter: DCEL -> "0.2"
 Parameter: B <- "2.4"
  
 CHARMM>    if b le ?ZMAX goto DOAREA
 RDCMND substituted energy or value "?ZMAX" to "14.0616092"
 Comparing "2.4" and "14.0616092".
 IF test evaluated as true.  Performing command
  
 CHARMM>     
  
 CHARMM>    ! Cross sectional protein area with whole atom.
 CHARMM>    scalar wmain = radius
  
 CHARMM>    scalar wmain mult 2.5   sele resname TIP3 end
 SELRPN>      0 atoms have been selected out of    500
  
 CHARMM>    scalar wmain add  1.529 sele .not. resname TIP3 end
 SELRPN>    500 atoms have been selected out of    500
  
 CHARMM>    scalar wmain mult 0.85  sele .not. resname TIP3 end
 SELRPN>    500 atoms have been selected out of    500
  
 CHARMM>    calc zab = ( @a + @b ) / 2.0
 Parameter: A -> "2.2"
 Parameter: B -> "2.4"
Evaluating: (2.2+2.4)/2.0
 Parameter: ZAB <- "2.3"
  
 CHARMM>     
  
 CHARMM>    coor search -
 CHARMM>         xmin @x1  xmax @x2  xgrip @xncel -
 CHARMM>         ymin @y1  ymax @y2  ygrip @yncel -
 CHARMM>         zmin @a   zmax @b   zgrip 5
 Parameter: X1 -> "-13.8257234"
 Parameter: X2 -> "13.3162766"
 Parameter: XNCEL -> "135"
 Parameter: Y1 -> "-13.9910845"
 Parameter: Y2 -> "13.9910845"
 Parameter: YNCEL -> "139"
 Parameter: A -> "2.2"
 Parameter: B -> "2.4"

 A TOTAL OF    68677   VACUUM POINTS WERE FOUND
 A TOTAL OF    25148 OCCUPIED POINTS WERE FOUND
 A TOTAL OF        0 EXTERNAL POINTS WERE FOUND
 A TOTAL OF    68677 SELECTED POINTS WERE FOUND
 TOTAL OCCUPIED  VOLUME =      40.713468
 TOTAL SELECTED  VOLUME =     111.184938
 TOTAL FREE      VOLUME =     111.184938
 FRACTIONAL FREE VOLUME =      73.196909
  
 CHARMM>     
  
 CHARMM>    calc c = ?volume * @factor
 Parameter: FACTOR -> "5"
 RDCMND substituted energy or value "?VOLUME" to "40.7134678"
Evaluating: 40.7134678*5
 Parameter: C <- "203.567339"
  
 CHARMM>     
  
 CHARMM>    if a .lt. -10 if a .gt. -20 if c .gt. @botarea set botarea = @c
 Parameter: BOTAREA -> "319.775893"
 Parameter: C -> "203.567339"
 Comparing "2.2" and "-10".
 IF test evaluated as false.  Skipping command
  
 CHARMM>    if a .gt.  10 if a .lt.  20 if c .gt. @toparea set toparea = @c
 Parameter: TOPAREA -> "-1"
 Parameter: C -> "203.567339"
 Comparing "2.2" and "10".
 IF test evaluated as false.  Skipping command
  
 CHARMM>     
  
 CHARMM>    write title unit 51
 RDTITL> * 2.4  203.567339
 RDTITL> *
  
 CHARMM>     
  
 CHARMM>    incr a by @dcel
 Parameter: DCEL -> "0.2"
 Parameter: A <- "2.4"
  
 CHARMM>    incr b by @dcel
 Parameter: DCEL -> "0.2"
 Parameter: B <- "2.6"
  
 CHARMM>    if b le ?ZMAX goto DOAREA
 RDCMND substituted energy or value "?ZMAX" to "14.0616092"
 Comparing "2.6" and "14.0616092".
 IF test evaluated as true.  Performing command
  
 CHARMM>     
  
 CHARMM>    ! Cross sectional protein area with whole atom.
 CHARMM>    scalar wmain = radius
  
 CHARMM>    scalar wmain mult 2.5   sele resname TIP3 end
 SELRPN>      0 atoms have been selected out of    500
  
 CHARMM>    scalar wmain add  1.529 sele .not. resname TIP3 end
 SELRPN>    500 atoms have been selected out of    500
  
 CHARMM>    scalar wmain mult 0.85  sele .not. resname TIP3 end
 SELRPN>    500 atoms have been selected out of    500
  
 CHARMM>    calc zab = ( @a + @b ) / 2.0
 Parameter: A -> "2.4"
 Parameter: B -> "2.6"
Evaluating: (2.4+2.6)/2.0
 Parameter: ZAB <- "2.5"
  
 CHARMM>     
  
 CHARMM>    coor search -
 CHARMM>         xmin @x1  xmax @x2  xgrip @xncel -
 CHARMM>         ymin @y1  ymax @y2  ygrip @yncel -
 CHARMM>         zmin @a   zmax @b   zgrip 5
 Parameter: X1 -> "-13.8257234"
 Parameter: X2 -> "13.3162766"
 Parameter: XNCEL -> "135"
 Parameter: Y1 -> "-13.9910845"
 Parameter: Y2 -> "13.9910845"
 Parameter: YNCEL -> "139"
 Parameter: A -> "2.4"
 Parameter: B -> "2.6"

 A TOTAL OF    67594   VACUUM POINTS WERE FOUND
 A TOTAL OF    26231 OCCUPIED POINTS WERE FOUND
 A TOTAL OF        0 EXTERNAL POINTS WERE FOUND
 A TOTAL OF    67594 SELECTED POINTS WERE FOUND
 TOTAL OCCUPIED  VOLUME =      42.466796
 TOTAL SELECTED  VOLUME =     109.431611
 TOTAL FREE      VOLUME =     109.431611
 FRACTIONAL FREE VOLUME =      72.042633
  
 CHARMM>     
  
 CHARMM>    calc c = ?volume * @factor
 Parameter: FACTOR -> "5"
 RDCMND substituted energy or value "?VOLUME" to "42.4667956"
Evaluating: 42.4667956*5
 Parameter: C <- "212.333978"
  
 CHARMM>     
  
 CHARMM>    if a .lt. -10 if a .gt. -20 if c .gt. @botarea set botarea = @c
 Parameter: BOTAREA -> "319.775893"
 Parameter: C -> "212.333978"
 Comparing "2.4" and "-10".
 IF test evaluated as false.  Skipping command
  
 CHARMM>    if a .gt.  10 if a .lt.  20 if c .gt. @toparea set toparea = @c
 Parameter: TOPAREA -> "-1"
 Parameter: C -> "212.333978"
 Comparing "2.4" and "10".
 IF test evaluated as false.  Skipping command
  
 CHARMM>     
  
 CHARMM>    write title unit 51
 RDTITL> * 2.6  212.333978
 RDTITL> *
  
 CHARMM>     
  
 CHARMM>    incr a by @dcel
 Parameter: DCEL -> "0.2"
 Parameter: A <- "2.6"
  
 CHARMM>    incr b by @dcel
 Parameter: DCEL -> "0.2"
 Parameter: B <- "2.8"
  
 CHARMM>    if b le ?ZMAX goto DOAREA
 RDCMND substituted energy or value "?ZMAX" to "14.0616092"
 Comparing "2.8" and "14.0616092".
 IF test evaluated as true.  Performing command
  
 CHARMM>     
  
 CHARMM>    ! Cross sectional protein area with whole atom.
 CHARMM>    scalar wmain = radius
  
 CHARMM>    scalar wmain mult 2.5   sele resname TIP3 end
 SELRPN>      0 atoms have been selected out of    500
  
 CHARMM>    scalar wmain add  1.529 sele .not. resname TIP3 end
 SELRPN>    500 atoms have been selected out of    500
  
 CHARMM>    scalar wmain mult 0.85  sele .not. resname TIP3 end
 SELRPN>    500 atoms have been selected out of    500
  
 CHARMM>    calc zab = ( @a + @b ) / 2.0
 Parameter: A -> "2.6"
 Parameter: B -> "2.8"
Evaluating: (2.6+2.8)/2.0
 Parameter: ZAB <- "2.7"
  
 CHARMM>     
  
 CHARMM>    coor search -
 CHARMM>         xmin @x1  xmax @x2  xgrip @xncel -
 CHARMM>         ymin @y1  ymax @y2  ygrip @yncel -
 CHARMM>         zmin @a   zmax @b   zgrip 5
 Parameter: X1 -> "-13.8257234"
 Parameter: X2 -> "13.3162766"
 Parameter: XNCEL -> "135"
 Parameter: Y1 -> "-13.9910845"
 Parameter: Y2 -> "13.9910845"
 Parameter: YNCEL -> "139"
 Parameter: A -> "2.6"
 Parameter: B -> "2.8"

 A TOTAL OF    66669   VACUUM POINTS WERE FOUND
 A TOTAL OF    27156 OCCUPIED POINTS WERE FOUND
 A TOTAL OF        0 EXTERNAL POINTS WERE FOUND
 A TOTAL OF    66669 SELECTED POINTS WERE FOUND
 TOTAL OCCUPIED  VOLUME =      43.964328
 TOTAL SELECTED  VOLUME =     107.934078
 TOTAL FREE      VOLUME =     107.934078
 FRACTIONAL FREE VOLUME =      71.056755
  
 CHARMM>     
  
 CHARMM>    calc c = ?volume * @factor
 Parameter: FACTOR -> "5"
 RDCMND substituted energy or value "?VOLUME" to "43.9643285"
Evaluating: 43.9643285*5
 Parameter: C <- "219.821642"
  
 CHARMM>     
  
 CHARMM>    if a .lt. -10 if a .gt. -20 if c .gt. @botarea set botarea = @c
 Parameter: BOTAREA -> "319.775893"
 Parameter: C -> "219.821642"
 Comparing "2.6" and "-10".
 IF test evaluated as false.  Skipping command
  
 CHARMM>    if a .gt.  10 if a .lt.  20 if c .gt. @toparea set toparea = @c
 Parameter: TOPAREA -> "-1"
 Parameter: C -> "219.821642"
 Comparing "2.6" and "10".
 IF test evaluated as false.  Skipping command
  
 CHARMM>     
  
 CHARMM>    write title unit 51
 RDTITL> * 2.8  219.821642
 RDTITL> *
  
 CHARMM>     
  
 CHARMM>    incr a by @dcel
 Parameter: DCEL -> "0.2"
 Parameter: A <- "2.8"
  
 CHARMM>    incr b by @dcel
 Parameter: DCEL -> "0.2"
 Parameter: B <- "3"
  
 CHARMM>    if b le ?ZMAX goto DOAREA
 RDCMND substituted energy or value "?ZMAX" to "14.0616092"
 Comparing "3" and "14.0616092".
 IF test evaluated as true.  Performing command
  
 CHARMM>     
  
 CHARMM>    ! Cross sectional protein area with whole atom.
 CHARMM>    scalar wmain = radius
  
 CHARMM>    scalar wmain mult 2.5   sele resname TIP3 end
 SELRPN>      0 atoms have been selected out of    500
  
 CHARMM>    scalar wmain add  1.529 sele .not. resname TIP3 end
 SELRPN>    500 atoms have been selected out of    500
  
 CHARMM>    scalar wmain mult 0.85  sele .not. resname TIP3 end
 SELRPN>    500 atoms have been selected out of    500
  
 CHARMM>    calc zab = ( @a + @b ) / 2.0
 Parameter: A -> "2.8"
 Parameter: B -> "3"
Evaluating: (2.8+3)/2.0
 Parameter: ZAB <- "2.9"
  
 CHARMM>     
  
 CHARMM>    coor search -
 CHARMM>         xmin @x1  xmax @x2  xgrip @xncel -
 CHARMM>         ymin @y1  ymax @y2  ygrip @yncel -
 CHARMM>         zmin @a   zmax @b   zgrip 5
 Parameter: X1 -> "-13.8257234"
 Parameter: X2 -> "13.3162766"
 Parameter: XNCEL -> "135"
 Parameter: Y1 -> "-13.9910845"
 Parameter: Y2 -> "13.9910845"
 Parameter: YNCEL -> "139"
 Parameter: A -> "2.8"
 Parameter: B -> "3"

 A TOTAL OF    65768   VACUUM POINTS WERE FOUND
 A TOTAL OF    28057 OCCUPIED POINTS WERE FOUND
 A TOTAL OF        0 EXTERNAL POINTS WERE FOUND
 A TOTAL OF    65768 SELECTED POINTS WERE FOUND
 TOTAL OCCUPIED  VOLUME =      45.423006
 TOTAL SELECTED  VOLUME =     106.475400
 TOTAL FREE      VOLUME =     106.475400
 FRACTIONAL FREE VOLUME =      70.096456
  
 CHARMM>     
  
 CHARMM>    calc c = ?volume * @factor
 Parameter: FACTOR -> "5"
 RDCMND substituted energy or value "?VOLUME" to "45.4230065"
Evaluating: 45.4230065*5
 Parameter: C <- "227.115032"
  
 CHARMM>     
  
 CHARMM>    if a .lt. -10 if a .gt. -20 if c .gt. @botarea set botarea = @c
 Parameter: BOTAREA -> "319.775893"
 Parameter: C -> "227.115032"
 Comparing "2.8" and "-10".
 IF test evaluated as false.  Skipping command
  
 CHARMM>    if a .gt.  10 if a .lt.  20 if c .gt. @toparea set toparea = @c
 Parameter: TOPAREA -> "-1"
 Parameter: C -> "227.115032"
 Comparing "2.8" and "10".
 IF test evaluated as false.  Skipping command
  
 CHARMM>     
  
 CHARMM>    write title unit 51
 RDTITL> * 3  227.115032
 RDTITL> *
  
 CHARMM>     
  
 CHARMM>    incr a by @dcel
 Parameter: DCEL -> "0.2"
 Parameter: A <- "3"
  
 CHARMM>    incr b by @dcel
 Parameter: DCEL -> "0.2"
 Parameter: B <- "3.2"
  
 CHARMM>    if b le ?ZMAX goto DOAREA
 RDCMND substituted energy or value "?ZMAX" to "14.0616092"
 Comparing "3.2" and "14.0616092".
 IF test evaluated as true.  Performing command
  
 CHARMM>     
  
 CHARMM>    ! Cross sectional protein area with whole atom.
 CHARMM>    scalar wmain = radius
  
 CHARMM>    scalar wmain mult 2.5   sele resname TIP3 end
 SELRPN>      0 atoms have been selected out of    500
  
 CHARMM>    scalar wmain add  1.529 sele .not. resname TIP3 end
 SELRPN>    500 atoms have been selected out of    500
  
 CHARMM>    scalar wmain mult 0.85  sele .not. resname TIP3 end
 SELRPN>    500 atoms have been selected out of    500
  
 CHARMM>    calc zab = ( @a + @b ) / 2.0
 Parameter: A -> "3"
 Parameter: B -> "3.2"
Evaluating: (3+3.2)/2.0
 Parameter: ZAB <- "3.1"
  
 CHARMM>     
  
 CHARMM>    coor search -
 CHARMM>         xmin @x1  xmax @x2  xgrip @xncel -
 CHARMM>         ymin @y1  ymax @y2  ygrip @yncel -
 CHARMM>         zmin @a   zmax @b   zgrip 5
 Parameter: X1 -> "-13.8257234"
 Parameter: X2 -> "13.3162766"
 Parameter: XNCEL -> "135"
 Parameter: Y1 -> "-13.9910845"
 Parameter: Y2 -> "13.9910845"
 Parameter: YNCEL -> "139"
 Parameter: A -> "3"
 Parameter: B -> "3.2"

 A TOTAL OF    64952   VACUUM POINTS WERE FOUND
 A TOTAL OF    28873 OCCUPIED POINTS WERE FOUND
 A TOTAL OF        0 EXTERNAL POINTS WERE FOUND
 A TOTAL OF    64952 SELECTED POINTS WERE FOUND
 TOTAL OCCUPIED  VOLUME =      46.744073
 TOTAL SELECTED  VOLUME =     105.154333
 TOTAL FREE      VOLUME =     105.154333
 FRACTIONAL FREE VOLUME =      69.226752
  
 CHARMM>     
  
 CHARMM>    calc c = ?volume * @factor
 Parameter: FACTOR -> "5"
 RDCMND substituted energy or value "?VOLUME" to "46.7440734"
Evaluating: 46.7440734*5
 Parameter: C <- "233.720367"
  
 CHARMM>     
  
 CHARMM>    if a .lt. -10 if a .gt. -20 if c .gt. @botarea set botarea = @c
 Parameter: BOTAREA -> "319.775893"
 Parameter: C -> "233.720367"
 Comparing "3" and "-10".
 IF test evaluated as false.  Skipping command
  
 CHARMM>    if a .gt.  10 if a .lt.  20 if c .gt. @toparea set toparea = @c
 Parameter: TOPAREA -> "-1"
 Parameter: C -> "233.720367"
 Comparing "3" and "10".
 IF test evaluated as false.  Skipping command
  
 CHARMM>     
  
 CHARMM>    write title unit 51
 RDTITL> * 3.2  233.720367
 RDTITL> *
  
 CHARMM>     
  
 CHARMM>    incr a by @dcel
 Parameter: DCEL -> "0.2"
 Parameter: A <- "3.2"
  
 CHARMM>    incr b by @dcel
 Parameter: DCEL -> "0.2"
 Parameter: B <- "3.4"
  
 CHARMM>    if b le ?ZMAX goto DOAREA
 RDCMND substituted energy or value "?ZMAX" to "14.0616092"
 Comparing "3.4" and "14.0616092".
 IF test evaluated as true.  Performing command
  
 CHARMM>     
  
 CHARMM>    ! Cross sectional protein area with whole atom.
 CHARMM>    scalar wmain = radius
  
 CHARMM>    scalar wmain mult 2.5   sele resname TIP3 end
 SELRPN>      0 atoms have been selected out of    500
  
 CHARMM>    scalar wmain add  1.529 sele .not. resname TIP3 end
 SELRPN>    500 atoms have been selected out of    500
  
 CHARMM>    scalar wmain mult 0.85  sele .not. resname TIP3 end
 SELRPN>    500 atoms have been selected out of    500
  
 CHARMM>    calc zab = ( @a + @b ) / 2.0
 Parameter: A -> "3.2"
 Parameter: B -> "3.4"
Evaluating: (3.2+3.4)/2.0
 Parameter: ZAB <- "3.3"
  
 CHARMM>     
  
 CHARMM>    coor search -
 CHARMM>         xmin @x1  xmax @x2  xgrip @xncel -
 CHARMM>         ymin @y1  ymax @y2  ygrip @yncel -
 CHARMM>         zmin @a   zmax @b   zgrip 5
 Parameter: X1 -> "-13.8257234"
 Parameter: X2 -> "13.3162766"
 Parameter: XNCEL -> "135"
 Parameter: Y1 -> "-13.9910845"
 Parameter: Y2 -> "13.9910845"
 Parameter: YNCEL -> "139"
 Parameter: A -> "3.2"
 Parameter: B -> "3.4"

 A TOTAL OF    64343   VACUUM POINTS WERE FOUND
 A TOTAL OF    29482 OCCUPIED POINTS WERE FOUND
 A TOTAL OF        0 EXTERNAL POINTS WERE FOUND
 A TOTAL OF    64343 SELECTED POINTS WERE FOUND
 TOTAL OCCUPIED  VOLUME =      47.730017
 TOTAL SELECTED  VOLUME =     104.168390
 TOTAL FREE      VOLUME =     104.168390
 FRACTIONAL FREE VOLUME =      68.577671
  
 CHARMM>     
  
 CHARMM>    calc c = ?volume * @factor
 Parameter: FACTOR -> "5"
 RDCMND substituted energy or value "?VOLUME" to "47.7300166"
Evaluating: 47.7300166*5
 Parameter: C <- "238.650083"
  
 CHARMM>     
  
 CHARMM>    if a .lt. -10 if a .gt. -20 if c .gt. @botarea set botarea = @c
 Parameter: BOTAREA -> "319.775893"
 Parameter: C -> "238.650083"
 Comparing "3.2" and "-10".
 IF test evaluated as false.  Skipping command
  
 CHARMM>    if a .gt.  10 if a .lt.  20 if c .gt. @toparea set toparea = @c
 Parameter: TOPAREA -> "-1"
 Parameter: C -> "238.650083"
 Comparing "3.2" and "10".
 IF test evaluated as false.  Skipping command
  
 CHARMM>     
  
 CHARMM>    write title unit 51
 RDTITL> * 3.4  238.650083
 RDTITL> *
  
 CHARMM>     
  
 CHARMM>    incr a by @dcel
 Parameter: DCEL -> "0.2"
 Parameter: A <- "3.4"
  
 CHARMM>    incr b by @dcel
 Parameter: DCEL -> "0.2"
 Parameter: B <- "3.6"
  
 CHARMM>    if b le ?ZMAX goto DOAREA
 RDCMND substituted energy or value "?ZMAX" to "14.0616092"
 Comparing "3.6" and "14.0616092".
 IF test evaluated as true.  Performing command
  
 CHARMM>     
  
 CHARMM>    ! Cross sectional protein area with whole atom.
 CHARMM>    scalar wmain = radius
  
 CHARMM>    scalar wmain mult 2.5   sele resname TIP3 end
 SELRPN>      0 atoms have been selected out of    500
  
 CHARMM>    scalar wmain add  1.529 sele .not. resname TIP3 end
 SELRPN>    500 atoms have been selected out of    500
  
 CHARMM>    scalar wmain mult 0.85  sele .not. resname TIP3 end
 SELRPN>    500 atoms have been selected out of    500
  
 CHARMM>    calc zab = ( @a + @b ) / 2.0
 Parameter: A -> "3.4"
 Parameter: B -> "3.6"
Evaluating: (3.4+3.6)/2.0
 Parameter: ZAB <- "3.5"
  
 CHARMM>     
  
 CHARMM>    coor search -
 CHARMM>         xmin @x1  xmax @x2  xgrip @xncel -
 CHARMM>         ymin @y1  ymax @y2  ygrip @yncel -
 CHARMM>         zmin @a   zmax @b   zgrip 5
 Parameter: X1 -> "-13.8257234"
 Parameter: X2 -> "13.3162766"
 Parameter: XNCEL -> "135"
 Parameter: Y1 -> "-13.9910845"
 Parameter: Y2 -> "13.9910845"
 Parameter: YNCEL -> "139"
 Parameter: A -> "3.4"
 Parameter: B -> "3.6"

 A TOTAL OF    63785   VACUUM POINTS WERE FOUND
 A TOTAL OF    30040 OCCUPIED POINTS WERE FOUND
 A TOTAL OF        0 EXTERNAL POINTS WERE FOUND
 A TOTAL OF    63785 SELECTED POINTS WERE FOUND
 TOTAL OCCUPIED  VOLUME =      48.633393
 TOTAL SELECTED  VOLUME =     103.265013
 TOTAL FREE      VOLUME =     103.265013
 FRACTIONAL FREE VOLUME =      67.982947
  
 CHARMM>     
  
 CHARMM>    calc c = ?volume * @factor
 Parameter: FACTOR -> "5"
 RDCMND substituted energy or value "?VOLUME" to "48.6333933"
Evaluating: 48.6333933*5
 Parameter: C <- "243.166967"
  
 CHARMM>     
  
 CHARMM>    if a .lt. -10 if a .gt. -20 if c .gt. @botarea set botarea = @c
 Parameter: BOTAREA -> "319.775893"
 Parameter: C -> "243.166967"
 Comparing "3.4" and "-10".
 IF test evaluated as false.  Skipping command
  
 CHARMM>    if a .gt.  10 if a .lt.  20 if c .gt. @toparea set toparea = @c
 Parameter: TOPAREA -> "-1"
 Parameter: C -> "243.166967"
 Comparing "3.4" and "10".
 IF test evaluated as false.  Skipping command
  
 CHARMM>     
  
 CHARMM>    write title unit 51
 RDTITL> * 3.6  243.166967
 RDTITL> *
  
 CHARMM>     
  
 CHARMM>    incr a by @dcel
 Parameter: DCEL -> "0.2"
 Parameter: A <- "3.6"
  
 CHARMM>    incr b by @dcel
 Parameter: DCEL -> "0.2"
 Parameter: B <- "3.8"
  
 CHARMM>    if b le ?ZMAX goto DOAREA
 RDCMND substituted energy or value "?ZMAX" to "14.0616092"
 Comparing "3.8" and "14.0616092".
 IF test evaluated as true.  Performing command
  
 CHARMM>     
  
 CHARMM>    ! Cross sectional protein area with whole atom.
 CHARMM>    scalar wmain = radius
  
 CHARMM>    scalar wmain mult 2.5   sele resname TIP3 end
 SELRPN>      0 atoms have been selected out of    500
  
 CHARMM>    scalar wmain add  1.529 sele .not. resname TIP3 end
 SELRPN>    500 atoms have been selected out of    500
  
 CHARMM>    scalar wmain mult 0.85  sele .not. resname TIP3 end
 SELRPN>    500 atoms have been selected out of    500
  
 CHARMM>    calc zab = ( @a + @b ) / 2.0
 Parameter: A -> "3.6"
 Parameter: B -> "3.8"
Evaluating: (3.6+3.8)/2.0
 Parameter: ZAB <- "3.7"
  
 CHARMM>     
  
 CHARMM>    coor search -
 CHARMM>         xmin @x1  xmax @x2  xgrip @xncel -
 CHARMM>         ymin @y1  ymax @y2  ygrip @yncel -
 CHARMM>         zmin @a   zmax @b   zgrip 5
 Parameter: X1 -> "-13.8257234"
 Parameter: X2 -> "13.3162766"
 Parameter: XNCEL -> "135"
 Parameter: Y1 -> "-13.9910845"
 Parameter: Y2 -> "13.9910845"
 Parameter: YNCEL -> "139"
 Parameter: A -> "3.6"
 Parameter: B -> "3.8"

 A TOTAL OF    63301   VACUUM POINTS WERE FOUND
 A TOTAL OF    30524 OCCUPIED POINTS WERE FOUND
 A TOTAL OF        0 EXTERNAL POINTS WERE FOUND
 A TOTAL OF    63301 SELECTED POINTS WERE FOUND
 TOTAL OCCUPIED  VOLUME =      49.416967
 TOTAL SELECTED  VOLUME =     102.481439
 TOTAL FREE      VOLUME =     102.481439
 FRACTIONAL FREE VOLUME =      67.467093
  
 CHARMM>     
  
 CHARMM>    calc c = ?volume * @factor
 Parameter: FACTOR -> "5"
 RDCMND substituted energy or value "?VOLUME" to "49.4169672"
Evaluating: 49.4169672*5
 Parameter: C <- "247.084836"
  
 CHARMM>     
  
 CHARMM>    if a .lt. -10 if a .gt. -20 if c .gt. @botarea set botarea = @c
 Parameter: BOTAREA -> "319.775893"
 Parameter: C -> "247.084836"
 Comparing "3.6" and "-10".
 IF test evaluated as false.  Skipping command
  
 CHARMM>    if a .gt.  10 if a .lt.  20 if c .gt. @toparea set toparea = @c
 Parameter: TOPAREA -> "-1"
 Parameter: C -> "247.084836"
 Comparing "3.6" and "10".
 IF test evaluated as false.  Skipping command
  
 CHARMM>     
  
 CHARMM>    write title unit 51
 RDTITL> * 3.8  247.084836
 RDTITL> *
  
 CHARMM>     
  
 CHARMM>    incr a by @dcel
 Parameter: DCEL -> "0.2"
 Parameter: A <- "3.8"
  
 CHARMM>    incr b by @dcel
 Parameter: DCEL -> "0.2"
 Parameter: B <- "4"
  
 CHARMM>    if b le ?ZMAX goto DOAREA
 RDCMND substituted energy or value "?ZMAX" to "14.0616092"
 Comparing "4" and "14.0616092".
 IF test evaluated as true.  Performing command
  
 CHARMM>     
  
 CHARMM>    ! Cross sectional protein area with whole atom.
 CHARMM>    scalar wmain = radius
  
 CHARMM>    scalar wmain mult 2.5   sele resname TIP3 end
 SELRPN>      0 atoms have been selected out of    500
  
 CHARMM>    scalar wmain add  1.529 sele .not. resname TIP3 end
 SELRPN>    500 atoms have been selected out of    500
  
 CHARMM>    scalar wmain mult 0.85  sele .not. resname TIP3 end
 SELRPN>    500 atoms have been selected out of    500
  
 CHARMM>    calc zab = ( @a + @b ) / 2.0
 Parameter: A -> "3.8"
 Parameter: B -> "4"
Evaluating: (3.8+4)/2.0
 Parameter: ZAB <- "3.9"
  
 CHARMM>     
  
 CHARMM>    coor search -
 CHARMM>         xmin @x1  xmax @x2  xgrip @xncel -
 CHARMM>         ymin @y1  ymax @y2  ygrip @yncel -
 CHARMM>         zmin @a   zmax @b   zgrip 5
 Parameter: X1 -> "-13.8257234"
 Parameter: X2 -> "13.3162766"
 Parameter: XNCEL -> "135"
 Parameter: Y1 -> "-13.9910845"
 Parameter: Y2 -> "13.9910845"
 Parameter: YNCEL -> "139"
 Parameter: A -> "3.8"
 Parameter: B -> "4"

 A TOTAL OF    62929   VACUUM POINTS WERE FOUND
 A TOTAL OF    30896 OCCUPIED POINTS WERE FOUND
 A TOTAL OF        0 EXTERNAL POINTS WERE FOUND
 A TOTAL OF    62929 SELECTED POINTS WERE FOUND
 TOTAL OCCUPIED  VOLUME =      50.019218
 TOTAL SELECTED  VOLUME =     101.879188
 TOTAL FREE      VOLUME =     101.879188
 FRACTIONAL FREE VOLUME =      67.070610
  
 CHARMM>     
  
 CHARMM>    calc c = ?volume * @factor
 Parameter: FACTOR -> "5"
 RDCMND substituted energy or value "?VOLUME" to "50.0192183"
Evaluating: 50.0192183*5
 Parameter: C <- "250.096091"
  
 CHARMM>     
  
 CHARMM>    if a .lt. -10 if a .gt. -20 if c .gt. @botarea set botarea = @c
 Parameter: BOTAREA -> "319.775893"
 Parameter: C -> "250.096091"
 Comparing "3.8" and "-10".
 IF test evaluated as false.  Skipping command
  
 CHARMM>    if a .gt.  10 if a .lt.  20 if c .gt. @toparea set toparea = @c
 Parameter: TOPAREA -> "-1"
 Parameter: C -> "250.096091"
 Comparing "3.8" and "10".
 IF test evaluated as false.  Skipping command
  
 CHARMM>     
  
 CHARMM>    write title unit 51
 RDTITL> * 4  250.096091
 RDTITL> *
  
 CHARMM>     
  
 CHARMM>    incr a by @dcel
 Parameter: DCEL -> "0.2"
 Parameter: A <- "4"
  
 CHARMM>    incr b by @dcel
 Parameter: DCEL -> "0.2"
 Parameter: B <- "4.2"
  
 CHARMM>    if b le ?ZMAX goto DOAREA
 RDCMND substituted energy or value "?ZMAX" to "14.0616092"
 Comparing "4.2" and "14.0616092".
 IF test evaluated as true.  Performing command
  
 CHARMM>     
  
 CHARMM>    ! Cross sectional protein area with whole atom.
 CHARMM>    scalar wmain = radius
  
 CHARMM>    scalar wmain mult 2.5   sele resname TIP3 end
 SELRPN>      0 atoms have been selected out of    500
  
 CHARMM>    scalar wmain add  1.529 sele .not. resname TIP3 end
 SELRPN>    500 atoms have been selected out of    500
  
 CHARMM>    scalar wmain mult 0.85  sele .not. resname TIP3 end
 SELRPN>    500 atoms have been selected out of    500
  
 CHARMM>    calc zab = ( @a + @b ) / 2.0
 Parameter: A -> "4"
 Parameter: B -> "4.2"
Evaluating: (4+4.2)/2.0
 Parameter: ZAB <- "4.1"
  
 CHARMM>     
  
 CHARMM>    coor search -
 CHARMM>         xmin @x1  xmax @x2  xgrip @xncel -
 CHARMM>         ymin @y1  ymax @y2  ygrip @yncel -
 CHARMM>         zmin @a   zmax @b   zgrip 5
 Parameter: X1 -> "-13.8257234"
 Parameter: X2 -> "13.3162766"
 Parameter: XNCEL -> "135"
 Parameter: Y1 -> "-13.9910845"
 Parameter: Y2 -> "13.9910845"
 Parameter: YNCEL -> "139"
 Parameter: A -> "4"
 Parameter: B -> "4.2"

 A TOTAL OF    62684   VACUUM POINTS WERE FOUND
 A TOTAL OF    31141 OCCUPIED POINTS WERE FOUND
 A TOTAL OF        0 EXTERNAL POINTS WERE FOUND
 A TOTAL OF    62684 SELECTED POINTS WERE FOUND
 TOTAL OCCUPIED  VOLUME =      50.415862
 TOTAL SELECTED  VOLUME =     101.482544
 TOTAL FREE      VOLUME =     101.482544
 FRACTIONAL FREE VOLUME =      66.809486
  
 CHARMM>     
  
 CHARMM>    calc c = ?volume * @factor
 Parameter: FACTOR -> "5"
 RDCMND substituted energy or value "?VOLUME" to "50.4158622"
Evaluating: 50.4158622*5
 Parameter: C <- "252.079311"
  
 CHARMM>     
  
 CHARMM>    if a .lt. -10 if a .gt. -20 if c .gt. @botarea set botarea = @c
 Parameter: BOTAREA -> "319.775893"
 Parameter: C -> "252.079311"
 Comparing "4" and "-10".
 IF test evaluated as false.  Skipping command
  
 CHARMM>    if a .gt.  10 if a .lt.  20 if c .gt. @toparea set toparea = @c
 Parameter: TOPAREA -> "-1"
 Parameter: C -> "252.079311"
 Comparing "4" and "10".
 IF test evaluated as false.  Skipping command
  
 CHARMM>     
  
 CHARMM>    write title unit 51
 RDTITL> * 4.2  252.079311
 RDTITL> *
  
 CHARMM>     
  
 CHARMM>    incr a by @dcel
 Parameter: DCEL -> "0.2"
 Parameter: A <- "4.2"
  
 CHARMM>    incr b by @dcel
 Parameter: DCEL -> "0.2"
 Parameter: B <- "4.4"
  
 CHARMM>    if b le ?ZMAX goto DOAREA
 RDCMND substituted energy or value "?ZMAX" to "14.0616092"
 Comparing "4.4" and "14.0616092".
 IF test evaluated as true.  Performing command
  
 CHARMM>     
  
 CHARMM>    ! Cross sectional protein area with whole atom.
 CHARMM>    scalar wmain = radius
  
 CHARMM>    scalar wmain mult 2.5   sele resname TIP3 end
 SELRPN>      0 atoms have been selected out of    500
  
 CHARMM>    scalar wmain add  1.529 sele .not. resname TIP3 end
 SELRPN>    500 atoms have been selected out of    500
  
 CHARMM>    scalar wmain mult 0.85  sele .not. resname TIP3 end
 SELRPN>    500 atoms have been selected out of    500
  
 CHARMM>    calc zab = ( @a + @b ) / 2.0
 Parameter: A -> "4.2"
 Parameter: B -> "4.4"
Evaluating: (4.2+4.4)/2.0
 Parameter: ZAB <- "4.3"
  
 CHARMM>     
  
 CHARMM>    coor search -
 CHARMM>         xmin @x1  xmax @x2  xgrip @xncel -
 CHARMM>         ymin @y1  ymax @y2  ygrip @yncel -
 CHARMM>         zmin @a   zmax @b   zgrip 5
 Parameter: X1 -> "-13.8257234"
 Parameter: X2 -> "13.3162766"
 Parameter: XNCEL -> "135"
 Parameter: Y1 -> "-13.9910845"
 Parameter: Y2 -> "13.9910845"
 Parameter: YNCEL -> "139"
 Parameter: A -> "4.2"
 Parameter: B -> "4.4"

 A TOTAL OF    62476   VACUUM POINTS WERE FOUND
 A TOTAL OF    31349 OCCUPIED POINTS WERE FOUND
 A TOTAL OF        0 EXTERNAL POINTS WERE FOUND
 A TOTAL OF    62476 SELECTED POINTS WERE FOUND
 TOTAL OCCUPIED  VOLUME =      50.752605
 TOTAL SELECTED  VOLUME =     101.145801
 TOTAL FREE      VOLUME =     101.145801
 FRACTIONAL FREE VOLUME =      66.587796
  
 CHARMM>     
  
 CHARMM>    calc c = ?volume * @factor
 Parameter: FACTOR -> "5"
 RDCMND substituted energy or value "?VOLUME" to "50.7526047"
Evaluating: 50.7526047*5
 Parameter: C <- "253.763024"
  
 CHARMM>     
  
 CHARMM>    if a .lt. -10 if a .gt. -20 if c .gt. @botarea set botarea = @c
 Parameter: BOTAREA -> "319.775893"
 Parameter: C -> "253.763024"
 Comparing "4.2" and "-10".
 IF test evaluated as false.  Skipping command
  
 CHARMM>    if a .gt.  10 if a .lt.  20 if c .gt. @toparea set toparea = @c
 Parameter: TOPAREA -> "-1"
 Parameter: C -> "253.763024"
 Comparing "4.2" and "10".
 IF test evaluated as false.  Skipping command
  
 CHARMM>     
  
 CHARMM>    write title unit 51
 RDTITL> * 4.4  253.763024
 RDTITL> *
  
 CHARMM>     
  
 CHARMM>    incr a by @dcel
 Parameter: DCEL -> "0.2"
 Parameter: A <- "4.4"
  
 CHARMM>    incr b by @dcel
 Parameter: DCEL -> "0.2"
 Parameter: B <- "4.6"
  
 CHARMM>    if b le ?ZMAX goto DOAREA
 RDCMND substituted energy or value "?ZMAX" to "14.0616092"
 Comparing "4.6" and "14.0616092".
 IF test evaluated as true.  Performing command
  
 CHARMM>     
  
 CHARMM>    ! Cross sectional protein area with whole atom.
 CHARMM>    scalar wmain = radius
  
 CHARMM>    scalar wmain mult 2.5   sele resname TIP3 end
 SELRPN>      0 atoms have been selected out of    500
  
 CHARMM>    scalar wmain add  1.529 sele .not. resname TIP3 end
 SELRPN>    500 atoms have been selected out of    500
  
 CHARMM>    scalar wmain mult 0.85  sele .not. resname TIP3 end
 SELRPN>    500 atoms have been selected out of    500
  
 CHARMM>    calc zab = ( @a + @b ) / 2.0
 Parameter: A -> "4.4"
 Parameter: B -> "4.6"
Evaluating: (4.4+4.6)/2.0
 Parameter: ZAB <- "4.5"
  
 CHARMM>     
  
 CHARMM>    coor search -
 CHARMM>         xmin @x1  xmax @x2  xgrip @xncel -
 CHARMM>         ymin @y1  ymax @y2  ygrip @yncel -
 CHARMM>         zmin @a   zmax @b   zgrip 5
 Parameter: X1 -> "-13.8257234"
 Parameter: X2 -> "13.3162766"
 Parameter: XNCEL -> "135"
 Parameter: Y1 -> "-13.9910845"
 Parameter: Y2 -> "13.9910845"
 Parameter: YNCEL -> "139"
 Parameter: A -> "4.4"
 Parameter: B -> "4.6"

 A TOTAL OF    62211   VACUUM POINTS WERE FOUND
 A TOTAL OF    31614 OCCUPIED POINTS WERE FOUND
 A TOTAL OF        0 EXTERNAL POINTS WERE FOUND
 A TOTAL OF    62211 SELECTED POINTS WERE FOUND
 TOTAL OCCUPIED  VOLUME =      51.181628
 TOTAL SELECTED  VOLUME =     100.716779
 TOTAL FREE      VOLUME =     100.716779
 FRACTIONAL FREE VOLUME =      66.305356
  
 CHARMM>     
  
 CHARMM>    calc c = ?volume * @factor
 Parameter: FACTOR -> "5"
 RDCMND substituted energy or value "?VOLUME" to "51.1816276"
Evaluating: 51.1816276*5
 Parameter: C <- "255.908138"
  
 CHARMM>     
  
 CHARMM>    if a .lt. -10 if a .gt. -20 if c .gt. @botarea set botarea = @c
 Parameter: BOTAREA -> "319.775893"
 Parameter: C -> "255.908138"
 Comparing "4.4" and "-10".
 IF test evaluated as false.  Skipping command
  
 CHARMM>    if a .gt.  10 if a .lt.  20 if c .gt. @toparea set toparea = @c
 Parameter: TOPAREA -> "-1"
 Parameter: C -> "255.908138"
 Comparing "4.4" and "10".
 IF test evaluated as false.  Skipping command
  
 CHARMM>     
  
 CHARMM>    write title unit 51
 RDTITL> * 4.6  255.908138
 RDTITL> *
  
 CHARMM>     
  
 CHARMM>    incr a by @dcel
 Parameter: DCEL -> "0.2"
 Parameter: A <- "4.6"
  
 CHARMM>    incr b by @dcel
 Parameter: DCEL -> "0.2"
 Parameter: B <- "4.8"
  
 CHARMM>    if b le ?ZMAX goto DOAREA
 RDCMND substituted energy or value "?ZMAX" to "14.0616092"
 Comparing "4.8" and "14.0616092".
 IF test evaluated as true.  Performing command
  
 CHARMM>     
  
 CHARMM>    ! Cross sectional protein area with whole atom.
 CHARMM>    scalar wmain = radius
  
 CHARMM>    scalar wmain mult 2.5   sele resname TIP3 end
 SELRPN>      0 atoms have been selected out of    500
  
 CHARMM>    scalar wmain add  1.529 sele .not. resname TIP3 end
 SELRPN>    500 atoms have been selected out of    500
  
 CHARMM>    scalar wmain mult 0.85  sele .not. resname TIP3 end
 SELRPN>    500 atoms have been selected out of    500
  
 CHARMM>    calc zab = ( @a + @b ) / 2.0
 Parameter: A -> "4.6"
 Parameter: B -> "4.8"
Evaluating: (4.6+4.8)/2.0
 Parameter: ZAB <- "4.7"
  
 CHARMM>     
  
 CHARMM>    coor search -
 CHARMM>         xmin @x1  xmax @x2  xgrip @xncel -
 CHARMM>         ymin @y1  ymax @y2  ygrip @yncel -
 CHARMM>         zmin @a   zmax @b   zgrip 5
 Parameter: X1 -> "-13.8257234"
 Parameter: X2 -> "13.3162766"
 Parameter: XNCEL -> "135"
 Parameter: Y1 -> "-13.9910845"
 Parameter: Y2 -> "13.9910845"
 Parameter: YNCEL -> "139"
 Parameter: A -> "4.6"
 Parameter: B -> "4.8"

 A TOTAL OF    61920   VACUUM POINTS WERE FOUND
 A TOTAL OF    31905 OCCUPIED POINTS WERE FOUND
 A TOTAL OF        0 EXTERNAL POINTS WERE FOUND
 A TOTAL OF    61920 SELECTED POINTS WERE FOUND
 TOTAL OCCUPIED  VOLUME =      51.652743
 TOTAL SELECTED  VOLUME =     100.245663
 TOTAL FREE      VOLUME =     100.245663
 FRACTIONAL FREE VOLUME =      65.995204
  
 CHARMM>     
  
 CHARMM>    calc c = ?volume * @factor
 Parameter: FACTOR -> "5"
 RDCMND substituted energy or value "?VOLUME" to "51.6527434"
Evaluating: 51.6527434*5
 Parameter: C <- "258.263717"
  
 CHARMM>     
  
 CHARMM>    if a .lt. -10 if a .gt. -20 if c .gt. @botarea set botarea = @c
 Parameter: BOTAREA -> "319.775893"
 Parameter: C -> "258.263717"
 Comparing "4.6" and "-10".
 IF test evaluated as false.  Skipping command
  
 CHARMM>    if a .gt.  10 if a .lt.  20 if c .gt. @toparea set toparea = @c
 Parameter: TOPAREA -> "-1"
 Parameter: C -> "258.263717"
 Comparing "4.6" and "10".
 IF test evaluated as false.  Skipping command
  
 CHARMM>     
  
 CHARMM>    write title unit 51
 RDTITL> * 4.8  258.263717
 RDTITL> *
  
 CHARMM>     
  
 CHARMM>    incr a by @dcel
 Parameter: DCEL -> "0.2"
 Parameter: A <- "4.8"
  
 CHARMM>    incr b by @dcel
 Parameter: DCEL -> "0.2"
 Parameter: B <- "5"
  
 CHARMM>    if b le ?ZMAX goto DOAREA
 RDCMND substituted energy or value "?ZMAX" to "14.0616092"
 Comparing "5" and "14.0616092".
 IF test evaluated as true.  Performing command
  
 CHARMM>     
  
 CHARMM>    ! Cross sectional protein area with whole atom.
 CHARMM>    scalar wmain = radius
  
 CHARMM>    scalar wmain mult 2.5   sele resname TIP3 end
 SELRPN>      0 atoms have been selected out of    500
  
 CHARMM>    scalar wmain add  1.529 sele .not. resname TIP3 end
 SELRPN>    500 atoms have been selected out of    500
  
 CHARMM>    scalar wmain mult 0.85  sele .not. resname TIP3 end
 SELRPN>    500 atoms have been selected out of    500
  
 CHARMM>    calc zab = ( @a + @b ) / 2.0
 Parameter: A -> "4.8"
 Parameter: B -> "5"
Evaluating: (4.8+5)/2.0
 Parameter: ZAB <- "4.9"
  
 CHARMM>     
  
 CHARMM>    coor search -
 CHARMM>         xmin @x1  xmax @x2  xgrip @xncel -
 CHARMM>         ymin @y1  ymax @y2  ygrip @yncel -
 CHARMM>         zmin @a   zmax @b   zgrip 5
 Parameter: X1 -> "-13.8257234"
 Parameter: X2 -> "13.3162766"
 Parameter: XNCEL -> "135"
 Parameter: Y1 -> "-13.9910845"
 Parameter: Y2 -> "13.9910845"
 Parameter: YNCEL -> "139"
 Parameter: A -> "4.8"
 Parameter: B -> "5"

 A TOTAL OF    61604   VACUUM POINTS WERE FOUND
 A TOTAL OF    32221 OCCUPIED POINTS WERE FOUND
 A TOTAL OF        0 EXTERNAL POINTS WERE FOUND
 A TOTAL OF    61604 SELECTED POINTS WERE FOUND
 TOTAL OCCUPIED  VOLUME =      52.164333
 TOTAL SELECTED  VOLUME =      99.734073
 TOTAL FREE      VOLUME =      99.734073
 FRACTIONAL FREE VOLUME =      65.658407
  
 CHARMM>     
  
 CHARMM>    calc c = ?volume * @factor
 Parameter: FACTOR -> "5"
 RDCMND substituted energy or value "?VOLUME" to "52.164333"
Evaluating: 52.164333*5
 Parameter: C <- "260.821665"
  
 CHARMM>     
  
 CHARMM>    if a .lt. -10 if a .gt. -20 if c .gt. @botarea set botarea = @c
 Parameter: BOTAREA -> "319.775893"
 Parameter: C -> "260.821665"
 Comparing "4.8" and "-10".
 IF test evaluated as false.  Skipping command
  
 CHARMM>    if a .gt.  10 if a .lt.  20 if c .gt. @toparea set toparea = @c
 Parameter: TOPAREA -> "-1"
 Parameter: C -> "260.821665"
 Comparing "4.8" and "10".
 IF test evaluated as false.  Skipping command
  
 CHARMM>     
  
 CHARMM>    write title unit 51
 RDTITL> * 5  260.821665
 RDTITL> *
  
 CHARMM>     
  
 CHARMM>    incr a by @dcel
 Parameter: DCEL -> "0.2"
 Parameter: A <- "5"
  
 CHARMM>    incr b by @dcel
 Parameter: DCEL -> "0.2"
 Parameter: B <- "5.2"
  
 CHARMM>    if b le ?ZMAX goto DOAREA
 RDCMND substituted energy or value "?ZMAX" to "14.0616092"
 Comparing "5.2" and "14.0616092".
 IF test evaluated as true.  Performing command
  
 CHARMM>     
  
 CHARMM>    ! Cross sectional protein area with whole atom.
 CHARMM>    scalar wmain = radius
  
 CHARMM>    scalar wmain mult 2.5   sele resname TIP3 end
 SELRPN>      0 atoms have been selected out of    500
  
 CHARMM>    scalar wmain add  1.529 sele .not. resname TIP3 end
 SELRPN>    500 atoms have been selected out of    500
  
 CHARMM>    scalar wmain mult 0.85  sele .not. resname TIP3 end
 SELRPN>    500 atoms have been selected out of    500
  
 CHARMM>    calc zab = ( @a + @b ) / 2.0
 Parameter: A -> "5"
 Parameter: B -> "5.2"
Evaluating: (5+5.2)/2.0
 Parameter: ZAB <- "5.1"
  
 CHARMM>     
  
 CHARMM>    coor search -
 CHARMM>         xmin @x1  xmax @x2  xgrip @xncel -
 CHARMM>         ymin @y1  ymax @y2  ygrip @yncel -
 CHARMM>         zmin @a   zmax @b   zgrip 5
 Parameter: X1 -> "-13.8257234"
 Parameter: X2 -> "13.3162766"
 Parameter: XNCEL -> "135"
 Parameter: Y1 -> "-13.9910845"
 Parameter: Y2 -> "13.9910845"
 Parameter: YNCEL -> "139"
 Parameter: A -> "5"
 Parameter: B -> "5.2"

 A TOTAL OF    61150   VACUUM POINTS WERE FOUND
 A TOTAL OF    32675 OCCUPIED POINTS WERE FOUND
 A TOTAL OF        0 EXTERNAL POINTS WERE FOUND
 A TOTAL OF    61150 SELECTED POINTS WERE FOUND
 TOTAL OCCUPIED  VOLUME =      52.899338
 TOTAL SELECTED  VOLUME =      98.999068
 TOTAL FREE      VOLUME =      98.999068
 FRACTIONAL FREE VOLUME =      65.174527
  
 CHARMM>     
  
 CHARMM>    calc c = ?volume * @factor
 Parameter: FACTOR -> "5"
 RDCMND substituted energy or value "?VOLUME" to "52.8993384"
Evaluating: 52.8993384*5
 Parameter: C <- "264.496692"
  
 CHARMM>     
  
 CHARMM>    if a .lt. -10 if a .gt. -20 if c .gt. @botarea set botarea = @c
 Parameter: BOTAREA -> "319.775893"
 Parameter: C -> "264.496692"
 Comparing "5" and "-10".
 IF test evaluated as false.  Skipping command
  
 CHARMM>    if a .gt.  10 if a .lt.  20 if c .gt. @toparea set toparea = @c
 Parameter: TOPAREA -> "-1"
 Parameter: C -> "264.496692"
 Comparing "5" and "10".
 IF test evaluated as false.  Skipping command
  
 CHARMM>     
  
 CHARMM>    write title unit 51
 RDTITL> * 5.2  264.496692
 RDTITL> *
  
 CHARMM>     
  
 CHARMM>    incr a by @dcel
 Parameter: DCEL -> "0.2"
 Parameter: A <- "5.2"
  
 CHARMM>    incr b by @dcel
 Parameter: DCEL -> "0.2"
 Parameter: B <- "5.4"
  
 CHARMM>    if b le ?ZMAX goto DOAREA
 RDCMND substituted energy or value "?ZMAX" to "14.0616092"
 Comparing "5.4" and "14.0616092".
 IF test evaluated as true.  Performing command
  
 CHARMM>     
  
 CHARMM>    ! Cross sectional protein area with whole atom.
 CHARMM>    scalar wmain = radius
  
 CHARMM>    scalar wmain mult 2.5   sele resname TIP3 end
 SELRPN>      0 atoms have been selected out of    500
  
 CHARMM>    scalar wmain add  1.529 sele .not. resname TIP3 end
 SELRPN>    500 atoms have been selected out of    500
  
 CHARMM>    scalar wmain mult 0.85  sele .not. resname TIP3 end
 SELRPN>    500 atoms have been selected out of    500
  
 CHARMM>    calc zab = ( @a + @b ) / 2.0
 Parameter: A -> "5.2"
 Parameter: B -> "5.4"
Evaluating: (5.2+5.4)/2.0
 Parameter: ZAB <- "5.3"
  
 CHARMM>     
  
 CHARMM>    coor search -
 CHARMM>         xmin @x1  xmax @x2  xgrip @xncel -
 CHARMM>         ymin @y1  ymax @y2  ygrip @yncel -
 CHARMM>         zmin @a   zmax @b   zgrip 5
 Parameter: X1 -> "-13.8257234"
 Parameter: X2 -> "13.3162766"
 Parameter: XNCEL -> "135"
 Parameter: Y1 -> "-13.9910845"
 Parameter: Y2 -> "13.9910845"
 Parameter: YNCEL -> "139"
 Parameter: A -> "5.2"
 Parameter: B -> "5.4"

 A TOTAL OF    60476   VACUUM POINTS WERE FOUND
 A TOTAL OF    33349 OCCUPIED POINTS WERE FOUND
 A TOTAL OF        0 EXTERNAL POINTS WERE FOUND
 A TOTAL OF    60476 SELECTED POINTS WERE FOUND
 TOTAL OCCUPIED  VOLUME =      53.990514
 TOTAL SELECTED  VOLUME =      97.907892
 TOTAL FREE      VOLUME =      97.907892
 FRACTIONAL FREE VOLUME =      64.456168
  
 CHARMM>     
  
 CHARMM>    calc c = ?volume * @factor
 Parameter: FACTOR -> "5"
 RDCMND substituted energy or value "?VOLUME" to "53.9905137"
Evaluating: 53.9905137*5
 Parameter: C <- "269.952568"
  
 CHARMM>     
  
 CHARMM>    if a .lt. -10 if a .gt. -20 if c .gt. @botarea set botarea = @c
 Parameter: BOTAREA -> "319.775893"
 Parameter: C -> "269.952568"
 Comparing "5.2" and "-10".
 IF test evaluated as false.  Skipping command
  
 CHARMM>    if a .gt.  10 if a .lt.  20 if c .gt. @toparea set toparea = @c
 Parameter: TOPAREA -> "-1"
 Parameter: C -> "269.952568"
 Comparing "5.2" and "10".
 IF test evaluated as false.  Skipping command
  
 CHARMM>     
  
 CHARMM>    write title unit 51
 RDTITL> * 5.4  269.952568
 RDTITL> *
  
 CHARMM>     
  
 CHARMM>    incr a by @dcel
 Parameter: DCEL -> "0.2"
 Parameter: A <- "5.4"
  
 CHARMM>    incr b by @dcel
 Parameter: DCEL -> "0.2"
 Parameter: B <- "5.6"
  
 CHARMM>    if b le ?ZMAX goto DOAREA
 RDCMND substituted energy or value "?ZMAX" to "14.0616092"
 Comparing "5.6" and "14.0616092".
 IF test evaluated as true.  Performing command
  
 CHARMM>     
  
 CHARMM>    ! Cross sectional protein area with whole atom.
 CHARMM>    scalar wmain = radius
  
 CHARMM>    scalar wmain mult 2.5   sele resname TIP3 end
 SELRPN>      0 atoms have been selected out of    500
  
 CHARMM>    scalar wmain add  1.529 sele .not. resname TIP3 end
 SELRPN>    500 atoms have been selected out of    500
  
 CHARMM>    scalar wmain mult 0.85  sele .not. resname TIP3 end
 SELRPN>    500 atoms have been selected out of    500
  
 CHARMM>    calc zab = ( @a + @b ) / 2.0
 Parameter: A -> "5.4"
 Parameter: B -> "5.6"
Evaluating: (5.4+5.6)/2.0
 Parameter: ZAB <- "5.5"
  
 CHARMM>     
  
 CHARMM>    coor search -
 CHARMM>         xmin @x1  xmax @x2  xgrip @xncel -
 CHARMM>         ymin @y1  ymax @y2  ygrip @yncel -
 CHARMM>         zmin @a   zmax @b   zgrip 5
 Parameter: X1 -> "-13.8257234"
 Parameter: X2 -> "13.3162766"
 Parameter: XNCEL -> "135"
 Parameter: Y1 -> "-13.9910845"
 Parameter: Y2 -> "13.9910845"
 Parameter: YNCEL -> "139"
 Parameter: A -> "5.4"
 Parameter: B -> "5.6"

 A TOTAL OF    59747   VACUUM POINTS WERE FOUND
 A TOTAL OF    34078 OCCUPIED POINTS WERE FOUND
 A TOTAL OF        0 EXTERNAL POINTS WERE FOUND
 A TOTAL OF    59747 SELECTED POINTS WERE FOUND
 TOTAL OCCUPIED  VOLUME =      55.170732
 TOTAL SELECTED  VOLUME =      96.727675
 TOTAL FREE      VOLUME =      96.727675
 FRACTIONAL FREE VOLUME =      63.679190
  
 CHARMM>     
  
 CHARMM>    calc c = ?volume * @factor
 Parameter: FACTOR -> "5"
 RDCMND substituted energy or value "?VOLUME" to "55.1707315"
Evaluating: 55.1707315*5
 Parameter: C <- "275.853657"
  
 CHARMM>     
  
 CHARMM>    if a .lt. -10 if a .gt. -20 if c .gt. @botarea set botarea = @c
 Parameter: BOTAREA -> "319.775893"
 Parameter: C -> "275.853657"
 Comparing "5.4" and "-10".
 IF test evaluated as false.  Skipping command
  
 CHARMM>    if a .gt.  10 if a .lt.  20 if c .gt. @toparea set toparea = @c
 Parameter: TOPAREA -> "-1"
 Parameter: C -> "275.853657"
 Comparing "5.4" and "10".
 IF test evaluated as false.  Skipping command
  
 CHARMM>     
  
 CHARMM>    write title unit 51
 RDTITL> * 5.6  275.853657
 RDTITL> *
  
 CHARMM>     
  
 CHARMM>    incr a by @dcel
 Parameter: DCEL -> "0.2"
 Parameter: A <- "5.6"
  
 CHARMM>    incr b by @dcel
 Parameter: DCEL -> "0.2"
 Parameter: B <- "5.8"
  
 CHARMM>    if b le ?ZMAX goto DOAREA
 RDCMND substituted energy or value "?ZMAX" to "14.0616092"
 Comparing "5.8" and "14.0616092".
 IF test evaluated as true.  Performing command
  
 CHARMM>     
  
 CHARMM>    ! Cross sectional protein area with whole atom.
 CHARMM>    scalar wmain = radius
  
 CHARMM>    scalar wmain mult 2.5   sele resname TIP3 end
 SELRPN>      0 atoms have been selected out of    500
  
 CHARMM>    scalar wmain add  1.529 sele .not. resname TIP3 end
 SELRPN>    500 atoms have been selected out of    500
  
 CHARMM>    scalar wmain mult 0.85  sele .not. resname TIP3 end
 SELRPN>    500 atoms have been selected out of    500
  
 CHARMM>    calc zab = ( @a + @b ) / 2.0
 Parameter: A -> "5.6"
 Parameter: B -> "5.8"
Evaluating: (5.6+5.8)/2.0
 Parameter: ZAB <- "5.7"
  
 CHARMM>     
  
 CHARMM>    coor search -
 CHARMM>         xmin @x1  xmax @x2  xgrip @xncel -
 CHARMM>         ymin @y1  ymax @y2  ygrip @yncel -
 CHARMM>         zmin @a   zmax @b   zgrip 5
 Parameter: X1 -> "-13.8257234"
 Parameter: X2 -> "13.3162766"
 Parameter: XNCEL -> "135"
 Parameter: Y1 -> "-13.9910845"
 Parameter: Y2 -> "13.9910845"
 Parameter: YNCEL -> "139"
 Parameter: A -> "5.6"
 Parameter: B -> "5.8"

 A TOTAL OF    59054   VACUUM POINTS WERE FOUND
 A TOTAL OF    34771 OCCUPIED POINTS WERE FOUND
 A TOTAL OF        0 EXTERNAL POINTS WERE FOUND
 A TOTAL OF    59054 SELECTED POINTS WERE FOUND
 TOTAL OCCUPIED  VOLUME =      56.292667
 TOTAL SELECTED  VOLUME =      95.605739
 TOTAL FREE      VOLUME =      95.605739
 FRACTIONAL FREE VOLUME =      62.940581
  
 CHARMM>     
  
 CHARMM>    calc c = ?volume * @factor
 Parameter: FACTOR -> "5"
 RDCMND substituted energy or value "?VOLUME" to "56.292667"
Evaluating: 56.292667*5
 Parameter: C <- "281.463335"
  
 CHARMM>     
  
 CHARMM>    if a .lt. -10 if a .gt. -20 if c .gt. @botarea set botarea = @c
 Parameter: BOTAREA -> "319.775893"
 Parameter: C -> "281.463335"
 Comparing "5.6" and "-10".
 IF test evaluated as false.  Skipping command
  
 CHARMM>    if a .gt.  10 if a .lt.  20 if c .gt. @toparea set toparea = @c
 Parameter: TOPAREA -> "-1"
 Parameter: C -> "281.463335"
 Comparing "5.6" and "10".
 IF test evaluated as false.  Skipping command
  
 CHARMM>     
  
 CHARMM>    write title unit 51
 RDTITL> * 5.8  281.463335
 RDTITL> *
  
 CHARMM>     
  
 CHARMM>    incr a by @dcel
 Parameter: DCEL -> "0.2"
 Parameter: A <- "5.8"
  
 CHARMM>    incr b by @dcel
 Parameter: DCEL -> "0.2"
 Parameter: B <- "6"
  
 CHARMM>    if b le ?ZMAX goto DOAREA
 RDCMND substituted energy or value "?ZMAX" to "14.0616092"
 Comparing "6" and "14.0616092".
 IF test evaluated as true.  Performing command
  
 CHARMM>     
  
 CHARMM>    ! Cross sectional protein area with whole atom.
 CHARMM>    scalar wmain = radius
  
 CHARMM>    scalar wmain mult 2.5   sele resname TIP3 end
 SELRPN>      0 atoms have been selected out of    500
  
 CHARMM>    scalar wmain add  1.529 sele .not. resname TIP3 end
 SELRPN>    500 atoms have been selected out of    500
  
 CHARMM>    scalar wmain mult 0.85  sele .not. resname TIP3 end
 SELRPN>    500 atoms have been selected out of    500
  
 CHARMM>    calc zab = ( @a + @b ) / 2.0
 Parameter: A -> "5.8"
 Parameter: B -> "6"
Evaluating: (5.8+6)/2.0
 Parameter: ZAB <- "5.9"
  
 CHARMM>     
  
 CHARMM>    coor search -
 CHARMM>         xmin @x1  xmax @x2  xgrip @xncel -
 CHARMM>         ymin @y1  ymax @y2  ygrip @yncel -
 CHARMM>         zmin @a   zmax @b   zgrip 5
 Parameter: X1 -> "-13.8257234"
 Parameter: X2 -> "13.3162766"
 Parameter: XNCEL -> "135"
 Parameter: Y1 -> "-13.9910845"
 Parameter: Y2 -> "13.9910845"
 Parameter: YNCEL -> "139"
 Parameter: A -> "5.8"
 Parameter: B -> "6"

 A TOTAL OF    58516   VACUUM POINTS WERE FOUND
 A TOTAL OF    35309 OCCUPIED POINTS WERE FOUND
 A TOTAL OF        0 EXTERNAL POINTS WERE FOUND
 A TOTAL OF    58516 SELECTED POINTS WERE FOUND
 TOTAL OCCUPIED  VOLUME =      57.163665
 TOTAL SELECTED  VOLUME =      94.734742
 TOTAL FREE      VOLUME =      94.734742
 FRACTIONAL FREE VOLUME =      62.367173
  
 CHARMM>     
  
 CHARMM>    calc c = ?volume * @factor
 Parameter: FACTOR -> "5"
 RDCMND substituted energy or value "?VOLUME" to "57.1636645"
Evaluating: 57.1636645*5
 Parameter: C <- "285.818323"
  
 CHARMM>     
  
 CHARMM>    if a .lt. -10 if a .gt. -20 if c .gt. @botarea set botarea = @c
 Parameter: BOTAREA -> "319.775893"
 Parameter: C -> "285.818323"
 Comparing "5.8" and "-10".
 IF test evaluated as false.  Skipping command
  
 CHARMM>    if a .gt.  10 if a .lt.  20 if c .gt. @toparea set toparea = @c
 Parameter: TOPAREA -> "-1"
 Parameter: C -> "285.818323"
 Comparing "5.8" and "10".
 IF test evaluated as false.  Skipping command
  
 CHARMM>     
  
 CHARMM>    write title unit 51
 RDTITL> * 6  285.818323
 RDTITL> *
  
 CHARMM>     
  
 CHARMM>    incr a by @dcel
 Parameter: DCEL -> "0.2"
 Parameter: A <- "6"
  
 CHARMM>    incr b by @dcel
 Parameter: DCEL -> "0.2"
 Parameter: B <- "6.2"
  
 CHARMM>    if b le ?ZMAX goto DOAREA
 RDCMND substituted energy or value "?ZMAX" to "14.0616092"
 Comparing "6.2" and "14.0616092".
 IF test evaluated as true.  Performing command
  
 CHARMM>     
  
 CHARMM>    ! Cross sectional protein area with whole atom.
 CHARMM>    scalar wmain = radius
  
 CHARMM>    scalar wmain mult 2.5   sele resname TIP3 end
 SELRPN>      0 atoms have been selected out of    500
  
 CHARMM>    scalar wmain add  1.529 sele .not. resname TIP3 end
 SELRPN>    500 atoms have been selected out of    500
  
 CHARMM>    scalar wmain mult 0.85  sele .not. resname TIP3 end
 SELRPN>    500 atoms have been selected out of    500
  
 CHARMM>    calc zab = ( @a + @b ) / 2.0
 Parameter: A -> "6"
 Parameter: B -> "6.2"
Evaluating: (6+6.2)/2.0
 Parameter: ZAB <- "6.1"
  
 CHARMM>     
  
 CHARMM>    coor search -
 CHARMM>         xmin @x1  xmax @x2  xgrip @xncel -
 CHARMM>         ymin @y1  ymax @y2  ygrip @yncel -
 CHARMM>         zmin @a   zmax @b   zgrip 5
 Parameter: X1 -> "-13.8257234"
 Parameter: X2 -> "13.3162766"
 Parameter: XNCEL -> "135"
 Parameter: Y1 -> "-13.9910845"
 Parameter: Y2 -> "13.9910845"
 Parameter: YNCEL -> "139"
 Parameter: A -> "6"
 Parameter: B -> "6.2"

 A TOTAL OF    58071   VACUUM POINTS WERE FOUND
 A TOTAL OF    35754 OCCUPIED POINTS WERE FOUND
 A TOTAL OF        0 EXTERNAL POINTS WERE FOUND
 A TOTAL OF    58071 SELECTED POINTS WERE FOUND
 TOTAL OCCUPIED  VOLUME =      57.884099
 TOTAL SELECTED  VOLUME =      94.014307
 TOTAL FREE      VOLUME =      94.014307
 FRACTIONAL FREE VOLUME =      61.892886
  
 CHARMM>     
  
 CHARMM>    calc c = ?volume * @factor
 Parameter: FACTOR -> "5"
 RDCMND substituted energy or value "?VOLUME" to "57.8840993"
Evaluating: 57.8840993*5
 Parameter: C <- "289.420497"
  
 CHARMM>     
  
 CHARMM>    if a .lt. -10 if a .gt. -20 if c .gt. @botarea set botarea = @c
 Parameter: BOTAREA -> "319.775893"
 Parameter: C -> "289.420497"
 Comparing "6" and "-10".
 IF test evaluated as false.  Skipping command
  
 CHARMM>    if a .gt.  10 if a .lt.  20 if c .gt. @toparea set toparea = @c
 Parameter: TOPAREA -> "-1"
 Parameter: C -> "289.420497"
 Comparing "6" and "10".
 IF test evaluated as false.  Skipping command
  
 CHARMM>     
  
 CHARMM>    write title unit 51
 RDTITL> * 6.2  289.420497
 RDTITL> *
  
 CHARMM>     
  
 CHARMM>    incr a by @dcel
 Parameter: DCEL -> "0.2"
 Parameter: A <- "6.2"
  
 CHARMM>    incr b by @dcel
 Parameter: DCEL -> "0.2"
 Parameter: B <- "6.4"
  
 CHARMM>    if b le ?ZMAX goto DOAREA
 RDCMND substituted energy or value "?ZMAX" to "14.0616092"
 Comparing "6.4" and "14.0616092".
 IF test evaluated as true.  Performing command
  
 CHARMM>     
  
 CHARMM>    ! Cross sectional protein area with whole atom.
 CHARMM>    scalar wmain = radius
  
 CHARMM>    scalar wmain mult 2.5   sele resname TIP3 end
 SELRPN>      0 atoms have been selected out of    500
  
 CHARMM>    scalar wmain add  1.529 sele .not. resname TIP3 end
 SELRPN>    500 atoms have been selected out of    500
  
 CHARMM>    scalar wmain mult 0.85  sele .not. resname TIP3 end
 SELRPN>    500 atoms have been selected out of    500
  
 CHARMM>    calc zab = ( @a + @b ) / 2.0
 Parameter: A -> "6.2"
 Parameter: B -> "6.4"
Evaluating: (6.2+6.4)/2.0
 Parameter: ZAB <- "6.3"
  
 CHARMM>     
  
 CHARMM>    coor search -
 CHARMM>         xmin @x1  xmax @x2  xgrip @xncel -
 CHARMM>         ymin @y1  ymax @y2  ygrip @yncel -
 CHARMM>         zmin @a   zmax @b   zgrip 5
 Parameter: X1 -> "-13.8257234"
 Parameter: X2 -> "13.3162766"
 Parameter: XNCEL -> "135"
 Parameter: Y1 -> "-13.9910845"
 Parameter: Y2 -> "13.9910845"
 Parameter: YNCEL -> "139"
 Parameter: A -> "6.2"
 Parameter: B -> "6.4"

 A TOTAL OF    57780   VACUUM POINTS WERE FOUND
 A TOTAL OF    36045 OCCUPIED POINTS WERE FOUND
 A TOTAL OF        0 EXTERNAL POINTS WERE FOUND
 A TOTAL OF    57780 SELECTED POINTS WERE FOUND
 TOTAL OCCUPIED  VOLUME =      58.355215
 TOTAL SELECTED  VOLUME =      93.543191
 TOTAL FREE      VOLUME =      93.543191
 FRACTIONAL FREE VOLUME =      61.582734
  
 CHARMM>     
  
 CHARMM>    calc c = ?volume * @factor
 Parameter: FACTOR -> "5"
 RDCMND substituted energy or value "?VOLUME" to "58.355215"
Evaluating: 58.355215*5
 Parameter: C <- "291.776075"
  
 CHARMM>     
  
 CHARMM>    if a .lt. -10 if a .gt. -20 if c .gt. @botarea set botarea = @c
 Parameter: BOTAREA -> "319.775893"
 Parameter: C -> "291.776075"
 Comparing "6.2" and "-10".
 IF test evaluated as false.  Skipping command
  
 CHARMM>    if a .gt.  10 if a .lt.  20 if c .gt. @toparea set toparea = @c
 Parameter: TOPAREA -> "-1"
 Parameter: C -> "291.776075"
 Comparing "6.2" and "10".
 IF test evaluated as false.  Skipping command
  
 CHARMM>     
  
 CHARMM>    write title unit 51
 RDTITL> * 6.4  291.776075
 RDTITL> *
  
 CHARMM>     
  
 CHARMM>    incr a by @dcel
 Parameter: DCEL -> "0.2"
 Parameter: A <- "6.4"
  
 CHARMM>    incr b by @dcel
 Parameter: DCEL -> "0.2"
 Parameter: B <- "6.6"
  
 CHARMM>    if b le ?ZMAX goto DOAREA
 RDCMND substituted energy or value "?ZMAX" to "14.0616092"
 Comparing "6.6" and "14.0616092".
 IF test evaluated as true.  Performing command
  
 CHARMM>     
  
 CHARMM>    ! Cross sectional protein area with whole atom.
 CHARMM>    scalar wmain = radius
  
 CHARMM>    scalar wmain mult 2.5   sele resname TIP3 end
 SELRPN>      0 atoms have been selected out of    500
  
 CHARMM>    scalar wmain add  1.529 sele .not. resname TIP3 end
 SELRPN>    500 atoms have been selected out of    500
  
 CHARMM>    scalar wmain mult 0.85  sele .not. resname TIP3 end
 SELRPN>    500 atoms have been selected out of    500
  
 CHARMM>    calc zab = ( @a + @b ) / 2.0
 Parameter: A -> "6.4"
 Parameter: B -> "6.6"
Evaluating: (6.4+6.6)/2.0
 Parameter: ZAB <- "6.5"
  
 CHARMM>     
  
 CHARMM>    coor search -
 CHARMM>         xmin @x1  xmax @x2  xgrip @xncel -
 CHARMM>         ymin @y1  ymax @y2  ygrip @yncel -
 CHARMM>         zmin @a   zmax @b   zgrip 5
 Parameter: X1 -> "-13.8257234"
 Parameter: X2 -> "13.3162766"
 Parameter: XNCEL -> "135"
 Parameter: Y1 -> "-13.9910845"
 Parameter: Y2 -> "13.9910845"
 Parameter: YNCEL -> "139"
 Parameter: A -> "6.4"
 Parameter: B -> "6.6"

 A TOTAL OF    57496   VACUUM POINTS WERE FOUND
 A TOTAL OF    36329 OCCUPIED POINTS WERE FOUND
 A TOTAL OF        0 EXTERNAL POINTS WERE FOUND
 A TOTAL OF    57496 SELECTED POINTS WERE FOUND
 TOTAL OCCUPIED  VOLUME =      58.814998
 TOTAL SELECTED  VOLUME =      93.083408
 TOTAL FREE      VOLUME =      93.083408
 FRACTIONAL FREE VOLUME =      61.280043
  
 CHARMM>     
  
 CHARMM>    calc c = ?volume * @factor
 Parameter: FACTOR -> "5"
 RDCMND substituted energy or value "?VOLUME" to "58.8149981"
Evaluating: 58.8149981*5
 Parameter: C <- "294.074991"
  
 CHARMM>     
  
 CHARMM>    if a .lt. -10 if a .gt. -20 if c .gt. @botarea set botarea = @c
 Parameter: BOTAREA -> "319.775893"
 Parameter: C -> "294.074991"
 Comparing "6.4" and "-10".
 IF test evaluated as false.  Skipping command
  
 CHARMM>    if a .gt.  10 if a .lt.  20 if c .gt. @toparea set toparea = @c
 Parameter: TOPAREA -> "-1"
 Parameter: C -> "294.074991"
 Comparing "6.4" and "10".
 IF test evaluated as false.  Skipping command
  
 CHARMM>     
  
 CHARMM>    write title unit 51
 RDTITL> * 6.6  294.074991
 RDTITL> *
  
 CHARMM>     
  
 CHARMM>    incr a by @dcel
 Parameter: DCEL -> "0.2"
 Parameter: A <- "6.6"
  
 CHARMM>    incr b by @dcel
 Parameter: DCEL -> "0.2"
 Parameter: B <- "6.8"
  
 CHARMM>    if b le ?ZMAX goto DOAREA
 RDCMND substituted energy or value "?ZMAX" to "14.0616092"
 Comparing "6.8" and "14.0616092".
 IF test evaluated as true.  Performing command
  
 CHARMM>     
  
 CHARMM>    ! Cross sectional protein area with whole atom.
 CHARMM>    scalar wmain = radius
  
 CHARMM>    scalar wmain mult 2.5   sele resname TIP3 end
 SELRPN>      0 atoms have been selected out of    500
  
 CHARMM>    scalar wmain add  1.529 sele .not. resname TIP3 end
 SELRPN>    500 atoms have been selected out of    500
  
 CHARMM>    scalar wmain mult 0.85  sele .not. resname TIP3 end
 SELRPN>    500 atoms have been selected out of    500
  
 CHARMM>    calc zab = ( @a + @b ) / 2.0
 Parameter: A -> "6.6"
 Parameter: B -> "6.8"
Evaluating: (6.6+6.8)/2.0
 Parameter: ZAB <- "6.7"
  
 CHARMM>     
  
 CHARMM>    coor search -
 CHARMM>         xmin @x1  xmax @x2  xgrip @xncel -
 CHARMM>         ymin @y1  ymax @y2  ygrip @yncel -
 CHARMM>         zmin @a   zmax @b   zgrip 5
 Parameter: X1 -> "-13.8257234"
 Parameter: X2 -> "13.3162766"
 Parameter: XNCEL -> "135"
 Parameter: Y1 -> "-13.9910845"
 Parameter: Y2 -> "13.9910845"
 Parameter: YNCEL -> "139"
 Parameter: A -> "6.6"
 Parameter: B -> "6.8"

 A TOTAL OF    57124   VACUUM POINTS WERE FOUND
 A TOTAL OF    36701 OCCUPIED POINTS WERE FOUND
 A TOTAL OF        0 EXTERNAL POINTS WERE FOUND
 A TOTAL OF    57124 SELECTED POINTS WERE FOUND
 TOTAL OCCUPIED  VOLUME =      59.417249
 TOTAL SELECTED  VOLUME =      92.481157
 TOTAL FREE      VOLUME =      92.481157
 FRACTIONAL FREE VOLUME =      60.883560
  
 CHARMM>     
  
 CHARMM>    calc c = ?volume * @factor
 Parameter: FACTOR -> "5"
 RDCMND substituted energy or value "?VOLUME" to "59.4172492"
Evaluating: 59.4172492*5
 Parameter: C <- "297.086246"
  
 CHARMM>     
  
 CHARMM>    if a .lt. -10 if a .gt. -20 if c .gt. @botarea set botarea = @c
 Parameter: BOTAREA -> "319.775893"
 Parameter: C -> "297.086246"
 Comparing "6.6" and "-10".
 IF test evaluated as false.  Skipping command
  
 CHARMM>    if a .gt.  10 if a .lt.  20 if c .gt. @toparea set toparea = @c
 Parameter: TOPAREA -> "-1"
 Parameter: C -> "297.086246"
 Comparing "6.6" and "10".
 IF test evaluated as false.  Skipping command
  
 CHARMM>     
  
 CHARMM>    write title unit 51
 RDTITL> * 6.8  297.086246
 RDTITL> *
  
 CHARMM>     
  
 CHARMM>    incr a by @dcel
 Parameter: DCEL -> "0.2"
 Parameter: A <- "6.8"
  
 CHARMM>    incr b by @dcel
 Parameter: DCEL -> "0.2"
 Parameter: B <- "7"
  
 CHARMM>    if b le ?ZMAX goto DOAREA
 RDCMND substituted energy or value "?ZMAX" to "14.0616092"
 Comparing "7" and "14.0616092".
 IF test evaluated as true.  Performing command
  
 CHARMM>     
  
 CHARMM>    ! Cross sectional protein area with whole atom.
 CHARMM>    scalar wmain = radius
  
 CHARMM>    scalar wmain mult 2.5   sele resname TIP3 end
 SELRPN>      0 atoms have been selected out of    500
  
 CHARMM>    scalar wmain add  1.529 sele .not. resname TIP3 end
 SELRPN>    500 atoms have been selected out of    500
  
 CHARMM>    scalar wmain mult 0.85  sele .not. resname TIP3 end
 SELRPN>    500 atoms have been selected out of    500
  
 CHARMM>    calc zab = ( @a + @b ) / 2.0
 Parameter: A -> "6.8"
 Parameter: B -> "7"
Evaluating: (6.8+7)/2.0
 Parameter: ZAB <- "6.9"
  
 CHARMM>     
  
 CHARMM>    coor search -
 CHARMM>         xmin @x1  xmax @x2  xgrip @xncel -
 CHARMM>         ymin @y1  ymax @y2  ygrip @yncel -
 CHARMM>         zmin @a   zmax @b   zgrip 5
 Parameter: X1 -> "-13.8257234"
 Parameter: X2 -> "13.3162766"
 Parameter: XNCEL -> "135"
 Parameter: Y1 -> "-13.9910845"
 Parameter: Y2 -> "13.9910845"
 Parameter: YNCEL -> "139"
 Parameter: A -> "6.8"
 Parameter: B -> "7"

 A TOTAL OF    56643   VACUUM POINTS WERE FOUND
 A TOTAL OF    37182 OCCUPIED POINTS WERE FOUND
 A TOTAL OF        0 EXTERNAL POINTS WERE FOUND
 A TOTAL OF    56643 SELECTED POINTS WERE FOUND
 TOTAL OCCUPIED  VOLUME =      60.195966
 TOTAL SELECTED  VOLUME =      91.702440
 TOTAL FREE      VOLUME =      91.702440
 FRACTIONAL FREE VOLUME =      60.370903
  
 CHARMM>     
  
 CHARMM>    calc c = ?volume * @factor
 Parameter: FACTOR -> "5"
 RDCMND substituted energy or value "?VOLUME" to "60.1959663"
Evaluating: 60.1959663*5
 Parameter: C <- "300.979831"
  
 CHARMM>     
  
 CHARMM>    if a .lt. -10 if a .gt. -20 if c .gt. @botarea set botarea = @c
 Parameter: BOTAREA -> "319.775893"
 Parameter: C -> "300.979831"
 Comparing "6.8" and "-10".
 IF test evaluated as false.  Skipping command
  
 CHARMM>    if a .gt.  10 if a .lt.  20 if c .gt. @toparea set toparea = @c
 Parameter: TOPAREA -> "-1"
 Parameter: C -> "300.979831"
 Comparing "6.8" and "10".
 IF test evaluated as false.  Skipping command
  
 CHARMM>     
  
 CHARMM>    write title unit 51
 RDTITL> * 7  300.979831
 RDTITL> *
  
 CHARMM>     
  
 CHARMM>    incr a by @dcel
 Parameter: DCEL -> "0.2"
 Parameter: A <- "7"
  
 CHARMM>    incr b by @dcel
 Parameter: DCEL -> "0.2"
 Parameter: B <- "7.2"
  
 CHARMM>    if b le ?ZMAX goto DOAREA
 RDCMND substituted energy or value "?ZMAX" to "14.0616092"
 Comparing "7.2" and "14.0616092".
 IF test evaluated as true.  Performing command
  
 CHARMM>     
  
 CHARMM>    ! Cross sectional protein area with whole atom.
 CHARMM>    scalar wmain = radius
  
 CHARMM>    scalar wmain mult 2.5   sele resname TIP3 end
 SELRPN>      0 atoms have been selected out of    500
  
 CHARMM>    scalar wmain add  1.529 sele .not. resname TIP3 end
 SELRPN>    500 atoms have been selected out of    500
  
 CHARMM>    scalar wmain mult 0.85  sele .not. resname TIP3 end
 SELRPN>    500 atoms have been selected out of    500
  
 CHARMM>    calc zab = ( @a + @b ) / 2.0
 Parameter: A -> "7"
 Parameter: B -> "7.2"
Evaluating: (7+7.2)/2.0
 Parameter: ZAB <- "7.1"
  
 CHARMM>     
  
 CHARMM>    coor search -
 CHARMM>         xmin @x1  xmax @x2  xgrip @xncel -
 CHARMM>         ymin @y1  ymax @y2  ygrip @yncel -
 CHARMM>         zmin @a   zmax @b   zgrip 5
 Parameter: X1 -> "-13.8257234"
 Parameter: X2 -> "13.3162766"
 Parameter: XNCEL -> "135"
 Parameter: Y1 -> "-13.9910845"
 Parameter: Y2 -> "13.9910845"
 Parameter: YNCEL -> "139"
 Parameter: A -> "7"
 Parameter: B -> "7.2"

 A TOTAL OF    56272   VACUUM POINTS WERE FOUND
 A TOTAL OF    37553 OCCUPIED POINTS WERE FOUND
 A TOTAL OF        0 EXTERNAL POINTS WERE FOUND
 A TOTAL OF    56272 SELECTED POINTS WERE FOUND
 TOTAL OCCUPIED  VOLUME =      60.796598
 TOTAL SELECTED  VOLUME =      91.101808
 TOTAL FREE      VOLUME =      91.101808
 FRACTIONAL FREE VOLUME =      59.975486
  
 CHARMM>     
  
 CHARMM>    calc c = ?volume * @factor
 Parameter: FACTOR -> "5"
 RDCMND substituted energy or value "?VOLUME" to "60.7965984"
Evaluating: 60.7965984*5
 Parameter: C <- "303.982992"
  
 CHARMM>     
  
 CHARMM>    if a .lt. -10 if a .gt. -20 if c .gt. @botarea set botarea = @c
 Parameter: BOTAREA -> "319.775893"
 Parameter: C -> "303.982992"
 Comparing "7" and "-10".
 IF test evaluated as false.  Skipping command
  
 CHARMM>    if a .gt.  10 if a .lt.  20 if c .gt. @toparea set toparea = @c
 Parameter: TOPAREA -> "-1"
 Parameter: C -> "303.982992"
 Comparing "7" and "10".
 IF test evaluated as false.  Skipping command
  
 CHARMM>     
  
 CHARMM>    write title unit 51
 RDTITL> * 7.2  303.982992
 RDTITL> *
  
 CHARMM>     
  
 CHARMM>    incr a by @dcel
 Parameter: DCEL -> "0.2"
 Parameter: A <- "7.2"
  
 CHARMM>    incr b by @dcel
 Parameter: DCEL -> "0.2"
 Parameter: B <- "7.4"
  
 CHARMM>    if b le ?ZMAX goto DOAREA
 RDCMND substituted energy or value "?ZMAX" to "14.0616092"
 Comparing "7.4" and "14.0616092".
 IF test evaluated as true.  Performing command
  
 CHARMM>     
  
 CHARMM>    ! Cross sectional protein area with whole atom.
 CHARMM>    scalar wmain = radius
  
 CHARMM>    scalar wmain mult 2.5   sele resname TIP3 end
 SELRPN>      0 atoms have been selected out of    500
  
 CHARMM>    scalar wmain add  1.529 sele .not. resname TIP3 end
 SELRPN>    500 atoms have been selected out of    500
  
 CHARMM>    scalar wmain mult 0.85  sele .not. resname TIP3 end
 SELRPN>    500 atoms have been selected out of    500
  
 CHARMM>    calc zab = ( @a + @b ) / 2.0
 Parameter: A -> "7.2"
 Parameter: B -> "7.4"
Evaluating: (7.2+7.4)/2.0
 Parameter: ZAB <- "7.3"
  
 CHARMM>     
  
 CHARMM>    coor search -
 CHARMM>         xmin @x1  xmax @x2  xgrip @xncel -
 CHARMM>         ymin @y1  ymax @y2  ygrip @yncel -
 CHARMM>         zmin @a   zmax @b   zgrip 5
 Parameter: X1 -> "-13.8257234"
 Parameter: X2 -> "13.3162766"
 Parameter: XNCEL -> "135"
 Parameter: Y1 -> "-13.9910845"
 Parameter: Y2 -> "13.9910845"
 Parameter: YNCEL -> "139"
 Parameter: A -> "7.2"
 Parameter: B -> "7.4"

 A TOTAL OF    56056   VACUUM POINTS WERE FOUND
 A TOTAL OF    37769 OCCUPIED POINTS WERE FOUND
 A TOTAL OF        0 EXTERNAL POINTS WERE FOUND
 A TOTAL OF    56056 SELECTED POINTS WERE FOUND
 TOTAL OCCUPIED  VOLUME =      61.146293
 TOTAL SELECTED  VOLUME =      90.752114
 TOTAL FREE      VOLUME =      90.752114
 FRACTIONAL FREE VOLUME =      59.745270
  
 CHARMM>     
  
 CHARMM>    calc c = ?volume * @factor
 Parameter: FACTOR -> "5"
 RDCMND substituted energy or value "?VOLUME" to "61.1462926"
Evaluating: 61.1462926*5
 Parameter: C <- "305.731463"
  
 CHARMM>     
  
 CHARMM>    if a .lt. -10 if a .gt. -20 if c .gt. @botarea set botarea = @c
 Parameter: BOTAREA -> "319.775893"
 Parameter: C -> "305.731463"
 Comparing "7.2" and "-10".
 IF test evaluated as false.  Skipping command
  
 CHARMM>    if a .gt.  10 if a .lt.  20 if c .gt. @toparea set toparea = @c
 Parameter: TOPAREA -> "-1"
 Parameter: C -> "305.731463"
 Comparing "7.2" and "10".
 IF test evaluated as false.  Skipping command
  
 CHARMM>     
  
 CHARMM>    write title unit 51
 RDTITL> * 7.4  305.731463
 RDTITL> *
  
 CHARMM>     
  
 CHARMM>    incr a by @dcel
 Parameter: DCEL -> "0.2"
 Parameter: A <- "7.4"
  
 CHARMM>    incr b by @dcel
 Parameter: DCEL -> "0.2"
 Parameter: B <- "7.6"
  
 CHARMM>    if b le ?ZMAX goto DOAREA
 RDCMND substituted energy or value "?ZMAX" to "14.0616092"
 Comparing "7.6" and "14.0616092".
 IF test evaluated as true.  Performing command
  
 CHARMM>     
  
 CHARMM>    ! Cross sectional protein area with whole atom.
 CHARMM>    scalar wmain = radius
  
 CHARMM>    scalar wmain mult 2.5   sele resname TIP3 end
 SELRPN>      0 atoms have been selected out of    500
  
 CHARMM>    scalar wmain add  1.529 sele .not. resname TIP3 end
 SELRPN>    500 atoms have been selected out of    500
  
 CHARMM>    scalar wmain mult 0.85  sele .not. resname TIP3 end
 SELRPN>    500 atoms have been selected out of    500
  
 CHARMM>    calc zab = ( @a + @b ) / 2.0
 Parameter: A -> "7.4"
 Parameter: B -> "7.6"
Evaluating: (7.4+7.6)/2.0
 Parameter: ZAB <- "7.5"
  
 CHARMM>     
  
 CHARMM>    coor search -
 CHARMM>         xmin @x1  xmax @x2  xgrip @xncel -
 CHARMM>         ymin @y1  ymax @y2  ygrip @yncel -
 CHARMM>         zmin @a   zmax @b   zgrip 5
 Parameter: X1 -> "-13.8257234"
 Parameter: X2 -> "13.3162766"
 Parameter: XNCEL -> "135"
 Parameter: Y1 -> "-13.9910845"
 Parameter: Y2 -> "13.9910845"
 Parameter: YNCEL -> "139"
 Parameter: A -> "7.4"
 Parameter: B -> "7.6"

 A TOTAL OF    55767   VACUUM POINTS WERE FOUND
 A TOTAL OF    38058 OCCUPIED POINTS WERE FOUND
 A TOTAL OF        0 EXTERNAL POINTS WERE FOUND
 A TOTAL OF    55767 SELECTED POINTS WERE FOUND
 TOTAL OCCUPIED  VOLUME =      61.614170
 TOTAL SELECTED  VOLUME =      90.284236
 TOTAL FREE      VOLUME =      90.284236
 FRACTIONAL FREE VOLUME =      59.437250
  
 CHARMM>     
  
 CHARMM>    calc c = ?volume * @factor
 Parameter: FACTOR -> "5"
 RDCMND substituted energy or value "?VOLUME" to "61.6141705"
Evaluating: 61.6141705*5
 Parameter: C <- "308.070853"
  
 CHARMM>     
  
 CHARMM>    if a .lt. -10 if a .gt. -20 if c .gt. @botarea set botarea = @c
 Parameter: BOTAREA -> "319.775893"
 Parameter: C -> "308.070853"
 Comparing "7.4" and "-10".
 IF test evaluated as false.  Skipping command
  
 CHARMM>    if a .gt.  10 if a .lt.  20 if c .gt. @toparea set toparea = @c
 Parameter: TOPAREA -> "-1"
 Parameter: C -> "308.070853"
 Comparing "7.4" and "10".
 IF test evaluated as false.  Skipping command
  
 CHARMM>     
  
 CHARMM>    write title unit 51
 RDTITL> * 7.6  308.070853
 RDTITL> *
  
 CHARMM>     
  
 CHARMM>    incr a by @dcel
 Parameter: DCEL -> "0.2"
 Parameter: A <- "7.6"
  
 CHARMM>    incr b by @dcel
 Parameter: DCEL -> "0.2"
 Parameter: B <- "7.8"
  
 CHARMM>    if b le ?ZMAX goto DOAREA
 RDCMND substituted energy or value "?ZMAX" to "14.0616092"
 Comparing "7.8" and "14.0616092".
 IF test evaluated as true.  Performing command
  
 CHARMM>     
  
 CHARMM>    ! Cross sectional protein area with whole atom.
 CHARMM>    scalar wmain = radius
  
 CHARMM>    scalar wmain mult 2.5   sele resname TIP3 end
 SELRPN>      0 atoms have been selected out of    500
  
 CHARMM>    scalar wmain add  1.529 sele .not. resname TIP3 end
 SELRPN>    500 atoms have been selected out of    500
  
 CHARMM>    scalar wmain mult 0.85  sele .not. resname TIP3 end
 SELRPN>    500 atoms have been selected out of    500
  
 CHARMM>    calc zab = ( @a + @b ) / 2.0
 Parameter: A -> "7.6"
 Parameter: B -> "7.8"
Evaluating: (7.6+7.8)/2.0
 Parameter: ZAB <- "7.7"
  
 CHARMM>     
  
 CHARMM>    coor search -
 CHARMM>         xmin @x1  xmax @x2  xgrip @xncel -
 CHARMM>         ymin @y1  ymax @y2  ygrip @yncel -
 CHARMM>         zmin @a   zmax @b   zgrip 5
 Parameter: X1 -> "-13.8257234"
 Parameter: X2 -> "13.3162766"
 Parameter: XNCEL -> "135"
 Parameter: Y1 -> "-13.9910845"
 Parameter: Y2 -> "13.9910845"
 Parameter: YNCEL -> "139"
 Parameter: A -> "7.6"
 Parameter: B -> "7.8"

 A TOTAL OF    55304   VACUUM POINTS WERE FOUND
 A TOTAL OF    38521 OCCUPIED POINTS WERE FOUND
 A TOTAL OF        0 EXTERNAL POINTS WERE FOUND
 A TOTAL OF    55304 SELECTED POINTS WERE FOUND
 TOTAL OCCUPIED  VOLUME =      62.363746
 TOTAL SELECTED  VOLUME =      89.534660
 TOTAL FREE      VOLUME =      89.534660
 FRACTIONAL FREE VOLUME =      58.943778
  
 CHARMM>     
  
 CHARMM>    calc c = ?volume * @factor
 Parameter: FACTOR -> "5"
 RDCMND substituted energy or value "?VOLUME" to "62.3637464"
Evaluating: 62.3637464*5
 Parameter: C <- "311.818732"
  
 CHARMM>     
  
 CHARMM>    if a .lt. -10 if a .gt. -20 if c .gt. @botarea set botarea = @c
 Parameter: BOTAREA -> "319.775893"
 Parameter: C -> "311.818732"
 Comparing "7.6" and "-10".
 IF test evaluated as false.  Skipping command
  
 CHARMM>    if a .gt.  10 if a .lt.  20 if c .gt. @toparea set toparea = @c
 Parameter: TOPAREA -> "-1"
 Parameter: C -> "311.818732"
 Comparing "7.6" and "10".
 IF test evaluated as false.  Skipping command
  
 CHARMM>     
  
 CHARMM>    write title unit 51
 RDTITL> * 7.8  311.818732
 RDTITL> *
  
 CHARMM>     
  
 CHARMM>    incr a by @dcel
 Parameter: DCEL -> "0.2"
 Parameter: A <- "7.8"
  
 CHARMM>    incr b by @dcel
 Parameter: DCEL -> "0.2"
 Parameter: B <- "8"
  
 CHARMM>    if b le ?ZMAX goto DOAREA
 RDCMND substituted energy or value "?ZMAX" to "14.0616092"
 Comparing "8" and "14.0616092".
 IF test evaluated as true.  Performing command
  
 CHARMM>     
  
 CHARMM>    ! Cross sectional protein area with whole atom.
 CHARMM>    scalar wmain = radius
  
 CHARMM>    scalar wmain mult 2.5   sele resname TIP3 end
 SELRPN>      0 atoms have been selected out of    500
  
 CHARMM>    scalar wmain add  1.529 sele .not. resname TIP3 end
 SELRPN>    500 atoms have been selected out of    500
  
 CHARMM>    scalar wmain mult 0.85  sele .not. resname TIP3 end
 SELRPN>    500 atoms have been selected out of    500
  
 CHARMM>    calc zab = ( @a + @b ) / 2.0
 Parameter: A -> "7.8"
 Parameter: B -> "8"
Evaluating: (7.8+8)/2.0
 Parameter: ZAB <- "7.9"
  
 CHARMM>     
  
 CHARMM>    coor search -
 CHARMM>         xmin @x1  xmax @x2  xgrip @xncel -
 CHARMM>         ymin @y1  ymax @y2  ygrip @yncel -
 CHARMM>         zmin @a   zmax @b   zgrip 5
 Parameter: X1 -> "-13.8257234"
 Parameter: X2 -> "13.3162766"
 Parameter: XNCEL -> "135"
 Parameter: Y1 -> "-13.9910845"
 Parameter: Y2 -> "13.9910845"
 Parameter: YNCEL -> "139"
 Parameter: A -> "7.8"
 Parameter: B -> "8"

 A TOTAL OF    54880   VACUUM POINTS WERE FOUND
 A TOTAL OF    38945 OCCUPIED POINTS WERE FOUND
 A TOTAL OF        0 EXTERNAL POINTS WERE FOUND
 A TOTAL OF    54880 SELECTED POINTS WERE FOUND
 TOTAL OCCUPIED  VOLUME =      63.050183
 TOTAL SELECTED  VOLUME =      88.848223
 TOTAL FREE      VOLUME =      88.848223
 FRACTIONAL FREE VOLUME =      58.491873
  
 CHARMM>     
  
 CHARMM>    calc c = ?volume * @factor
 Parameter: FACTOR -> "5"
 RDCMND substituted energy or value "?VOLUME" to "63.0501831"
Evaluating: 63.0501831*5
 Parameter: C <- "315.250916"
  
 CHARMM>     
  
 CHARMM>    if a .lt. -10 if a .gt. -20 if c .gt. @botarea set botarea = @c
 Parameter: BOTAREA -> "319.775893"
 Parameter: C -> "315.250916"
 Comparing "7.8" and "-10".
 IF test evaluated as false.  Skipping command
  
 CHARMM>    if a .gt.  10 if a .lt.  20 if c .gt. @toparea set toparea = @c
 Parameter: TOPAREA -> "-1"
 Parameter: C -> "315.250916"
 Comparing "7.8" and "10".
 IF test evaluated as false.  Skipping command
  
 CHARMM>     
  
 CHARMM>    write title unit 51
 RDTITL> * 8  315.250916
 RDTITL> *
  
 CHARMM>     
  
 CHARMM>    incr a by @dcel
 Parameter: DCEL -> "0.2"
 Parameter: A <- "8"
  
 CHARMM>    incr b by @dcel
 Parameter: DCEL -> "0.2"
 Parameter: B <- "8.2"
  
 CHARMM>    if b le ?ZMAX goto DOAREA
 RDCMND substituted energy or value "?ZMAX" to "14.0616092"
 Comparing "8.2" and "14.0616092".
 IF test evaluated as true.  Performing command
  
 CHARMM>     
  
 CHARMM>    ! Cross sectional protein area with whole atom.
 CHARMM>    scalar wmain = radius
  
 CHARMM>    scalar wmain mult 2.5   sele resname TIP3 end
 SELRPN>      0 atoms have been selected out of    500
  
 CHARMM>    scalar wmain add  1.529 sele .not. resname TIP3 end
 SELRPN>    500 atoms have been selected out of    500
  
 CHARMM>    scalar wmain mult 0.85  sele .not. resname TIP3 end
 SELRPN>    500 atoms have been selected out of    500
  
 CHARMM>    calc zab = ( @a + @b ) / 2.0
 Parameter: A -> "8"
 Parameter: B -> "8.2"
Evaluating: (8+8.2)/2.0
 Parameter: ZAB <- "8.1"
  
 CHARMM>     
  
 CHARMM>    coor search -
 CHARMM>         xmin @x1  xmax @x2  xgrip @xncel -
 CHARMM>         ymin @y1  ymax @y2  ygrip @yncel -
 CHARMM>         zmin @a   zmax @b   zgrip 5
 Parameter: X1 -> "-13.8257234"
 Parameter: X2 -> "13.3162766"
 Parameter: XNCEL -> "135"
 Parameter: Y1 -> "-13.9910845"
 Parameter: Y2 -> "13.9910845"
 Parameter: YNCEL -> "139"
 Parameter: A -> "8"
 Parameter: B -> "8.2"

 A TOTAL OF    54544   VACUUM POINTS WERE FOUND
 A TOTAL OF    39281 OCCUPIED POINTS WERE FOUND
 A TOTAL OF        0 EXTERNAL POINTS WERE FOUND
 A TOTAL OF    54544 SELECTED POINTS WERE FOUND
 TOTAL OCCUPIED  VOLUME =      63.594152
 TOTAL SELECTED  VOLUME =      88.304254
 TOTAL FREE      VOLUME =      88.304254
 FRACTIONAL FREE VOLUME =      58.133760
  
 CHARMM>     
  
 CHARMM>    calc c = ?volume * @factor
 Parameter: FACTOR -> "5"
 RDCMND substituted energy or value "?VOLUME" to "63.5941518"
Evaluating: 63.5941518*5
 Parameter: C <- "317.970759"
  
 CHARMM>     
  
 CHARMM>    if a .lt. -10 if a .gt. -20 if c .gt. @botarea set botarea = @c
 Parameter: BOTAREA -> "319.775893"
 Parameter: C -> "317.970759"
 Comparing "8" and "-10".
 IF test evaluated as false.  Skipping command
  
 CHARMM>    if a .gt.  10 if a .lt.  20 if c .gt. @toparea set toparea = @c
 Parameter: TOPAREA -> "-1"
 Parameter: C -> "317.970759"
 Comparing "8" and "10".
 IF test evaluated as false.  Skipping command
  
 CHARMM>     
  
 CHARMM>    write title unit 51
 RDTITL> * 8.2  317.970759
 RDTITL> *
  
 CHARMM>     
  
 CHARMM>    incr a by @dcel
 Parameter: DCEL -> "0.2"
 Parameter: A <- "8.2"
  
 CHARMM>    incr b by @dcel
 Parameter: DCEL -> "0.2"
 Parameter: B <- "8.4"
  
 CHARMM>    if b le ?ZMAX goto DOAREA
 RDCMND substituted energy or value "?ZMAX" to "14.0616092"
 Comparing "8.4" and "14.0616092".
 IF test evaluated as true.  Performing command
  
 CHARMM>     
  
 CHARMM>    ! Cross sectional protein area with whole atom.
 CHARMM>    scalar wmain = radius
  
 CHARMM>    scalar wmain mult 2.5   sele resname TIP3 end
 SELRPN>      0 atoms have been selected out of    500
  
 CHARMM>    scalar wmain add  1.529 sele .not. resname TIP3 end
 SELRPN>    500 atoms have been selected out of    500
  
 CHARMM>    scalar wmain mult 0.85  sele .not. resname TIP3 end
 SELRPN>    500 atoms have been selected out of    500
  
 CHARMM>    calc zab = ( @a + @b ) / 2.0
 Parameter: A -> "8.2"
 Parameter: B -> "8.4"
Evaluating: (8.2+8.4)/2.0
 Parameter: ZAB <- "8.3"
  
 CHARMM>     
  
 CHARMM>    coor search -
 CHARMM>         xmin @x1  xmax @x2  xgrip @xncel -
 CHARMM>         ymin @y1  ymax @y2  ygrip @yncel -
 CHARMM>         zmin @a   zmax @b   zgrip 5
 Parameter: X1 -> "-13.8257234"
 Parameter: X2 -> "13.3162766"
 Parameter: XNCEL -> "135"
 Parameter: Y1 -> "-13.9910845"
 Parameter: Y2 -> "13.9910845"
 Parameter: YNCEL -> "139"
 Parameter: A -> "8.2"
 Parameter: B -> "8.4"

 A TOTAL OF    54219   VACUUM POINTS WERE FOUND
 A TOTAL OF    39606 OCCUPIED POINTS WERE FOUND
 A TOTAL OF        0 EXTERNAL POINTS WERE FOUND
 A TOTAL OF    54219 SELECTED POINTS WERE FOUND
 TOTAL OCCUPIED  VOLUME =      64.120312
 TOTAL SELECTED  VOLUME =      87.778094
 TOTAL FREE      VOLUME =      87.778094
 FRACTIONAL FREE VOLUME =      57.787370
  
 CHARMM>     
  
 CHARMM>    calc c = ?volume * @factor
 Parameter: FACTOR -> "5"
 RDCMND substituted energy or value "?VOLUME" to "64.120312"
Evaluating: 64.120312*5
 Parameter: C <- "320.60156"
  
 CHARMM>     
  
 CHARMM>    if a .lt. -10 if a .gt. -20 if c .gt. @botarea set botarea = @c
 Parameter: BOTAREA -> "319.775893"
 Parameter: C -> "320.60156"
 Comparing "8.2" and "-10".
 IF test evaluated as false.  Skipping command
  
 CHARMM>    if a .gt.  10 if a .lt.  20 if c .gt. @toparea set toparea = @c
 Parameter: TOPAREA -> "-1"
 Parameter: C -> "320.60156"
 Comparing "8.2" and "10".
 IF test evaluated as false.  Skipping command
  
 CHARMM>     
  
 CHARMM>    write title unit 51
 RDTITL> * 8.4  320.60156
 RDTITL> *
  
 CHARMM>     
  
 CHARMM>    incr a by @dcel
 Parameter: DCEL -> "0.2"
 Parameter: A <- "8.4"
  
 CHARMM>    incr b by @dcel
 Parameter: DCEL -> "0.2"
 Parameter: B <- "8.6"
  
 CHARMM>    if b le ?ZMAX goto DOAREA
 RDCMND substituted energy or value "?ZMAX" to "14.0616092"
 Comparing "8.6" and "14.0616092".
 IF test evaluated as true.  Performing command
  
 CHARMM>     
  
 CHARMM>    ! Cross sectional protein area with whole atom.
 CHARMM>    scalar wmain = radius
  
 CHARMM>    scalar wmain mult 2.5   sele resname TIP3 end
 SELRPN>      0 atoms have been selected out of    500
  
 CHARMM>    scalar wmain add  1.529 sele .not. resname TIP3 end
 SELRPN>    500 atoms have been selected out of    500
  
 CHARMM>    scalar wmain mult 0.85  sele .not. resname TIP3 end
 SELRPN>    500 atoms have been selected out of    500
  
 CHARMM>    calc zab = ( @a + @b ) / 2.0
 Parameter: A -> "8.4"
 Parameter: B -> "8.6"
Evaluating: (8.4+8.6)/2.0
 Parameter: ZAB <- "8.5"
  
 CHARMM>     
  
 CHARMM>    coor search -
 CHARMM>         xmin @x1  xmax @x2  xgrip @xncel -
 CHARMM>         ymin @y1  ymax @y2  ygrip @yncel -
 CHARMM>         zmin @a   zmax @b   zgrip 5
 Parameter: X1 -> "-13.8257234"
 Parameter: X2 -> "13.3162766"
 Parameter: XNCEL -> "135"
 Parameter: Y1 -> "-13.9910845"
 Parameter: Y2 -> "13.9910845"
 Parameter: YNCEL -> "139"
 Parameter: A -> "8.4"
 Parameter: B -> "8.6"

 A TOTAL OF    54001   VACUUM POINTS WERE FOUND
 A TOTAL OF    39824 OCCUPIED POINTS WERE FOUND
 A TOTAL OF        0 EXTERNAL POINTS WERE FOUND
 A TOTAL OF    54001 SELECTED POINTS WERE FOUND
 TOTAL OCCUPIED  VOLUME =      64.473244
 TOTAL SELECTED  VOLUME =      87.425162
 TOTAL FREE      VOLUME =      87.425162
 FRACTIONAL FREE VOLUME =      57.555023
  
 CHARMM>     
  
 CHARMM>    calc c = ?volume * @factor
 Parameter: FACTOR -> "5"
 RDCMND substituted energy or value "?VOLUME" to "64.4732441"
Evaluating: 64.4732441*5
 Parameter: C <- "322.36622"
  
 CHARMM>     
  
 CHARMM>    if a .lt. -10 if a .gt. -20 if c .gt. @botarea set botarea = @c
 Parameter: BOTAREA -> "319.775893"
 Parameter: C -> "322.36622"
 Comparing "8.4" and "-10".
 IF test evaluated as false.  Skipping command
  
 CHARMM>    if a .gt.  10 if a .lt.  20 if c .gt. @toparea set toparea = @c
 Parameter: TOPAREA -> "-1"
 Parameter: C -> "322.36622"
 Comparing "8.4" and "10".
 IF test evaluated as false.  Skipping command
  
 CHARMM>     
  
 CHARMM>    write title unit 51
 RDTITL> * 8.6  322.36622
 RDTITL> *
  
 CHARMM>     
  
 CHARMM>    incr a by @dcel
 Parameter: DCEL -> "0.2"
 Parameter: A <- "8.6"
  
 CHARMM>    incr b by @dcel
 Parameter: DCEL -> "0.2"
 Parameter: B <- "8.8"
  
 CHARMM>    if b le ?ZMAX goto DOAREA
 RDCMND substituted energy or value "?ZMAX" to "14.0616092"
 Comparing "8.8" and "14.0616092".
 IF test evaluated as true.  Performing command
  
 CHARMM>     
  
 CHARMM>    ! Cross sectional protein area with whole atom.
 CHARMM>    scalar wmain = radius
  
 CHARMM>    scalar wmain mult 2.5   sele resname TIP3 end
 SELRPN>      0 atoms have been selected out of    500
  
 CHARMM>    scalar wmain add  1.529 sele .not. resname TIP3 end
 SELRPN>    500 atoms have been selected out of    500
  
 CHARMM>    scalar wmain mult 0.85  sele .not. resname TIP3 end
 SELRPN>    500 atoms have been selected out of    500
  
 CHARMM>    calc zab = ( @a + @b ) / 2.0
 Parameter: A -> "8.6"
 Parameter: B -> "8.8"
Evaluating: (8.6+8.8)/2.0
 Parameter: ZAB <- "8.7"
  
 CHARMM>     
  
 CHARMM>    coor search -
 CHARMM>         xmin @x1  xmax @x2  xgrip @xncel -
 CHARMM>         ymin @y1  ymax @y2  ygrip @yncel -
 CHARMM>         zmin @a   zmax @b   zgrip 5
 Parameter: X1 -> "-13.8257234"
 Parameter: X2 -> "13.3162766"
 Parameter: XNCEL -> "135"
 Parameter: Y1 -> "-13.9910845"
 Parameter: Y2 -> "13.9910845"
 Parameter: YNCEL -> "139"
 Parameter: A -> "8.6"
 Parameter: B -> "8.8"

 A TOTAL OF    53770   VACUUM POINTS WERE FOUND
 A TOTAL OF    40055 OCCUPIED POINTS WERE FOUND
 A TOTAL OF        0 EXTERNAL POINTS WERE FOUND
 A TOTAL OF    53770 SELECTED POINTS WERE FOUND
 TOTAL OCCUPIED  VOLUME =      64.847223
 TOTAL SELECTED  VOLUME =      87.051184
 TOTAL FREE      VOLUME =      87.051184
 FRACTIONAL FREE VOLUME =      57.308820
  
 CHARMM>     
  
 CHARMM>    calc c = ?volume * @factor
 Parameter: FACTOR -> "5"
 RDCMND substituted energy or value "?VOLUME" to "64.8472226"
Evaluating: 64.8472226*5
 Parameter: C <- "324.236113"
  
 CHARMM>     
  
 CHARMM>    if a .lt. -10 if a .gt. -20 if c .gt. @botarea set botarea = @c
 Parameter: BOTAREA -> "319.775893"
 Parameter: C -> "324.236113"
 Comparing "8.6" and "-10".
 IF test evaluated as false.  Skipping command
  
 CHARMM>    if a .gt.  10 if a .lt.  20 if c .gt. @toparea set toparea = @c
 Parameter: TOPAREA -> "-1"
 Parameter: C -> "324.236113"
 Comparing "8.6" and "10".
 IF test evaluated as false.  Skipping command
  
 CHARMM>     
  
 CHARMM>    write title unit 51
 RDTITL> * 8.8  324.236113
 RDTITL> *
  
 CHARMM>     
  
 CHARMM>    incr a by @dcel
 Parameter: DCEL -> "0.2"
 Parameter: A <- "8.8"
  
 CHARMM>    incr b by @dcel
 Parameter: DCEL -> "0.2"
 Parameter: B <- "9"
  
 CHARMM>    if b le ?ZMAX goto DOAREA
 RDCMND substituted energy or value "?ZMAX" to "14.0616092"
 Comparing "9" and "14.0616092".
 IF test evaluated as true.  Performing command
  
 CHARMM>     
  
 CHARMM>    ! Cross sectional protein area with whole atom.
 CHARMM>    scalar wmain = radius
  
 CHARMM>    scalar wmain mult 2.5   sele resname TIP3 end
 SELRPN>      0 atoms have been selected out of    500
  
 CHARMM>    scalar wmain add  1.529 sele .not. resname TIP3 end
 SELRPN>    500 atoms have been selected out of    500
  
 CHARMM>    scalar wmain mult 0.85  sele .not. resname TIP3 end
 SELRPN>    500 atoms have been selected out of    500
  
 CHARMM>    calc zab = ( @a + @b ) / 2.0
 Parameter: A -> "8.8"
 Parameter: B -> "9"
Evaluating: (8.8+9)/2.0
 Parameter: ZAB <- "8.9"
  
 CHARMM>     
  
 CHARMM>    coor search -
 CHARMM>         xmin @x1  xmax @x2  xgrip @xncel -
 CHARMM>         ymin @y1  ymax @y2  ygrip @yncel -
 CHARMM>         zmin @a   zmax @b   zgrip 5
 Parameter: X1 -> "-13.8257234"
 Parameter: X2 -> "13.3162766"
 Parameter: XNCEL -> "135"
 Parameter: Y1 -> "-13.9910845"
 Parameter: Y2 -> "13.9910845"
 Parameter: YNCEL -> "139"
 Parameter: A -> "8.8"
 Parameter: B -> "9"

 A TOTAL OF    53646   VACUUM POINTS WERE FOUND
 A TOTAL OF    40179 OCCUPIED POINTS WERE FOUND
 A TOTAL OF        0 EXTERNAL POINTS WERE FOUND
 A TOTAL OF    53646 SELECTED POINTS WERE FOUND
 TOTAL OCCUPIED  VOLUME =      65.047973
 TOTAL SELECTED  VOLUME =      86.850433
 TOTAL FREE      VOLUME =      86.850433
 FRACTIONAL FREE VOLUME =      57.176659
  
 CHARMM>     
  
 CHARMM>    calc c = ?volume * @factor
 Parameter: FACTOR -> "5"
 RDCMND substituted energy or value "?VOLUME" to "65.047973"
Evaluating: 65.047973*5
 Parameter: C <- "325.239865"
  
 CHARMM>     
  
 CHARMM>    if a .lt. -10 if a .gt. -20 if c .gt. @botarea set botarea = @c
 Parameter: BOTAREA -> "319.775893"
 Parameter: C -> "325.239865"
 Comparing "8.8" and "-10".
 IF test evaluated as false.  Skipping command
  
 CHARMM>    if a .gt.  10 if a .lt.  20 if c .gt. @toparea set toparea = @c
 Parameter: TOPAREA -> "-1"
 Parameter: C -> "325.239865"
 Comparing "8.8" and "10".
 IF test evaluated as false.  Skipping command
  
 CHARMM>     
  
 CHARMM>    write title unit 51
 RDTITL> * 9  325.239865
 RDTITL> *
  
 CHARMM>     
  
 CHARMM>    incr a by @dcel
 Parameter: DCEL -> "0.2"
 Parameter: A <- "9"
  
 CHARMM>    incr b by @dcel
 Parameter: DCEL -> "0.2"
 Parameter: B <- "9.2"
  
 CHARMM>    if b le ?ZMAX goto DOAREA
 RDCMND substituted energy or value "?ZMAX" to "14.0616092"
 Comparing "9.2" and "14.0616092".
 IF test evaluated as true.  Performing command
  
 CHARMM>     
  
 CHARMM>    ! Cross sectional protein area with whole atom.
 CHARMM>    scalar wmain = radius
  
 CHARMM>    scalar wmain mult 2.5   sele resname TIP3 end
 SELRPN>      0 atoms have been selected out of    500
  
 CHARMM>    scalar wmain add  1.529 sele .not. resname TIP3 end
 SELRPN>    500 atoms have been selected out of    500
  
 CHARMM>    scalar wmain mult 0.85  sele .not. resname TIP3 end
 SELRPN>    500 atoms have been selected out of    500
  
 CHARMM>    calc zab = ( @a + @b ) / 2.0
 Parameter: A -> "9"
 Parameter: B -> "9.2"
Evaluating: (9+9.2)/2.0
 Parameter: ZAB <- "9.1"
  
 CHARMM>     
  
 CHARMM>    coor search -
 CHARMM>         xmin @x1  xmax @x2  xgrip @xncel -
 CHARMM>         ymin @y1  ymax @y2  ygrip @yncel -
 CHARMM>         zmin @a   zmax @b   zgrip 5
 Parameter: X1 -> "-13.8257234"
 Parameter: X2 -> "13.3162766"
 Parameter: XNCEL -> "135"
 Parameter: Y1 -> "-13.9910845"
 Parameter: Y2 -> "13.9910845"
 Parameter: YNCEL -> "139"
 Parameter: A -> "9"
 Parameter: B -> "9.2"

 A TOTAL OF    53589   VACUUM POINTS WERE FOUND
 A TOTAL OF    40236 OCCUPIED POINTS WERE FOUND
 A TOTAL OF        0 EXTERNAL POINTS WERE FOUND
 A TOTAL OF    53589 SELECTED POINTS WERE FOUND
 TOTAL OCCUPIED  VOLUME =      65.140253
 TOTAL SELECTED  VOLUME =      86.758153
 TOTAL FREE      VOLUME =      86.758153
 FRACTIONAL FREE VOLUME =      57.115907
  
 CHARMM>     
  
 CHARMM>    calc c = ?volume * @factor
 Parameter: FACTOR -> "5"
 RDCMND substituted energy or value "?VOLUME" to "65.1402534"
Evaluating: 65.1402534*5
 Parameter: C <- "325.701267"
  
 CHARMM>     
  
 CHARMM>    if a .lt. -10 if a .gt. -20 if c .gt. @botarea set botarea = @c
 Parameter: BOTAREA -> "319.775893"
 Parameter: C -> "325.701267"
 Comparing "9" and "-10".
 IF test evaluated as false.  Skipping command
  
 CHARMM>    if a .gt.  10 if a .lt.  20 if c .gt. @toparea set toparea = @c
 Parameter: TOPAREA -> "-1"
 Parameter: C -> "325.701267"
 Comparing "9" and "10".
 IF test evaluated as false.  Skipping command
  
 CHARMM>     
  
 CHARMM>    write title unit 51
 RDTITL> * 9.2  325.701267
 RDTITL> *
  
 CHARMM>     
  
 CHARMM>    incr a by @dcel
 Parameter: DCEL -> "0.2"
 Parameter: A <- "9.2"
  
 CHARMM>    incr b by @dcel
 Parameter: DCEL -> "0.2"
 Parameter: B <- "9.4"
  
 CHARMM>    if b le ?ZMAX goto DOAREA
 RDCMND substituted energy or value "?ZMAX" to "14.0616092"
 Comparing "9.4" and "14.0616092".
 IF test evaluated as true.  Performing command
  
 CHARMM>     
  
 CHARMM>    ! Cross sectional protein area with whole atom.
 CHARMM>    scalar wmain = radius
  
 CHARMM>    scalar wmain mult 2.5   sele resname TIP3 end
 SELRPN>      0 atoms have been selected out of    500
  
 CHARMM>    scalar wmain add  1.529 sele .not. resname TIP3 end
 SELRPN>    500 atoms have been selected out of    500
  
 CHARMM>    scalar wmain mult 0.85  sele .not. resname TIP3 end
 SELRPN>    500 atoms have been selected out of    500
  
 CHARMM>    calc zab = ( @a + @b ) / 2.0
 Parameter: A -> "9.2"
 Parameter: B -> "9.4"
Evaluating: (9.2+9.4)/2.0
 Parameter: ZAB <- "9.3"
  
 CHARMM>     
  
 CHARMM>    coor search -
 CHARMM>         xmin @x1  xmax @x2  xgrip @xncel -
 CHARMM>         ymin @y1  ymax @y2  ygrip @yncel -
 CHARMM>         zmin @a   zmax @b   zgrip 5
 Parameter: X1 -> "-13.8257234"
 Parameter: X2 -> "13.3162766"
 Parameter: XNCEL -> "135"
 Parameter: Y1 -> "-13.9910845"
 Parameter: Y2 -> "13.9910845"
 Parameter: YNCEL -> "139"
 Parameter: A -> "9.2"
 Parameter: B -> "9.4"

 A TOTAL OF    53585   VACUUM POINTS WERE FOUND
 A TOTAL OF    40240 OCCUPIED POINTS WERE FOUND
 A TOTAL OF        0 EXTERNAL POINTS WERE FOUND
 A TOTAL OF    53585 SELECTED POINTS WERE FOUND
 TOTAL OCCUPIED  VOLUME =      65.146729
 TOTAL SELECTED  VOLUME =      86.751677
 TOTAL FREE      VOLUME =      86.751677
 FRACTIONAL FREE VOLUME =      57.111644
  
 CHARMM>     
  
 CHARMM>    calc c = ?volume * @factor
 Parameter: FACTOR -> "5"
 RDCMND substituted energy or value "?VOLUME" to "65.1467292"
Evaluating: 65.1467292*5
 Parameter: C <- "325.733646"
  
 CHARMM>     
  
 CHARMM>    if a .lt. -10 if a .gt. -20 if c .gt. @botarea set botarea = @c
 Parameter: BOTAREA -> "319.775893"
 Parameter: C -> "325.733646"
 Comparing "9.2" and "-10".
 IF test evaluated as false.  Skipping command
  
 CHARMM>    if a .gt.  10 if a .lt.  20 if c .gt. @toparea set toparea = @c
 Parameter: TOPAREA -> "-1"
 Parameter: C -> "325.733646"
 Comparing "9.2" and "10".
 IF test evaluated as false.  Skipping command
  
 CHARMM>     
  
 CHARMM>    write title unit 51
 RDTITL> * 9.4  325.733646
 RDTITL> *
  
 CHARMM>     
  
 CHARMM>    incr a by @dcel
 Parameter: DCEL -> "0.2"
 Parameter: A <- "9.4"
  
 CHARMM>    incr b by @dcel
 Parameter: DCEL -> "0.2"
 Parameter: B <- "9.6"
  
 CHARMM>    if b le ?ZMAX goto DOAREA
 RDCMND substituted energy or value "?ZMAX" to "14.0616092"
 Comparing "9.6" and "14.0616092".
 IF test evaluated as true.  Performing command
  
 CHARMM>     
  
 CHARMM>    ! Cross sectional protein area with whole atom.
 CHARMM>    scalar wmain = radius
  
 CHARMM>    scalar wmain mult 2.5   sele resname TIP3 end
 SELRPN>      0 atoms have been selected out of    500
  
 CHARMM>    scalar wmain add  1.529 sele .not. resname TIP3 end
 SELRPN>    500 atoms have been selected out of    500
  
 CHARMM>    scalar wmain mult 0.85  sele .not. resname TIP3 end
 SELRPN>    500 atoms have been selected out of    500
  
 CHARMM>    calc zab = ( @a + @b ) / 2.0
 Parameter: A -> "9.4"
 Parameter: B -> "9.6"
Evaluating: (9.4+9.6)/2.0
 Parameter: ZAB <- "9.5"
  
 CHARMM>     
  
 CHARMM>    coor search -
 CHARMM>         xmin @x1  xmax @x2  xgrip @xncel -
 CHARMM>         ymin @y1  ymax @y2  ygrip @yncel -
 CHARMM>         zmin @a   zmax @b   zgrip 5
 Parameter: X1 -> "-13.8257234"
 Parameter: X2 -> "13.3162766"
 Parameter: XNCEL -> "135"
 Parameter: Y1 -> "-13.9910845"
 Parameter: Y2 -> "13.9910845"
 Parameter: YNCEL -> "139"
 Parameter: A -> "9.4"
 Parameter: B -> "9.6"

 A TOTAL OF    53650   VACUUM POINTS WERE FOUND
 A TOTAL OF    40175 OCCUPIED POINTS WERE FOUND
 A TOTAL OF        0 EXTERNAL POINTS WERE FOUND
 A TOTAL OF    53650 SELECTED POINTS WERE FOUND
 TOTAL OCCUPIED  VOLUME =      65.041497
 TOTAL SELECTED  VOLUME =      86.856909
 TOTAL FREE      VOLUME =      86.856909
 FRACTIONAL FREE VOLUME =      57.180922
  
 CHARMM>     
  
 CHARMM>    calc c = ?volume * @factor
 Parameter: FACTOR -> "5"
 RDCMND substituted energy or value "?VOLUME" to "65.0414971"
Evaluating: 65.0414971*5
 Parameter: C <- "325.207486"
  
 CHARMM>     
  
 CHARMM>    if a .lt. -10 if a .gt. -20 if c .gt. @botarea set botarea = @c
 Parameter: BOTAREA -> "319.775893"
 Parameter: C -> "325.207486"
 Comparing "9.4" and "-10".
 IF test evaluated as false.  Skipping command
  
 CHARMM>    if a .gt.  10 if a .lt.  20 if c .gt. @toparea set toparea = @c
 Parameter: TOPAREA -> "-1"
 Parameter: C -> "325.207486"
 Comparing "9.4" and "10".
 IF test evaluated as false.  Skipping command
  
 CHARMM>     
  
 CHARMM>    write title unit 51
 RDTITL> * 9.6  325.207486
 RDTITL> *
  
 CHARMM>     
  
 CHARMM>    incr a by @dcel
 Parameter: DCEL -> "0.2"
 Parameter: A <- "9.6"
  
 CHARMM>    incr b by @dcel
 Parameter: DCEL -> "0.2"
 Parameter: B <- "9.8"
  
 CHARMM>    if b le ?ZMAX goto DOAREA
 RDCMND substituted energy or value "?ZMAX" to "14.0616092"
 Comparing "9.8" and "14.0616092".
 IF test evaluated as true.  Performing command
  
 CHARMM>     
  
 CHARMM>    ! Cross sectional protein area with whole atom.
 CHARMM>    scalar wmain = radius
  
 CHARMM>    scalar wmain mult 2.5   sele resname TIP3 end
 SELRPN>      0 atoms have been selected out of    500
  
 CHARMM>    scalar wmain add  1.529 sele .not. resname TIP3 end
 SELRPN>    500 atoms have been selected out of    500
  
 CHARMM>    scalar wmain mult 0.85  sele .not. resname TIP3 end
 SELRPN>    500 atoms have been selected out of    500
  
 CHARMM>    calc zab = ( @a + @b ) / 2.0
 Parameter: A -> "9.6"
 Parameter: B -> "9.8"
Evaluating: (9.6+9.8)/2.0
 Parameter: ZAB <- "9.7"
  
 CHARMM>     
  
 CHARMM>    coor search -
 CHARMM>         xmin @x1  xmax @x2  xgrip @xncel -
 CHARMM>         ymin @y1  ymax @y2  ygrip @yncel -
 CHARMM>         zmin @a   zmax @b   zgrip 5
 Parameter: X1 -> "-13.8257234"
 Parameter: X2 -> "13.3162766"
 Parameter: XNCEL -> "135"
 Parameter: Y1 -> "-13.9910845"
 Parameter: Y2 -> "13.9910845"
 Parameter: YNCEL -> "139"
 Parameter: A -> "9.6"
 Parameter: B -> "9.8"

 A TOTAL OF    53809   VACUUM POINTS WERE FOUND
 A TOTAL OF    40016 OCCUPIED POINTS WERE FOUND
 A TOTAL OF        0 EXTERNAL POINTS WERE FOUND
 A TOTAL OF    53809 SELECTED POINTS WERE FOUND
 TOTAL OCCUPIED  VOLUME =      64.784083
 TOTAL SELECTED  VOLUME =      87.114323
 TOTAL FREE      VOLUME =      87.114323
 FRACTIONAL FREE VOLUME =      57.350386
  
 CHARMM>     
  
 CHARMM>    calc c = ?volume * @factor
 Parameter: FACTOR -> "5"
 RDCMND substituted energy or value "?VOLUME" to "64.7840834"
Evaluating: 64.7840834*5
 Parameter: C <- "323.920417"
  
 CHARMM>     
  
 CHARMM>    if a .lt. -10 if a .gt. -20 if c .gt. @botarea set botarea = @c
 Parameter: BOTAREA -> "319.775893"
 Parameter: C -> "323.920417"
 Comparing "9.6" and "-10".
 IF test evaluated as false.  Skipping command
  
 CHARMM>    if a .gt.  10 if a .lt.  20 if c .gt. @toparea set toparea = @c
 Parameter: TOPAREA -> "-1"
 Parameter: C -> "323.920417"
 Comparing "9.6" and "10".
 IF test evaluated as false.  Skipping command
  
 CHARMM>     
  
 CHARMM>    write title unit 51
 RDTITL> * 9.8  323.920417
 RDTITL> *
  
 CHARMM>     
  
 CHARMM>    incr a by @dcel
 Parameter: DCEL -> "0.2"
 Parameter: A <- "9.8"
  
 CHARMM>    incr b by @dcel
 Parameter: DCEL -> "0.2"
 Parameter: B <- "10"
  
 CHARMM>    if b le ?ZMAX goto DOAREA
 RDCMND substituted energy or value "?ZMAX" to "14.0616092"
 Comparing "10" and "14.0616092".
 IF test evaluated as true.  Performing command
  
 CHARMM>     
  
 CHARMM>    ! Cross sectional protein area with whole atom.
 CHARMM>    scalar wmain = radius
  
 CHARMM>    scalar wmain mult 2.5   sele resname TIP3 end
 SELRPN>      0 atoms have been selected out of    500
  
 CHARMM>    scalar wmain add  1.529 sele .not. resname TIP3 end
 SELRPN>    500 atoms have been selected out of    500
  
 CHARMM>    scalar wmain mult 0.85  sele .not. resname TIP3 end
 SELRPN>    500 atoms have been selected out of    500
  
 CHARMM>    calc zab = ( @a + @b ) / 2.0
 Parameter: A -> "9.8"
 Parameter: B -> "10"
Evaluating: (9.8+10)/2.0
 Parameter: ZAB <- "9.9"
  
 CHARMM>     
  
 CHARMM>    coor search -
 CHARMM>         xmin @x1  xmax @x2  xgrip @xncel -
 CHARMM>         ymin @y1  ymax @y2  ygrip @yncel -
 CHARMM>         zmin @a   zmax @b   zgrip 5
 Parameter: X1 -> "-13.8257234"
 Parameter: X2 -> "13.3162766"
 Parameter: XNCEL -> "135"
 Parameter: Y1 -> "-13.9910845"
 Parameter: Y2 -> "13.9910845"
 Parameter: YNCEL -> "139"
 Parameter: A -> "9.8"
 Parameter: B -> "10"

 A TOTAL OF    53993   VACUUM POINTS WERE FOUND
 A TOTAL OF    39832 OCCUPIED POINTS WERE FOUND
 A TOTAL OF        0 EXTERNAL POINTS WERE FOUND
 A TOTAL OF    53993 SELECTED POINTS WERE FOUND
 TOTAL OCCUPIED  VOLUME =      64.486196
 TOTAL SELECTED  VOLUME =      87.412210
 TOTAL FREE      VOLUME =      87.412210
 FRACTIONAL FREE VOLUME =      57.546496
  
 CHARMM>     
  
 CHARMM>    calc c = ?volume * @factor
 Parameter: FACTOR -> "5"
 RDCMND substituted energy or value "?VOLUME" to "64.4861957"
Evaluating: 64.4861957*5
 Parameter: C <- "322.430978"
  
 CHARMM>     
  
 CHARMM>    if a .lt. -10 if a .gt. -20 if c .gt. @botarea set botarea = @c
 Parameter: BOTAREA -> "319.775893"
 Parameter: C -> "322.430978"
 Comparing "9.8" and "-10".
 IF test evaluated as false.  Skipping command
  
 CHARMM>    if a .gt.  10 if a .lt.  20 if c .gt. @toparea set toparea = @c
 Parameter: TOPAREA -> "-1"
 Parameter: C -> "322.430978"
 Comparing "9.8" and "10".
 IF test evaluated as false.  Skipping command
  
 CHARMM>     
  
 CHARMM>    write title unit 51
 RDTITL> * 10  322.430978
 RDTITL> *
  
 CHARMM>     
  
 CHARMM>    incr a by @dcel
 Parameter: DCEL -> "0.2"
 Parameter: A <- "10"
  
 CHARMM>    incr b by @dcel
 Parameter: DCEL -> "0.2"
 Parameter: B <- "10.2"
  
 CHARMM>    if b le ?ZMAX goto DOAREA
 RDCMND substituted energy or value "?ZMAX" to "14.0616092"
 Comparing "10.2" and "14.0616092".
 IF test evaluated as true.  Performing command
  
 CHARMM>     
  
 CHARMM>    ! Cross sectional protein area with whole atom.
 CHARMM>    scalar wmain = radius
  
 CHARMM>    scalar wmain mult 2.5   sele resname TIP3 end
 SELRPN>      0 atoms have been selected out of    500
  
 CHARMM>    scalar wmain add  1.529 sele .not. resname TIP3 end
 SELRPN>    500 atoms have been selected out of    500
  
 CHARMM>    scalar wmain mult 0.85  sele .not. resname TIP3 end
 SELRPN>    500 atoms have been selected out of    500
  
 CHARMM>    calc zab = ( @a + @b ) / 2.0
 Parameter: A -> "10"
 Parameter: B -> "10.2"
Evaluating: (10+10.2)/2.0
 Parameter: ZAB <- "10.1"
  
 CHARMM>     
  
 CHARMM>    coor search -
 CHARMM>         xmin @x1  xmax @x2  xgrip @xncel -
 CHARMM>         ymin @y1  ymax @y2  ygrip @yncel -
 CHARMM>         zmin @a   zmax @b   zgrip 5
 Parameter: X1 -> "-13.8257234"
 Parameter: X2 -> "13.3162766"
 Parameter: XNCEL -> "135"
 Parameter: Y1 -> "-13.9910845"
 Parameter: Y2 -> "13.9910845"
 Parameter: YNCEL -> "139"
 Parameter: A -> "10"
 Parameter: B -> "10.2"

 A TOTAL OF    54321   VACUUM POINTS WERE FOUND
 A TOTAL OF    39504 OCCUPIED POINTS WERE FOUND
 A TOTAL OF        0 EXTERNAL POINTS WERE FOUND
 A TOTAL OF    54321 SELECTED POINTS WERE FOUND
 TOTAL OCCUPIED  VOLUME =      63.955179
 TOTAL SELECTED  VOLUME =      87.943228
 TOTAL FREE      VOLUME =      87.943228
 FRACTIONAL FREE VOLUME =      57.896083
  
 CHARMM>     
  
 CHARMM>    calc c = ?volume * @factor
 Parameter: FACTOR -> "5"
 RDCMND substituted energy or value "?VOLUME" to "63.9551787"
Evaluating: 63.9551787*5
 Parameter: C <- "319.775893"
  
 CHARMM>     
  
 CHARMM>    if a .lt. -10 if a .gt. -20 if c .gt. @botarea set botarea = @c
 Parameter: BOTAREA -> "319.775893"
 Parameter: C -> "319.775893"
 Comparing "10" and "-10".
 IF test evaluated as false.  Skipping command
  
 CHARMM>    if a .gt.  10 if a .lt.  20 if c .gt. @toparea set toparea = @c
 Parameter: TOPAREA -> "-1"
 Parameter: C -> "319.775893"
 Comparing "10" and "10".
 IF test evaluated as false.  Skipping command
  
 CHARMM>     
  
 CHARMM>    write title unit 51
 RDTITL> * 10.2  319.775893
 RDTITL> *
  
 CHARMM>     
  
 CHARMM>    incr a by @dcel
 Parameter: DCEL -> "0.2"
 Parameter: A <- "10.2"
  
 CHARMM>    incr b by @dcel
 Parameter: DCEL -> "0.2"
 Parameter: B <- "10.4"
  
 CHARMM>    if b le ?ZMAX goto DOAREA
 RDCMND substituted energy or value "?ZMAX" to "14.0616092"
 Comparing "10.4" and "14.0616092".
 IF test evaluated as true.  Performing command
  
 CHARMM>     
  
 CHARMM>    ! Cross sectional protein area with whole atom.
 CHARMM>    scalar wmain = radius
  
 CHARMM>    scalar wmain mult 2.5   sele resname TIP3 end
 SELRPN>      0 atoms have been selected out of    500
  
 CHARMM>    scalar wmain add  1.529 sele .not. resname TIP3 end
 SELRPN>    500 atoms have been selected out of    500
  
 CHARMM>    scalar wmain mult 0.85  sele .not. resname TIP3 end
 SELRPN>    500 atoms have been selected out of    500
  
 CHARMM>    calc zab = ( @a + @b ) / 2.0
 Parameter: A -> "10.2"
 Parameter: B -> "10.4"
Evaluating: (10.2+10.4)/2.0
 Parameter: ZAB <- "10.3"
  
 CHARMM>     
  
 CHARMM>    coor search -
 CHARMM>         xmin @x1  xmax @x2  xgrip @xncel -
 CHARMM>         ymin @y1  ymax @y2  ygrip @yncel -
 CHARMM>         zmin @a   zmax @b   zgrip 5
 Parameter: X1 -> "-13.8257234"
 Parameter: X2 -> "13.3162766"
 Parameter: XNCEL -> "135"
 Parameter: Y1 -> "-13.9910845"
 Parameter: Y2 -> "13.9910845"
 Parameter: YNCEL -> "139"
 Parameter: A -> "10.2"
 Parameter: B -> "10.4"

 A TOTAL OF    54725   VACUUM POINTS WERE FOUND
 A TOTAL OF    39100 OCCUPIED POINTS WERE FOUND
 A TOTAL OF        0 EXTERNAL POINTS WERE FOUND
 A TOTAL OF    54725 SELECTED POINTS WERE FOUND
 TOTAL OCCUPIED  VOLUME =      63.301121
 TOTAL SELECTED  VOLUME =      88.597285
 TOTAL FREE      VOLUME =      88.597285
 FRACTIONAL FREE VOLUME =      58.326672
  
 CHARMM>     
  
 CHARMM>    calc c = ?volume * @factor
 Parameter: FACTOR -> "5"
 RDCMND substituted energy or value "?VOLUME" to "63.301121"
Evaluating: 63.301121*5
 Parameter: C <- "316.505605"
  
 CHARMM>     
  
 CHARMM>    if a .lt. -10 if a .gt. -20 if c .gt. @botarea set botarea = @c
 Parameter: BOTAREA -> "319.775893"
 Parameter: C -> "316.505605"
 Comparing "10.2" and "-10".
 IF test evaluated as false.  Skipping command
  
 CHARMM>    if a .gt.  10 if a .lt.  20 if c .gt. @toparea set toparea = @c
 Parameter: TOPAREA -> "-1"
 Parameter: C -> "316.505605"
 Comparing "10.2" and "10".
 IF test evaluated as true.  Performing command
 Comparing "10.2" and "20".
 IF test evaluated as true.  Performing command
 Comparing "316.505605" and "-1".
 IF test evaluated as true.  Performing command
 Parameter: TOPAREA <- "316.505605"
  
 CHARMM>     
  
 CHARMM>    write title unit 51
 RDTITL> * 10.4  316.505605
 RDTITL> *
  
 CHARMM>     
  
 CHARMM>    incr a by @dcel
 Parameter: DCEL -> "0.2"
 Parameter: A <- "10.4"
  
 CHARMM>    incr b by @dcel
 Parameter: DCEL -> "0.2"
 Parameter: B <- "10.6"
  
 CHARMM>    if b le ?ZMAX goto DOAREA
 RDCMND substituted energy or value "?ZMAX" to "14.0616092"
 Comparing "10.6" and "14.0616092".
 IF test evaluated as true.  Performing command
  
 CHARMM>     
  
 CHARMM>    ! Cross sectional protein area with whole atom.
 CHARMM>    scalar wmain = radius
  
 CHARMM>    scalar wmain mult 2.5   sele resname TIP3 end
 SELRPN>      0 atoms have been selected out of    500
  
 CHARMM>    scalar wmain add  1.529 sele .not. resname TIP3 end
 SELRPN>    500 atoms have been selected out of    500
  
 CHARMM>    scalar wmain mult 0.85  sele .not. resname TIP3 end
 SELRPN>    500 atoms have been selected out of    500
  
 CHARMM>    calc zab = ( @a + @b ) / 2.0
 Parameter: A -> "10.4"
 Parameter: B -> "10.6"
Evaluating: (10.4+10.6)/2.0
 Parameter: ZAB <- "10.5"
  
 CHARMM>     
  
 CHARMM>    coor search -
 CHARMM>         xmin @x1  xmax @x2  xgrip @xncel -
 CHARMM>         ymin @y1  ymax @y2  ygrip @yncel -
 CHARMM>         zmin @a   zmax @b   zgrip 5
 Parameter: X1 -> "-13.8257234"
 Parameter: X2 -> "13.3162766"
 Parameter: XNCEL -> "135"
 Parameter: Y1 -> "-13.9910845"
 Parameter: Y2 -> "13.9910845"
 Parameter: YNCEL -> "139"
 Parameter: A -> "10.4"
 Parameter: B -> "10.6"

 A TOTAL OF    55213   VACUUM POINTS WERE FOUND
 A TOTAL OF    38612 OCCUPIED POINTS WERE FOUND
 A TOTAL OF        0 EXTERNAL POINTS WERE FOUND
 A TOTAL OF    55213 SELECTED POINTS WERE FOUND
 TOTAL OCCUPIED  VOLUME =      62.511071
 TOTAL SELECTED  VOLUME =      89.387335
 TOTAL FREE      VOLUME =      89.387335
 FRACTIONAL FREE VOLUME =      58.846789
  
 CHARMM>     
  
 CHARMM>    calc c = ?volume * @factor
 Parameter: FACTOR -> "5"
 RDCMND substituted energy or value "?VOLUME" to "62.5110713"
Evaluating: 62.5110713*5
 Parameter: C <- "312.555357"
  
 CHARMM>     
  
 CHARMM>    if a .lt. -10 if a .gt. -20 if c .gt. @botarea set botarea = @c
 Parameter: BOTAREA -> "319.775893"
 Parameter: C -> "312.555357"
 Comparing "10.4" and "-10".
 IF test evaluated as false.  Skipping command
  
 CHARMM>    if a .gt.  10 if a .lt.  20 if c .gt. @toparea set toparea = @c
 Parameter: TOPAREA -> "316.505605"
 Parameter: C -> "312.555357"
 Comparing "10.4" and "10".
 IF test evaluated as true.  Performing command
 Comparing "10.4" and "20".
 IF test evaluated as true.  Performing command
 Comparing "312.555357" and "316.505605".
 IF test evaluated as false.  Skipping command
  
 CHARMM>     
  
 CHARMM>    write title unit 51
 RDTITL> * 10.6  312.555357
 RDTITL> *
  
 CHARMM>     
  
 CHARMM>    incr a by @dcel
 Parameter: DCEL -> "0.2"
 Parameter: A <- "10.6"
  
 CHARMM>    incr b by @dcel
 Parameter: DCEL -> "0.2"
 Parameter: B <- "10.8"
  
 CHARMM>    if b le ?ZMAX goto DOAREA
 RDCMND substituted energy or value "?ZMAX" to "14.0616092"
 Comparing "10.8" and "14.0616092".
 IF test evaluated as true.  Performing command
  
 CHARMM>     
  
 CHARMM>    ! Cross sectional protein area with whole atom.
 CHARMM>    scalar wmain = radius
  
 CHARMM>    scalar wmain mult 2.5   sele resname TIP3 end
 SELRPN>      0 atoms have been selected out of    500
  
 CHARMM>    scalar wmain add  1.529 sele .not. resname TIP3 end
 SELRPN>    500 atoms have been selected out of    500
  
 CHARMM>    scalar wmain mult 0.85  sele .not. resname TIP3 end
 SELRPN>    500 atoms have been selected out of    500
  
 CHARMM>    calc zab = ( @a + @b ) / 2.0
 Parameter: A -> "10.6"
 Parameter: B -> "10.8"
Evaluating: (10.6+10.8)/2.0
 Parameter: ZAB <- "10.7"
  
 CHARMM>     
  
 CHARMM>    coor search -
 CHARMM>         xmin @x1  xmax @x2  xgrip @xncel -
 CHARMM>         ymin @y1  ymax @y2  ygrip @yncel -
 CHARMM>         zmin @a   zmax @b   zgrip 5
 Parameter: X1 -> "-13.8257234"
 Parameter: X2 -> "13.3162766"
 Parameter: XNCEL -> "135"
 Parameter: Y1 -> "-13.9910845"
 Parameter: Y2 -> "13.9910845"
 Parameter: YNCEL -> "139"
 Parameter: A -> "10.6"
 Parameter: B -> "10.8"

 A TOTAL OF    55876   VACUUM POINTS WERE FOUND
 A TOTAL OF    37949 OCCUPIED POINTS WERE FOUND
 A TOTAL OF        0 EXTERNAL POINTS WERE FOUND
 A TOTAL OF    55876 SELECTED POINTS WERE FOUND
 TOTAL OCCUPIED  VOLUME =      61.437704
 TOTAL SELECTED  VOLUME =      90.460702
 TOTAL FREE      VOLUME =      90.460702
 FRACTIONAL FREE VOLUME =      59.553424
  
 CHARMM>     
  
 CHARMM>    calc c = ?volume * @factor
 Parameter: FACTOR -> "5"
 RDCMND substituted energy or value "?VOLUME" to "61.4377044"
Evaluating: 61.4377044*5
 Parameter: C <- "307.188522"
  
 CHARMM>     
  
 CHARMM>    if a .lt. -10 if a .gt. -20 if c .gt. @botarea set botarea = @c
 Parameter: BOTAREA -> "319.775893"
 Parameter: C -> "307.188522"
 Comparing "10.6" and "-10".
 IF test evaluated as false.  Skipping command
  
 CHARMM>    if a .gt.  10 if a .lt.  20 if c .gt. @toparea set toparea = @c
 Parameter: TOPAREA -> "316.505605"
 Parameter: C -> "307.188522"
 Comparing "10.6" and "10".
 IF test evaluated as true.  Performing command
 Comparing "10.6" and "20".
 IF test evaluated as true.  Performing command
 Comparing "307.188522" and "316.505605".
 IF test evaluated as false.  Skipping command
  
 CHARMM>     
  
 CHARMM>    write title unit 51
 RDTITL> * 10.8  307.188522
 RDTITL> *
  
 CHARMM>     
  
 CHARMM>    incr a by @dcel
 Parameter: DCEL -> "0.2"
 Parameter: A <- "10.8"
  
 CHARMM>    incr b by @dcel
 Parameter: DCEL -> "0.2"
 Parameter: B <- "11"
  
 CHARMM>    if b le ?ZMAX goto DOAREA
 RDCMND substituted energy or value "?ZMAX" to "14.0616092"
 Comparing "11" and "14.0616092".
 IF test evaluated as true.  Performing command
  
 CHARMM>     
  
 CHARMM>    ! Cross sectional protein area with whole atom.
 CHARMM>    scalar wmain = radius
  
 CHARMM>    scalar wmain mult 2.5   sele resname TIP3 end
 SELRPN>      0 atoms have been selected out of    500
  
 CHARMM>    scalar wmain add  1.529 sele .not. resname TIP3 end
 SELRPN>    500 atoms have been selected out of    500
  
 CHARMM>    scalar wmain mult 0.85  sele .not. resname TIP3 end
 SELRPN>    500 atoms have been selected out of    500
  
 CHARMM>    calc zab = ( @a + @b ) / 2.0
 Parameter: A -> "10.8"
 Parameter: B -> "11"
Evaluating: (10.8+11)/2.0
 Parameter: ZAB <- "10.9"
  
 CHARMM>     
  
 CHARMM>    coor search -
 CHARMM>         xmin @x1  xmax @x2  xgrip @xncel -
 CHARMM>         ymin @y1  ymax @y2  ygrip @yncel -
 CHARMM>         zmin @a   zmax @b   zgrip 5
 Parameter: X1 -> "-13.8257234"
 Parameter: X2 -> "13.3162766"
 Parameter: XNCEL -> "135"
 Parameter: Y1 -> "-13.9910845"
 Parameter: Y2 -> "13.9910845"
 Parameter: YNCEL -> "139"
 Parameter: A -> "10.8"
 Parameter: B -> "11"

 A TOTAL OF    56637   VACUUM POINTS WERE FOUND
 A TOTAL OF    37188 OCCUPIED POINTS WERE FOUND
 A TOTAL OF        0 EXTERNAL POINTS WERE FOUND
 A TOTAL OF    56637 SELECTED POINTS WERE FOUND
 TOTAL OCCUPIED  VOLUME =      60.205680
 TOTAL SELECTED  VOLUME =      91.692726
 TOTAL FREE      VOLUME =      91.692726
 FRACTIONAL FREE VOLUME =      60.364508
  
 CHARMM>     
  
 CHARMM>    calc c = ?volume * @factor
 Parameter: FACTOR -> "5"
 RDCMND substituted energy or value "?VOLUME" to "60.20568"
Evaluating: 60.20568*5
 Parameter: C <- "301.0284"
  
 CHARMM>     
  
 CHARMM>    if a .lt. -10 if a .gt. -20 if c .gt. @botarea set botarea = @c
 Parameter: BOTAREA -> "319.775893"
 Parameter: C -> "301.0284"
 Comparing "10.8" and "-10".
 IF test evaluated as false.  Skipping command
  
 CHARMM>    if a .gt.  10 if a .lt.  20 if c .gt. @toparea set toparea = @c
 Parameter: TOPAREA -> "316.505605"
 Parameter: C -> "301.0284"
 Comparing "10.8" and "10".
 IF test evaluated as true.  Performing command
 Comparing "10.8" and "20".
 IF test evaluated as true.  Performing command
 Comparing "301.0284" and "316.505605".
 IF test evaluated as false.  Skipping command
  
 CHARMM>     
  
 CHARMM>    write title unit 51
 RDTITL> * 11  301.0284
 RDTITL> *
  
 CHARMM>     
  
 CHARMM>    incr a by @dcel
 Parameter: DCEL -> "0.2"
 Parameter: A <- "11"
  
 CHARMM>    incr b by @dcel
 Parameter: DCEL -> "0.2"
 Parameter: B <- "11.2"
  
 CHARMM>    if b le ?ZMAX goto DOAREA
 RDCMND substituted energy or value "?ZMAX" to "14.0616092"
 Comparing "11.2" and "14.0616092".
 IF test evaluated as true.  Performing command
  
 CHARMM>     
  
 CHARMM>    ! Cross sectional protein area with whole atom.
 CHARMM>    scalar wmain = radius
  
 CHARMM>    scalar wmain mult 2.5   sele resname TIP3 end
 SELRPN>      0 atoms have been selected out of    500
  
 CHARMM>    scalar wmain add  1.529 sele .not. resname TIP3 end
 SELRPN>    500 atoms have been selected out of    500
  
 CHARMM>    scalar wmain mult 0.85  sele .not. resname TIP3 end
 SELRPN>    500 atoms have been selected out of    500
  
 CHARMM>    calc zab = ( @a + @b ) / 2.0
 Parameter: A -> "11"
 Parameter: B -> "11.2"
Evaluating: (11+11.2)/2.0
 Parameter: ZAB <- "11.1"
  
 CHARMM>     
  
 CHARMM>    coor search -
 CHARMM>         xmin @x1  xmax @x2  xgrip @xncel -
 CHARMM>         ymin @y1  ymax @y2  ygrip @yncel -
 CHARMM>         zmin @a   zmax @b   zgrip 5
 Parameter: X1 -> "-13.8257234"
 Parameter: X2 -> "13.3162766"
 Parameter: XNCEL -> "135"
 Parameter: Y1 -> "-13.9910845"
 Parameter: Y2 -> "13.9910845"
 Parameter: YNCEL -> "139"
 Parameter: A -> "11"
 Parameter: B -> "11.2"

 A TOTAL OF    57543   VACUUM POINTS WERE FOUND
 A TOTAL OF    36282 OCCUPIED POINTS WERE FOUND
 A TOTAL OF        0 EXTERNAL POINTS WERE FOUND
 A TOTAL OF    57543 SELECTED POINTS WERE FOUND
 TOTAL OCCUPIED  VOLUME =      58.738907
 TOTAL SELECTED  VOLUME =      93.159499
 TOTAL FREE      VOLUME =      93.159499
 FRACTIONAL FREE VOLUME =      61.330136
  
 CHARMM>     
  
 CHARMM>    calc c = ?volume * @factor
 Parameter: FACTOR -> "5"
 RDCMND substituted energy or value "?VOLUME" to "58.7389073"
Evaluating: 58.7389073*5
 Parameter: C <- "293.694537"
  
 CHARMM>     
  
 CHARMM>    if a .lt. -10 if a .gt. -20 if c .gt. @botarea set botarea = @c
 Parameter: BOTAREA -> "319.775893"
 Parameter: C -> "293.694537"
 Comparing "11" and "-10".
 IF test evaluated as false.  Skipping command
  
 CHARMM>    if a .gt.  10 if a .lt.  20 if c .gt. @toparea set toparea = @c
 Parameter: TOPAREA -> "316.505605"
 Parameter: C -> "293.694537"
 Comparing "11" and "10".
 IF test evaluated as true.  Performing command
 Comparing "11" and "20".
 IF test evaluated as true.  Performing command
 Comparing "293.694537" and "316.505605".
 IF test evaluated as false.  Skipping command
  
 CHARMM>     
  
 CHARMM>    write title unit 51
 RDTITL> * 11.2  293.694537
 RDTITL> *
  
 CHARMM>     
  
 CHARMM>    incr a by @dcel
 Parameter: DCEL -> "0.2"
 Parameter: A <- "11.2"
  
 CHARMM>    incr b by @dcel
 Parameter: DCEL -> "0.2"
 Parameter: B <- "11.4"
  
 CHARMM>    if b le ?ZMAX goto DOAREA
 RDCMND substituted energy or value "?ZMAX" to "14.0616092"
 Comparing "11.4" and "14.0616092".
 IF test evaluated as true.  Performing command
  
 CHARMM>     
  
 CHARMM>    ! Cross sectional protein area with whole atom.
 CHARMM>    scalar wmain = radius
  
 CHARMM>    scalar wmain mult 2.5   sele resname TIP3 end
 SELRPN>      0 atoms have been selected out of    500
  
 CHARMM>    scalar wmain add  1.529 sele .not. resname TIP3 end
 SELRPN>    500 atoms have been selected out of    500
  
 CHARMM>    scalar wmain mult 0.85  sele .not. resname TIP3 end
 SELRPN>    500 atoms have been selected out of    500
  
 CHARMM>    calc zab = ( @a + @b ) / 2.0
 Parameter: A -> "11.2"
 Parameter: B -> "11.4"
Evaluating: (11.2+11.4)/2.0
 Parameter: ZAB <- "11.3"
  
 CHARMM>     
  
 CHARMM>    coor search -
 CHARMM>         xmin @x1  xmax @x2  xgrip @xncel -
 CHARMM>         ymin @y1  ymax @y2  ygrip @yncel -
 CHARMM>         zmin @a   zmax @b   zgrip 5
 Parameter: X1 -> "-13.8257234"
 Parameter: X2 -> "13.3162766"
 Parameter: XNCEL -> "135"
 Parameter: Y1 -> "-13.9910845"
 Parameter: Y2 -> "13.9910845"
 Parameter: YNCEL -> "139"
 Parameter: A -> "11.2"
 Parameter: B -> "11.4"

 A TOTAL OF    58684   VACUUM POINTS WERE FOUND
 A TOTAL OF    35141 OCCUPIED POINTS WERE FOUND
 A TOTAL OF        0 EXTERNAL POINTS WERE FOUND
 A TOTAL OF    58684 SELECTED POINTS WERE FOUND
 TOTAL OCCUPIED  VOLUME =      56.891680
 TOTAL SELECTED  VOLUME =      95.006726
 TOTAL FREE      VOLUME =      95.006726
 FRACTIONAL FREE VOLUME =      62.546230
  
 CHARMM>     
  
 CHARMM>    calc c = ?volume * @factor
 Parameter: FACTOR -> "5"
 RDCMND substituted energy or value "?VOLUME" to "56.8916802"
Evaluating: 56.8916802*5
 Parameter: C <- "284.458401"
  
 CHARMM>     
  
 CHARMM>    if a .lt. -10 if a .gt. -20 if c .gt. @botarea set botarea = @c
 Parameter: BOTAREA -> "319.775893"
 Parameter: C -> "284.458401"
 Comparing "11.2" and "-10".
 IF test evaluated as false.  Skipping command
  
 CHARMM>    if a .gt.  10 if a .lt.  20 if c .gt. @toparea set toparea = @c
 Parameter: TOPAREA -> "316.505605"
 Parameter: C -> "284.458401"
 Comparing "11.2" and "10".
 IF test evaluated as true.  Performing command
 Comparing "11.2" and "20".
 IF test evaluated as true.  Performing command
 Comparing "284.458401" and "316.505605".
 IF test evaluated as false.  Skipping command
  
 CHARMM>     
  
 CHARMM>    write title unit 51
 RDTITL> * 11.4  284.458401
 RDTITL> *
  
 CHARMM>     
  
 CHARMM>    incr a by @dcel
 Parameter: DCEL -> "0.2"
 Parameter: A <- "11.4"
  
 CHARMM>    incr b by @dcel
 Parameter: DCEL -> "0.2"
 Parameter: B <- "11.6"
  
 CHARMM>    if b le ?ZMAX goto DOAREA
 RDCMND substituted energy or value "?ZMAX" to "14.0616092"
 Comparing "11.6" and "14.0616092".
 IF test evaluated as true.  Performing command
  
 CHARMM>     
  
 CHARMM>    ! Cross sectional protein area with whole atom.
 CHARMM>    scalar wmain = radius
  
 CHARMM>    scalar wmain mult 2.5   sele resname TIP3 end
 SELRPN>      0 atoms have been selected out of    500
  
 CHARMM>    scalar wmain add  1.529 sele .not. resname TIP3 end
 SELRPN>    500 atoms have been selected out of    500
  
 CHARMM>    scalar wmain mult 0.85  sele .not. resname TIP3 end
 SELRPN>    500 atoms have been selected out of    500
  
 CHARMM>    calc zab = ( @a + @b ) / 2.0
 Parameter: A -> "11.4"
 Parameter: B -> "11.6"
Evaluating: (11.4+11.6)/2.0
 Parameter: ZAB <- "11.5"
  
 CHARMM>     
  
 CHARMM>    coor search -
 CHARMM>         xmin @x1  xmax @x2  xgrip @xncel -
 CHARMM>         ymin @y1  ymax @y2  ygrip @yncel -
 CHARMM>         zmin @a   zmax @b   zgrip 5
 Parameter: X1 -> "-13.8257234"
 Parameter: X2 -> "13.3162766"
 Parameter: XNCEL -> "135"
 Parameter: Y1 -> "-13.9910845"
 Parameter: Y2 -> "13.9910845"
 Parameter: YNCEL -> "139"
 Parameter: A -> "11.4"
 Parameter: B -> "11.6"

 A TOTAL OF    60016   VACUUM POINTS WERE FOUND
 A TOTAL OF    33809 OCCUPIED POINTS WERE FOUND
 A TOTAL OF        0 EXTERNAL POINTS WERE FOUND
 A TOTAL OF    60016 SELECTED POINTS WERE FOUND
 TOTAL OCCUPIED  VOLUME =      54.735233
 TOTAL SELECTED  VOLUME =      97.163173
 TOTAL FREE      VOLUME =      97.163173
 FRACTIONAL FREE VOLUME =      63.965894
  
 CHARMM>     
  
 CHARMM>    calc c = ?volume * @factor
 Parameter: FACTOR -> "5"
 RDCMND substituted energy or value "?VOLUME" to "54.7352328"
Evaluating: 54.7352328*5
 Parameter: C <- "273.676164"
  
 CHARMM>     
  
 CHARMM>    if a .lt. -10 if a .gt. -20 if c .gt. @botarea set botarea = @c
 Parameter: BOTAREA -> "319.775893"
 Parameter: C -> "273.676164"
 Comparing "11.4" and "-10".
 IF test evaluated as false.  Skipping command
  
 CHARMM>    if a .gt.  10 if a .lt.  20 if c .gt. @toparea set toparea = @c
 Parameter: TOPAREA -> "316.505605"
 Parameter: C -> "273.676164"
 Comparing "11.4" and "10".
 IF test evaluated as true.  Performing command
 Comparing "11.4" and "20".
 IF test evaluated as true.  Performing command
 Comparing "273.676164" and "316.505605".
 IF test evaluated as false.  Skipping command
  
 CHARMM>     
  
 CHARMM>    write title unit 51
 RDTITL> * 11.6  273.676164
 RDTITL> *
  
 CHARMM>     
  
 CHARMM>    incr a by @dcel
 Parameter: DCEL -> "0.2"
 Parameter: A <- "11.6"
  
 CHARMM>    incr b by @dcel
 Parameter: DCEL -> "0.2"
 Parameter: B <- "11.8"
  
 CHARMM>    if b le ?ZMAX goto DOAREA
 RDCMND substituted energy or value "?ZMAX" to "14.0616092"
 Comparing "11.8" and "14.0616092".
 IF test evaluated as true.  Performing command
  
 CHARMM>     
  
 CHARMM>    ! Cross sectional protein area with whole atom.
 CHARMM>    scalar wmain = radius
  
 CHARMM>    scalar wmain mult 2.5   sele resname TIP3 end
 SELRPN>      0 atoms have been selected out of    500
  
 CHARMM>    scalar wmain add  1.529 sele .not. resname TIP3 end
 SELRPN>    500 atoms have been selected out of    500
  
 CHARMM>    scalar wmain mult 0.85  sele .not. resname TIP3 end
 SELRPN>    500 atoms have been selected out of    500
  
 CHARMM>    calc zab = ( @a + @b ) / 2.0
 Parameter: A -> "11.6"
 Parameter: B -> "11.8"
Evaluating: (11.6+11.8)/2.0
 Parameter: ZAB <- "11.7"
  
 CHARMM>     
  
 CHARMM>    coor search -
 CHARMM>         xmin @x1  xmax @x2  xgrip @xncel -
 CHARMM>         ymin @y1  ymax @y2  ygrip @yncel -
 CHARMM>         zmin @a   zmax @b   zgrip 5
 Parameter: X1 -> "-13.8257234"
 Parameter: X2 -> "13.3162766"
 Parameter: XNCEL -> "135"
 Parameter: Y1 -> "-13.9910845"
 Parameter: Y2 -> "13.9910845"
 Parameter: YNCEL -> "139"
 Parameter: A -> "11.6"
 Parameter: B -> "11.8"

 A TOTAL OF    61766   VACUUM POINTS WERE FOUND
 A TOTAL OF    32059 OCCUPIED POINTS WERE FOUND
 A TOTAL OF        0 EXTERNAL POINTS WERE FOUND
 A TOTAL OF    61766 SELECTED POINTS WERE FOUND
 TOTAL OCCUPIED  VOLUME =      51.902062
 TOTAL SELECTED  VOLUME =      99.996344
 TOTAL FREE      VOLUME =      99.996344
 FRACTIONAL FREE VOLUME =      65.831068
  
 CHARMM>     
  
 CHARMM>    calc c = ?volume * @factor
 Parameter: FACTOR -> "5"
 RDCMND substituted energy or value "?VOLUME" to "51.9020624"
Evaluating: 51.9020624*5
 Parameter: C <- "259.510312"
  
 CHARMM>     
  
 CHARMM>    if a .lt. -10 if a .gt. -20 if c .gt. @botarea set botarea = @c
 Parameter: BOTAREA -> "319.775893"
 Parameter: C -> "259.510312"
 Comparing "11.6" and "-10".
 IF test evaluated as false.  Skipping command
  
 CHARMM>    if a .gt.  10 if a .lt.  20 if c .gt. @toparea set toparea = @c
 Parameter: TOPAREA -> "316.505605"
 Parameter: C -> "259.510312"
 Comparing "11.6" and "10".
 IF test evaluated as true.  Performing command
 Comparing "11.6" and "20".
 IF test evaluated as true.  Performing command
 Comparing "259.510312" and "316.505605".
 IF test evaluated as false.  Skipping command
  
 CHARMM>     
  
 CHARMM>    write title unit 51
 RDTITL> * 11.8  259.510312
 RDTITL> *
  
 CHARMM>     
  
 CHARMM>    incr a by @dcel
 Parameter: DCEL -> "0.2"
 Parameter: A <- "11.8"
  
 CHARMM>    incr b by @dcel
 Parameter: DCEL -> "0.2"
 Parameter: B <- "12"
  
 CHARMM>    if b le ?ZMAX goto DOAREA
 RDCMND substituted energy or value "?ZMAX" to "14.0616092"
 Comparing "12" and "14.0616092".
 IF test evaluated as true.  Performing command
  
 CHARMM>     
  
 CHARMM>    ! Cross sectional protein area with whole atom.
 CHARMM>    scalar wmain = radius
  
 CHARMM>    scalar wmain mult 2.5   sele resname TIP3 end
 SELRPN>      0 atoms have been selected out of    500
  
 CHARMM>    scalar wmain add  1.529 sele .not. resname TIP3 end
 SELRPN>    500 atoms have been selected out of    500
  
 CHARMM>    scalar wmain mult 0.85  sele .not. resname TIP3 end
 SELRPN>    500 atoms have been selected out of    500
  
 CHARMM>    calc zab = ( @a + @b ) / 2.0
 Parameter: A -> "11.8"
 Parameter: B -> "12"
Evaluating: (11.8+12)/2.0
 Parameter: ZAB <- "11.9"
  
 CHARMM>     
  
 CHARMM>    coor search -
 CHARMM>         xmin @x1  xmax @x2  xgrip @xncel -
 CHARMM>         ymin @y1  ymax @y2  ygrip @yncel -
 CHARMM>         zmin @a   zmax @b   zgrip 5
 Parameter: X1 -> "-13.8257234"
 Parameter: X2 -> "13.3162766"
 Parameter: XNCEL -> "135"
 Parameter: Y1 -> "-13.9910845"
 Parameter: Y2 -> "13.9910845"
 Parameter: YNCEL -> "139"
 Parameter: A -> "11.8"
 Parameter: B -> "12"

 A TOTAL OF    63760   VACUUM POINTS WERE FOUND
 A TOTAL OF    30065 OCCUPIED POINTS WERE FOUND
 A TOTAL OF        0 EXTERNAL POINTS WERE FOUND
 A TOTAL OF    63760 SELECTED POINTS WERE FOUND
 TOTAL OCCUPIED  VOLUME =      48.673867
 TOTAL SELECTED  VOLUME =     103.224539
 TOTAL FREE      VOLUME =     103.224539
 FRACTIONAL FREE VOLUME =      67.956302
  
 CHARMM>     
  
 CHARMM>    calc c = ?volume * @factor
 Parameter: FACTOR -> "5"
 RDCMND substituted energy or value "?VOLUME" to "48.6738671"
Evaluating: 48.6738671*5
 Parameter: C <- "243.369336"
  
 CHARMM>     
  
 CHARMM>    if a .lt. -10 if a .gt. -20 if c .gt. @botarea set botarea = @c
 Parameter: BOTAREA -> "319.775893"
 Parameter: C -> "243.369336"
 Comparing "11.8" and "-10".
 IF test evaluated as false.  Skipping command
  
 CHARMM>    if a .gt.  10 if a .lt.  20 if c .gt. @toparea set toparea = @c
 Parameter: TOPAREA -> "316.505605"
 Parameter: C -> "243.369336"
 Comparing "11.8" and "10".
 IF test evaluated as true.  Performing command
 Comparing "11.8" and "20".
 IF test evaluated as true.  Performing command
 Comparing "243.369336" and "316.505605".
 IF test evaluated as false.  Skipping command
  
 CHARMM>     
  
 CHARMM>    write title unit 51
 RDTITL> * 12  243.369336
 RDTITL> *
  
 CHARMM>     
  
 CHARMM>    incr a by @dcel
 Parameter: DCEL -> "0.2"
 Parameter: A <- "12"
  
 CHARMM>    incr b by @dcel
 Parameter: DCEL -> "0.2"
 Parameter: B <- "12.2"
  
 CHARMM>    if b le ?ZMAX goto DOAREA
 RDCMND substituted energy or value "?ZMAX" to "14.0616092"
 Comparing "12.2" and "14.0616092".
 IF test evaluated as true.  Performing command
  
 CHARMM>     
  
 CHARMM>    ! Cross sectional protein area with whole atom.
 CHARMM>    scalar wmain = radius
  
 CHARMM>    scalar wmain mult 2.5   sele resname TIP3 end
 SELRPN>      0 atoms have been selected out of    500
  
 CHARMM>    scalar wmain add  1.529 sele .not. resname TIP3 end
 SELRPN>    500 atoms have been selected out of    500
  
 CHARMM>    scalar wmain mult 0.85  sele .not. resname TIP3 end
 SELRPN>    500 atoms have been selected out of    500
  
 CHARMM>    calc zab = ( @a + @b ) / 2.0
 Parameter: A -> "12"
 Parameter: B -> "12.2"
Evaluating: (12+12.2)/2.0
 Parameter: ZAB <- "12.1"
  
 CHARMM>     
  
 CHARMM>    coor search -
 CHARMM>         xmin @x1  xmax @x2  xgrip @xncel -
 CHARMM>         ymin @y1  ymax @y2  ygrip @yncel -
 CHARMM>         zmin @a   zmax @b   zgrip 5
 Parameter: X1 -> "-13.8257234"
 Parameter: X2 -> "13.3162766"
 Parameter: XNCEL -> "135"
 Parameter: Y1 -> "-13.9910845"
 Parameter: Y2 -> "13.9910845"
 Parameter: YNCEL -> "139"
 Parameter: A -> "12"
 Parameter: B -> "12.2"

 A TOTAL OF    65787   VACUUM POINTS WERE FOUND
 A TOTAL OF    28038 OCCUPIED POINTS WERE FOUND
 A TOTAL OF        0 EXTERNAL POINTS WERE FOUND
 A TOTAL OF    65787 SELECTED POINTS WERE FOUND
 TOTAL OCCUPIED  VOLUME =      45.392246
 TOTAL SELECTED  VOLUME =     106.506160
 TOTAL FREE      VOLUME =     106.506160
 FRACTIONAL FREE VOLUME =      70.116707
  
 CHARMM>     
  
 CHARMM>    calc c = ?volume * @factor
 Parameter: FACTOR -> "5"
 RDCMND substituted energy or value "?VOLUME" to "45.3922463"
Evaluating: 45.3922463*5
 Parameter: C <- "226.961231"
  
 CHARMM>     
  
 CHARMM>    if a .lt. -10 if a .gt. -20 if c .gt. @botarea set botarea = @c
 Parameter: BOTAREA -> "319.775893"
 Parameter: C -> "226.961231"
 Comparing "12" and "-10".
 IF test evaluated as false.  Skipping command
  
 CHARMM>    if a .gt.  10 if a .lt.  20 if c .gt. @toparea set toparea = @c
 Parameter: TOPAREA -> "316.505605"
 Parameter: C -> "226.961231"
 Comparing "12" and "10".
 IF test evaluated as true.  Performing command
 Comparing "12" and "20".
 IF test evaluated as true.  Performing command
 Comparing "226.961231" and "316.505605".
 IF test evaluated as false.  Skipping command
  
 CHARMM>     
  
 CHARMM>    write title unit 51
 RDTITL> * 12.2  226.961231
 RDTITL> *
  
 CHARMM>     
  
 CHARMM>    incr a by @dcel
 Parameter: DCEL -> "0.2"
 Parameter: A <- "12.2"
  
 CHARMM>    incr b by @dcel
 Parameter: DCEL -> "0.2"
 Parameter: B <- "12.4"
  
 CHARMM>    if b le ?ZMAX goto DOAREA
 RDCMND substituted energy or value "?ZMAX" to "14.0616092"
 Comparing "12.4" and "14.0616092".
 IF test evaluated as true.  Performing command
  
 CHARMM>     
  
 CHARMM>    ! Cross sectional protein area with whole atom.
 CHARMM>    scalar wmain = radius
  
 CHARMM>    scalar wmain mult 2.5   sele resname TIP3 end
 SELRPN>      0 atoms have been selected out of    500
  
 CHARMM>    scalar wmain add  1.529 sele .not. resname TIP3 end
 SELRPN>    500 atoms have been selected out of    500
  
 CHARMM>    scalar wmain mult 0.85  sele .not. resname TIP3 end
 SELRPN>    500 atoms have been selected out of    500
  
 CHARMM>    calc zab = ( @a + @b ) / 2.0
 Parameter: A -> "12.2"
 Parameter: B -> "12.4"
Evaluating: (12.2+12.4)/2.0
 Parameter: ZAB <- "12.3"
  
 CHARMM>     
  
 CHARMM>    coor search -
 CHARMM>         xmin @x1  xmax @x2  xgrip @xncel -
 CHARMM>         ymin @y1  ymax @y2  ygrip @yncel -
 CHARMM>         zmin @a   zmax @b   zgrip 5
 Parameter: X1 -> "-13.8257234"
 Parameter: X2 -> "13.3162766"
 Parameter: XNCEL -> "135"
 Parameter: Y1 -> "-13.9910845"
 Parameter: Y2 -> "13.9910845"
 Parameter: YNCEL -> "139"
 Parameter: A -> "12.2"
 Parameter: B -> "12.4"

 A TOTAL OF    67844   VACUUM POINTS WERE FOUND
 A TOTAL OF    25981 OCCUPIED POINTS WERE FOUND
 A TOTAL OF        0 EXTERNAL POINTS WERE FOUND
 A TOTAL OF    67844 SELECTED POINTS WERE FOUND
 TOTAL OCCUPIED  VOLUME =      42.062057
 TOTAL SELECTED  VOLUME =     109.836349
 TOTAL FREE      VOLUME =     109.836349
 FRACTIONAL FREE VOLUME =      72.309086
  
 CHARMM>     
  
 CHARMM>    calc c = ?volume * @factor
 Parameter: FACTOR -> "5"
 RDCMND substituted energy or value "?VOLUME" to "42.0620569"
Evaluating: 42.0620569*5
 Parameter: C <- "210.310285"
  
 CHARMM>     
  
 CHARMM>    if a .lt. -10 if a .gt. -20 if c .gt. @botarea set botarea = @c
 Parameter: BOTAREA -> "319.775893"
 Parameter: C -> "210.310285"
 Comparing "12.2" and "-10".
 IF test evaluated as false.  Skipping command
  
 CHARMM>    if a .gt.  10 if a .lt.  20 if c .gt. @toparea set toparea = @c
 Parameter: TOPAREA -> "316.505605"
 Parameter: C -> "210.310285"
 Comparing "12.2" and "10".
 IF test evaluated as true.  Performing command
 Comparing "12.2" and "20".
 IF test evaluated as true.  Performing command
 Comparing "210.310285" and "316.505605".
 IF test evaluated as false.  Skipping command
  
 CHARMM>     
  
 CHARMM>    write title unit 51
 RDTITL> * 12.4  210.310285
 RDTITL> *
  
 CHARMM>     
  
 CHARMM>    incr a by @dcel
 Parameter: DCEL -> "0.2"
 Parameter: A <- "12.4"
  
 CHARMM>    incr b by @dcel
 Parameter: DCEL -> "0.2"
 Parameter: B <- "12.6"
  
 CHARMM>    if b le ?ZMAX goto DOAREA
 RDCMND substituted energy or value "?ZMAX" to "14.0616092"
 Comparing "12.6" and "14.0616092".
 IF test evaluated as true.  Performing command
  
 CHARMM>     
  
 CHARMM>    ! Cross sectional protein area with whole atom.
 CHARMM>    scalar wmain = radius
  
 CHARMM>    scalar wmain mult 2.5   sele resname TIP3 end
 SELRPN>      0 atoms have been selected out of    500
  
 CHARMM>    scalar wmain add  1.529 sele .not. resname TIP3 end
 SELRPN>    500 atoms have been selected out of    500
  
 CHARMM>    scalar wmain mult 0.85  sele .not. resname TIP3 end
 SELRPN>    500 atoms have been selected out of    500
  
 CHARMM>    calc zab = ( @a + @b ) / 2.0
 Parameter: A -> "12.4"
 Parameter: B -> "12.6"
Evaluating: (12.4+12.6)/2.0
 Parameter: ZAB <- "12.5"
  
 CHARMM>     
  
 CHARMM>    coor search -
 CHARMM>         xmin @x1  xmax @x2  xgrip @xncel -
 CHARMM>         ymin @y1  ymax @y2  ygrip @yncel -
 CHARMM>         zmin @a   zmax @b   zgrip 5
 Parameter: X1 -> "-13.8257234"
 Parameter: X2 -> "13.3162766"
 Parameter: XNCEL -> "135"
 Parameter: Y1 -> "-13.9910845"
 Parameter: Y2 -> "13.9910845"
 Parameter: YNCEL -> "139"
 Parameter: A -> "12.4"
 Parameter: B -> "12.6"

 A TOTAL OF    69727   VACUUM POINTS WERE FOUND
 A TOTAL OF    24098 OCCUPIED POINTS WERE FOUND
 A TOTAL OF        0 EXTERNAL POINTS WERE FOUND
 A TOTAL OF    69727 SELECTED POINTS WERE FOUND
 TOTAL OCCUPIED  VOLUME =      39.013566
 TOTAL SELECTED  VOLUME =     112.884841
 TOTAL FREE      VOLUME =     112.884841
 FRACTIONAL FREE VOLUME =      74.316014
  
 CHARMM>     
  
 CHARMM>    calc c = ?volume * @factor
 Parameter: FACTOR -> "5"
 RDCMND substituted energy or value "?VOLUME" to "39.0135656"
Evaluating: 39.0135656*5
 Parameter: C <- "195.067828"
  
 CHARMM>     
  
 CHARMM>    if a .lt. -10 if a .gt. -20 if c .gt. @botarea set botarea = @c
 Parameter: BOTAREA -> "319.775893"
 Parameter: C -> "195.067828"
 Comparing "12.4" and "-10".
 IF test evaluated as false.  Skipping command
  
 CHARMM>    if a .gt.  10 if a .lt.  20 if c .gt. @toparea set toparea = @c
 Parameter: TOPAREA -> "316.505605"
 Parameter: C -> "195.067828"
 Comparing "12.4" and "10".
 IF test evaluated as true.  Performing command
 Comparing "12.4" and "20".
 IF test evaluated as true.  Performing command
 Comparing "195.067828" and "316.505605".
 IF test evaluated as false.  Skipping command
  
 CHARMM>     
  
 CHARMM>    write title unit 51
 RDTITL> * 12.6  195.067828
 RDTITL> *
  
 CHARMM>     
  
 CHARMM>    incr a by @dcel
 Parameter: DCEL -> "0.2"
 Parameter: A <- "12.6"
  
 CHARMM>    incr b by @dcel
 Parameter: DCEL -> "0.2"
 Parameter: B <- "12.8"
  
 CHARMM>    if b le ?ZMAX goto DOAREA
 RDCMND substituted energy or value "?ZMAX" to "14.0616092"
 Comparing "12.8" and "14.0616092".
 IF test evaluated as true.  Performing command
  
 CHARMM>     
  
 CHARMM>    ! Cross sectional protein area with whole atom.
 CHARMM>    scalar wmain = radius
  
 CHARMM>    scalar wmain mult 2.5   sele resname TIP3 end
 SELRPN>      0 atoms have been selected out of    500
  
 CHARMM>    scalar wmain add  1.529 sele .not. resname TIP3 end
 SELRPN>    500 atoms have been selected out of    500
  
 CHARMM>    scalar wmain mult 0.85  sele .not. resname TIP3 end
 SELRPN>    500 atoms have been selected out of    500
  
 CHARMM>    calc zab = ( @a + @b ) / 2.0
 Parameter: A -> "12.6"
 Parameter: B -> "12.8"
Evaluating: (12.6+12.8)/2.0
 Parameter: ZAB <- "12.7"
  
 CHARMM>     
  
 CHARMM>    coor search -
 CHARMM>         xmin @x1  xmax @x2  xgrip @xncel -
 CHARMM>         ymin @y1  ymax @y2  ygrip @yncel -
 CHARMM>         zmin @a   zmax @b   zgrip 5
 Parameter: X1 -> "-13.8257234"
 Parameter: X2 -> "13.3162766"
 Parameter: XNCEL -> "135"
 Parameter: Y1 -> "-13.9910845"
 Parameter: Y2 -> "13.9910845"
 Parameter: YNCEL -> "139"
 Parameter: A -> "12.6"
 Parameter: B -> "12.8"

 A TOTAL OF    71649   VACUUM POINTS WERE FOUND
 A TOTAL OF    22176 OCCUPIED POINTS WERE FOUND
 A TOTAL OF        0 EXTERNAL POINTS WERE FOUND
 A TOTAL OF    71649 SELECTED POINTS WERE FOUND
 TOTAL OCCUPIED  VOLUME =      35.901935
 TOTAL SELECTED  VOLUME =     115.996471
 TOTAL FREE      VOLUME =     115.996471
 FRACTIONAL FREE VOLUME =      76.364508
  
 CHARMM>     
  
 CHARMM>    calc c = ?volume * @factor
 Parameter: FACTOR -> "5"
 RDCMND substituted energy or value "?VOLUME" to "35.901935"
Evaluating: 35.901935*5
 Parameter: C <- "179.509675"
  
 CHARMM>     
  
 CHARMM>    if a .lt. -10 if a .gt. -20 if c .gt. @botarea set botarea = @c
 Parameter: BOTAREA -> "319.775893"
 Parameter: C -> "179.509675"
 Comparing "12.6" and "-10".
 IF test evaluated as false.  Skipping command
  
 CHARMM>    if a .gt.  10 if a .lt.  20 if c .gt. @toparea set toparea = @c
 Parameter: TOPAREA -> "316.505605"
 Parameter: C -> "179.509675"
 Comparing "12.6" and "10".
 IF test evaluated as true.  Performing command
 Comparing "12.6" and "20".
 IF test evaluated as true.  Performing command
 Comparing "179.509675" and "316.505605".
 IF test evaluated as false.  Skipping command
  
 CHARMM>     
  
 CHARMM>    write title unit 51
 RDTITL> * 12.8  179.509675
 RDTITL> *
  
 CHARMM>     
  
 CHARMM>    incr a by @dcel
 Parameter: DCEL -> "0.2"
 Parameter: A <- "12.8"
  
 CHARMM>    incr b by @dcel
 Parameter: DCEL -> "0.2"
 Parameter: B <- "13"
  
 CHARMM>    if b le ?ZMAX goto DOAREA
 RDCMND substituted energy or value "?ZMAX" to "14.0616092"
 Comparing "13" and "14.0616092".
 IF test evaluated as true.  Performing command
  
 CHARMM>     
  
 CHARMM>    ! Cross sectional protein area with whole atom.
 CHARMM>    scalar wmain = radius
  
 CHARMM>    scalar wmain mult 2.5   sele resname TIP3 end
 SELRPN>      0 atoms have been selected out of    500
  
 CHARMM>    scalar wmain add  1.529 sele .not. resname TIP3 end
 SELRPN>    500 atoms have been selected out of    500
  
 CHARMM>    scalar wmain mult 0.85  sele .not. resname TIP3 end
 SELRPN>    500 atoms have been selected out of    500
  
 CHARMM>    calc zab = ( @a + @b ) / 2.0
 Parameter: A -> "12.8"
 Parameter: B -> "13"
Evaluating: (12.8+13)/2.0
 Parameter: ZAB <- "12.9"
  
 CHARMM>     
  
 CHARMM>    coor search -
 CHARMM>         xmin @x1  xmax @x2  xgrip @xncel -
 CHARMM>         ymin @y1  ymax @y2  ygrip @yncel -
 CHARMM>         zmin @a   zmax @b   zgrip 5
 Parameter: X1 -> "-13.8257234"
 Parameter: X2 -> "13.3162766"
 Parameter: XNCEL -> "135"
 Parameter: Y1 -> "-13.9910845"
 Parameter: Y2 -> "13.9910845"
 Parameter: YNCEL -> "139"
 Parameter: A -> "12.8"
 Parameter: B -> "13"

 A TOTAL OF    73332   VACUUM POINTS WERE FOUND
 A TOTAL OF    20493 OCCUPIED POINTS WERE FOUND
 A TOTAL OF        0 EXTERNAL POINTS WERE FOUND
 A TOTAL OF    73332 SELECTED POINTS WERE FOUND
 TOTAL OCCUPIED  VOLUME =      33.177235
 TOTAL SELECTED  VOLUME =     118.721172
 TOTAL FREE      VOLUME =     118.721172
 FRACTIONAL FREE VOLUME =      78.158273
  
 CHARMM>     
  
 CHARMM>    calc c = ?volume * @factor
 Parameter: FACTOR -> "5"
 RDCMND substituted energy or value "?VOLUME" to "33.1772346"
Evaluating: 33.1772346*5
 Parameter: C <- "165.886173"
  
 CHARMM>     
  
 CHARMM>    if a .lt. -10 if a .gt. -20 if c .gt. @botarea set botarea = @c
 Parameter: BOTAREA -> "319.775893"
 Parameter: C -> "165.886173"
 Comparing "12.8" and "-10".
 IF test evaluated as false.  Skipping command
  
 CHARMM>    if a .gt.  10 if a .lt.  20 if c .gt. @toparea set toparea = @c
 Parameter: TOPAREA -> "316.505605"
 Parameter: C -> "165.886173"
 Comparing "12.8" and "10".
 IF test evaluated as true.  Performing command
 Comparing "12.8" and "20".
 IF test evaluated as true.  Performing command
 Comparing "165.886173" and "316.505605".
 IF test evaluated as false.  Skipping command
  
 CHARMM>     
  
 CHARMM>    write title unit 51
 RDTITL> * 13  165.886173
 RDTITL> *
  
 CHARMM>     
  
 CHARMM>    incr a by @dcel
 Parameter: DCEL -> "0.2"
 Parameter: A <- "13"
  
 CHARMM>    incr b by @dcel
 Parameter: DCEL -> "0.2"
 Parameter: B <- "13.2"
  
 CHARMM>    if b le ?ZMAX goto DOAREA
 RDCMND substituted energy or value "?ZMAX" to "14.0616092"
 Comparing "13.2" and "14.0616092".
 IF test evaluated as true.  Performing command
  
 CHARMM>     
  
 CHARMM>    ! Cross sectional protein area with whole atom.
 CHARMM>    scalar wmain = radius
  
 CHARMM>    scalar wmain mult 2.5   sele resname TIP3 end
 SELRPN>      0 atoms have been selected out of    500
  
 CHARMM>    scalar wmain add  1.529 sele .not. resname TIP3 end
 SELRPN>    500 atoms have been selected out of    500
  
 CHARMM>    scalar wmain mult 0.85  sele .not. resname TIP3 end
 SELRPN>    500 atoms have been selected out of    500
  
 CHARMM>    calc zab = ( @a + @b ) / 2.0
 Parameter: A -> "13"
 Parameter: B -> "13.2"
Evaluating: (13+13.2)/2.0
 Parameter: ZAB <- "13.1"
  
 CHARMM>     
  
 CHARMM>    coor search -
 CHARMM>         xmin @x1  xmax @x2  xgrip @xncel -
 CHARMM>         ymin @y1  ymax @y2  ygrip @yncel -
 CHARMM>         zmin @a   zmax @b   zgrip 5
 Parameter: X1 -> "-13.8257234"
 Parameter: X2 -> "13.3162766"
 Parameter: XNCEL -> "135"
 Parameter: Y1 -> "-13.9910845"
 Parameter: Y2 -> "13.9910845"
 Parameter: YNCEL -> "139"
 Parameter: A -> "13"
 Parameter: B -> "13.2"

 A TOTAL OF    75070   VACUUM POINTS WERE FOUND
 A TOTAL OF    18755 OCCUPIED POINTS WERE FOUND
 A TOTAL OF        0 EXTERNAL POINTS WERE FOUND
 A TOTAL OF    75070 SELECTED POINTS WERE FOUND
 TOTAL OCCUPIED  VOLUME =      30.363492
 TOTAL SELECTED  VOLUME =     121.534915
 TOTAL FREE      VOLUME =     121.534915
 FRACTIONAL FREE VOLUME =      80.010658
  
 CHARMM>     
  
 CHARMM>    calc c = ?volume * @factor
 Parameter: FACTOR -> "5"
 RDCMND substituted energy or value "?VOLUME" to "30.3634917"
Evaluating: 30.3634917*5
 Parameter: C <- "151.817459"
  
 CHARMM>     
  
 CHARMM>    if a .lt. -10 if a .gt. -20 if c .gt. @botarea set botarea = @c
 Parameter: BOTAREA -> "319.775893"
 Parameter: C -> "151.817459"
 Comparing "13" and "-10".
 IF test evaluated as false.  Skipping command
  
 CHARMM>    if a .gt.  10 if a .lt.  20 if c .gt. @toparea set toparea = @c
 Parameter: TOPAREA -> "316.505605"
 Parameter: C -> "151.817459"
 Comparing "13" and "10".
 IF test evaluated as true.  Performing command
 Comparing "13" and "20".
 IF test evaluated as true.  Performing command
 Comparing "151.817459" and "316.505605".
 IF test evaluated as false.  Skipping command
  
 CHARMM>     
  
 CHARMM>    write title unit 51
 RDTITL> * 13.2  151.817459
 RDTITL> *
  
 CHARMM>     
  
 CHARMM>    incr a by @dcel
 Parameter: DCEL -> "0.2"
 Parameter: A <- "13.2"
  
 CHARMM>    incr b by @dcel
 Parameter: DCEL -> "0.2"
 Parameter: B <- "13.4"
  
 CHARMM>    if b le ?ZMAX goto DOAREA
 RDCMND substituted energy or value "?ZMAX" to "14.0616092"
 Comparing "13.4" and "14.0616092".
 IF test evaluated as true.  Performing command
  
 CHARMM>     
  
 CHARMM>    ! Cross sectional protein area with whole atom.
 CHARMM>    scalar wmain = radius
  
 CHARMM>    scalar wmain mult 2.5   sele resname TIP3 end
 SELRPN>      0 atoms have been selected out of    500
  
 CHARMM>    scalar wmain add  1.529 sele .not. resname TIP3 end
 SELRPN>    500 atoms have been selected out of    500
  
 CHARMM>    scalar wmain mult 0.85  sele .not. resname TIP3 end
 SELRPN>    500 atoms have been selected out of    500
  
 CHARMM>    calc zab = ( @a + @b ) / 2.0
 Parameter: A -> "13.2"
 Parameter: B -> "13.4"
Evaluating: (13.2+13.4)/2.0
 Parameter: ZAB <- "13.3"
  
 CHARMM>     
  
 CHARMM>    coor search -
 CHARMM>         xmin @x1  xmax @x2  xgrip @xncel -
 CHARMM>         ymin @y1  ymax @y2  ygrip @yncel -
 CHARMM>         zmin @a   zmax @b   zgrip 5
 Parameter: X1 -> "-13.8257234"
 Parameter: X2 -> "13.3162766"
 Parameter: XNCEL -> "135"
 Parameter: Y1 -> "-13.9910845"
 Parameter: Y2 -> "13.9910845"
 Parameter: YNCEL -> "139"
 Parameter: A -> "13.2"
 Parameter: B -> "13.4"

 A TOTAL OF    76901   VACUUM POINTS WERE FOUND
 A TOTAL OF    16924 OCCUPIED POINTS WERE FOUND
 A TOTAL OF        0 EXTERNAL POINTS WERE FOUND
 A TOTAL OF    76901 SELECTED POINTS WERE FOUND
 TOTAL OCCUPIED  VOLUME =      27.399186
 TOTAL SELECTED  VOLUME =     124.499220
 TOTAL FREE      VOLUME =     124.499220
 FRACTIONAL FREE VOLUME =      81.962164
  
 CHARMM>     
  
 CHARMM>    calc c = ?volume * @factor
 Parameter: FACTOR -> "5"
 RDCMND substituted energy or value "?VOLUME" to "27.399186"
Evaluating: 27.399186*5
 Parameter: C <- "136.99593"
  
 CHARMM>     
  
 CHARMM>    if a .lt. -10 if a .gt. -20 if c .gt. @botarea set botarea = @c
 Parameter: BOTAREA -> "319.775893"
 Parameter: C -> "136.99593"
 Comparing "13.2" and "-10".
 IF test evaluated as false.  Skipping command
  
 CHARMM>    if a .gt.  10 if a .lt.  20 if c .gt. @toparea set toparea = @c
 Parameter: TOPAREA -> "316.505605"
 Parameter: C -> "136.99593"
 Comparing "13.2" and "10".
 IF test evaluated as true.  Performing command
 Comparing "13.2" and "20".
 IF test evaluated as true.  Performing command
 Comparing "136.99593" and "316.505605".
 IF test evaluated as false.  Skipping command
  
 CHARMM>     
  
 CHARMM>    write title unit 51
 RDTITL> * 13.4  136.99593
 RDTITL> *
  
 CHARMM>     
  
 CHARMM>    incr a by @dcel
 Parameter: DCEL -> "0.2"
 Parameter: A <- "13.4"
  
 CHARMM>    incr b by @dcel
 Parameter: DCEL -> "0.2"
 Parameter: B <- "13.6"
  
 CHARMM>    if b le ?ZMAX goto DOAREA
 RDCMND substituted energy or value "?ZMAX" to "14.0616092"
 Comparing "13.6" and "14.0616092".
 IF test evaluated as true.  Performing command
  
 CHARMM>     
  
 CHARMM>    ! Cross sectional protein area with whole atom.
 CHARMM>    scalar wmain = radius
  
 CHARMM>    scalar wmain mult 2.5   sele resname TIP3 end
 SELRPN>      0 atoms have been selected out of    500
  
 CHARMM>    scalar wmain add  1.529 sele .not. resname TIP3 end
 SELRPN>    500 atoms have been selected out of    500
  
 CHARMM>    scalar wmain mult 0.85  sele .not. resname TIP3 end
 SELRPN>    500 atoms have been selected out of    500
  
 CHARMM>    calc zab = ( @a + @b ) / 2.0
 Parameter: A -> "13.4"
 Parameter: B -> "13.6"
Evaluating: (13.4+13.6)/2.0
 Parameter: ZAB <- "13.5"
  
 CHARMM>     
  
 CHARMM>    coor search -
 CHARMM>         xmin @x1  xmax @x2  xgrip @xncel -
 CHARMM>         ymin @y1  ymax @y2  ygrip @yncel -
 CHARMM>         zmin @a   zmax @b   zgrip 5
 Parameter: X1 -> "-13.8257234"
 Parameter: X2 -> "13.3162766"
 Parameter: XNCEL -> "135"
 Parameter: Y1 -> "-13.9910845"
 Parameter: Y2 -> "13.9910845"
 Parameter: YNCEL -> "139"
 Parameter: A -> "13.4"
 Parameter: B -> "13.6"

 A TOTAL OF    78590   VACUUM POINTS WERE FOUND
 A TOTAL OF    15235 OCCUPIED POINTS WERE FOUND
 A TOTAL OF        0 EXTERNAL POINTS WERE FOUND
 A TOTAL OF    78590 SELECTED POINTS WERE FOUND
 TOTAL OCCUPIED  VOLUME =      24.664772
 TOTAL SELECTED  VOLUME =     127.233634
 TOTAL FREE      VOLUME =     127.233634
 FRACTIONAL FREE VOLUME =      83.762323
  
 CHARMM>     
  
 CHARMM>    calc c = ?volume * @factor
 Parameter: FACTOR -> "5"
 RDCMND substituted energy or value "?VOLUME" to "24.6647718"
Evaluating: 24.6647718*5
 Parameter: C <- "123.323859"
  
 CHARMM>     
  
 CHARMM>    if a .lt. -10 if a .gt. -20 if c .gt. @botarea set botarea = @c
 Parameter: BOTAREA -> "319.775893"
 Parameter: C -> "123.323859"
 Comparing "13.4" and "-10".
 IF test evaluated as false.  Skipping command
  
 CHARMM>    if a .gt.  10 if a .lt.  20 if c .gt. @toparea set toparea = @c
 Parameter: TOPAREA -> "316.505605"
 Parameter: C -> "123.323859"
 Comparing "13.4" and "10".
 IF test evaluated as true.  Performing command
 Comparing "13.4" and "20".
 IF test evaluated as true.  Performing command
 Comparing "123.323859" and "316.505605".
 IF test evaluated as false.  Skipping command
  
 CHARMM>     
  
 CHARMM>    write title unit 51
 RDTITL> * 13.6  123.323859
 RDTITL> *
  
 CHARMM>     
  
 CHARMM>    incr a by @dcel
 Parameter: DCEL -> "0.2"
 Parameter: A <- "13.6"
  
 CHARMM>    incr b by @dcel
 Parameter: DCEL -> "0.2"
 Parameter: B <- "13.8"
  
 CHARMM>    if b le ?ZMAX goto DOAREA
 RDCMND substituted energy or value "?ZMAX" to "14.0616092"
 Comparing "13.8" and "14.0616092".
 IF test evaluated as true.  Performing command
  
 CHARMM>     
  
 CHARMM>    ! Cross sectional protein area with whole atom.
 CHARMM>    scalar wmain = radius
  
 CHARMM>    scalar wmain mult 2.5   sele resname TIP3 end
 SELRPN>      0 atoms have been selected out of    500
  
 CHARMM>    scalar wmain add  1.529 sele .not. resname TIP3 end
 SELRPN>    500 atoms have been selected out of    500
  
 CHARMM>    scalar wmain mult 0.85  sele .not. resname TIP3 end
 SELRPN>    500 atoms have been selected out of    500
  
 CHARMM>    calc zab = ( @a + @b ) / 2.0
 Parameter: A -> "13.6"
 Parameter: B -> "13.8"
Evaluating: (13.6+13.8)/2.0
 Parameter: ZAB <- "13.7"
  
 CHARMM>     
  
 CHARMM>    coor search -
 CHARMM>         xmin @x1  xmax @x2  xgrip @xncel -
 CHARMM>         ymin @y1  ymax @y2  ygrip @yncel -
 CHARMM>         zmin @a   zmax @b   zgrip 5
 Parameter: X1 -> "-13.8257234"
 Parameter: X2 -> "13.3162766"
 Parameter: XNCEL -> "135"
 Parameter: Y1 -> "-13.9910845"
 Parameter: Y2 -> "13.9910845"
 Parameter: YNCEL -> "139"
 Parameter: A -> "13.6"
 Parameter: B -> "13.8"

 A TOTAL OF    80187   VACUUM POINTS WERE FOUND
 A TOTAL OF    13638 OCCUPIED POINTS WERE FOUND
 A TOTAL OF        0 EXTERNAL POINTS WERE FOUND
 A TOTAL OF    80187 SELECTED POINTS WERE FOUND
 TOTAL OCCUPIED  VOLUME =      22.079302
 TOTAL SELECTED  VOLUME =     129.819105
 TOTAL FREE      VOLUME =     129.819105
 FRACTIONAL FREE VOLUME =      85.464428
  
 CHARMM>     
  
 CHARMM>    calc c = ?volume * @factor
 Parameter: FACTOR -> "5"
 RDCMND substituted energy or value "?VOLUME" to "22.0793015"
Evaluating: 22.0793015*5
 Parameter: C <- "110.396507"
  
 CHARMM>     
  
 CHARMM>    if a .lt. -10 if a .gt. -20 if c .gt. @botarea set botarea = @c
 Parameter: BOTAREA -> "319.775893"
 Parameter: C -> "110.396507"
 Comparing "13.6" and "-10".
 IF test evaluated as false.  Skipping command
  
 CHARMM>    if a .gt.  10 if a .lt.  20 if c .gt. @toparea set toparea = @c
 Parameter: TOPAREA -> "316.505605"
 Parameter: C -> "110.396507"
 Comparing "13.6" and "10".
 IF test evaluated as true.  Performing command
 Comparing "13.6" and "20".
 IF test evaluated as true.  Performing command
 Comparing "110.396507" and "316.505605".
 IF test evaluated as false.  Skipping command
  
 CHARMM>     
  
 CHARMM>    write title unit 51
 RDTITL> * 13.8  110.396507
 RDTITL> *
  
 CHARMM>     
  
 CHARMM>    incr a by @dcel
 Parameter: DCEL -> "0.2"
 Parameter: A <- "13.8"
  
 CHARMM>    incr b by @dcel
 Parameter: DCEL -> "0.2"
 Parameter: B <- "14"
  
 CHARMM>    if b le ?ZMAX goto DOAREA
 RDCMND substituted energy or value "?ZMAX" to "14.0616092"
 Comparing "14" and "14.0616092".
 IF test evaluated as true.  Performing command
  
 CHARMM>     
  
 CHARMM>    ! Cross sectional protein area with whole atom.
 CHARMM>    scalar wmain = radius
  
 CHARMM>    scalar wmain mult 2.5   sele resname TIP3 end
 SELRPN>      0 atoms have been selected out of    500
  
 CHARMM>    scalar wmain add  1.529 sele .not. resname TIP3 end
 SELRPN>    500 atoms have been selected out of    500
  
 CHARMM>    scalar wmain mult 0.85  sele .not. resname TIP3 end
 SELRPN>    500 atoms have been selected out of    500
  
 CHARMM>    calc zab = ( @a + @b ) / 2.0
 Parameter: A -> "13.8"
 Parameter: B -> "14"
Evaluating: (13.8+14)/2.0
 Parameter: ZAB <- "13.9"
  
 CHARMM>     
  
 CHARMM>    coor search -
 CHARMM>         xmin @x1  xmax @x2  xgrip @xncel -
 CHARMM>         ymin @y1  ymax @y2  ygrip @yncel -
 CHARMM>         zmin @a   zmax @b   zgrip 5
 Parameter: X1 -> "-13.8257234"
 Parameter: X2 -> "13.3162766"
 Parameter: XNCEL -> "135"
 Parameter: Y1 -> "-13.9910845"
 Parameter: Y2 -> "13.9910845"
 Parameter: YNCEL -> "139"
 Parameter: A -> "13.8"
 Parameter: B -> "14"

 A TOTAL OF    81481   VACUUM POINTS WERE FOUND
 A TOTAL OF    12344 OCCUPIED POINTS WERE FOUND
 A TOTAL OF        0 EXTERNAL POINTS WERE FOUND
 A TOTAL OF    81481 SELECTED POINTS WERE FOUND
 TOTAL OCCUPIED  VOLUME =      19.984374
 TOTAL SELECTED  VOLUME =     131.914032
 TOTAL FREE      VOLUME =     131.914032
 FRACTIONAL FREE VOLUME =      86.843592
  
 CHARMM>     
  
 CHARMM>    calc c = ?volume * @factor
 Parameter: FACTOR -> "5"
 RDCMND substituted energy or value "?VOLUME" to "19.9843744"
Evaluating: 19.9843744*5
 Parameter: C <- "99.921872"
  
 CHARMM>     
  
 CHARMM>    if a .lt. -10 if a .gt. -20 if c .gt. @botarea set botarea = @c
 Parameter: BOTAREA -> "319.775893"
 Parameter: C -> "99.921872"
 Comparing "13.8" and "-10".
 IF test evaluated as false.  Skipping command
  
 CHARMM>    if a .gt.  10 if a .lt.  20 if c .gt. @toparea set toparea = @c
 Parameter: TOPAREA -> "316.505605"
 Parameter: C -> "99.921872"
 Comparing "13.8" and "10".
 IF test evaluated as true.  Performing command
 Comparing "13.8" and "20".
 IF test evaluated as true.  Performing command
 Comparing "99.921872" and "316.505605".
 IF test evaluated as false.  Skipping command
  
 CHARMM>     
  
 CHARMM>    write title unit 51
 RDTITL> * 14  99.921872
 RDTITL> *
  
 CHARMM>     
  
 CHARMM>    incr a by @dcel
 Parameter: DCEL -> "0.2"
 Parameter: A <- "14"
  
 CHARMM>    incr b by @dcel
 Parameter: DCEL -> "0.2"
 Parameter: B <- "14.2"
  
 CHARMM>    if b le ?ZMAX goto DOAREA
 RDCMND substituted energy or value "?ZMAX" to "14.0616092"
 Comparing "14.2" and "14.0616092".
 IF test evaluated as false.  Skipping command
  
 CHARMM>     
  
 CHARMM>    if toparea .eq. -1 calc toparea = 0
 Comparing "316.505605" and "-1".
 IF test evaluated as false.  Skipping command
  
 CHARMM>    if botarea .eq. -1 calc botarea = 0
 Comparing "319.775893" and "-1".
 IF test evaluated as false.  Skipping command
  
 CHARMM>     
  
 CHARMM>    ! Protein size
 CHARMM>    coor stat sele .not. hydrogen end
 SELRPN>    248 atoms have been selected out of    500
 STATISTICS FOR       248 SELECTED ATOMS:
    XMIN =   -8.162723 XMAX =    7.283277 XAVE =    0.147598
    YMIN =   -8.047204 YMAX =    8.047204 YAVE =    0.000000
    ZMIN =  -13.250213 ZMAX =   13.250213 ZAVE =    0.000000
    WMIN =    0.000000 WMAX =    0.049737 WAVE =    0.001640
  
 CHARMM>    calc xmax = ?xmax
 RDCMND substituted energy or value "?XMAX" to "7.28327657"
Evaluating: 7.28327657
 Parameter: XMAX <- "7.28327657"
  
 CHARMM>    calc xmin = ?xmin
 RDCMND substituted energy or value "?XMIN" to "-8.16272343"
Evaluating: -8.16272343
 Parameter: XMIN <- "-8.16272343"
  
 CHARMM>    calc ymax = ?ymax
 RDCMND substituted energy or value "?YMAX" to "8.04720365"
Evaluating: 8.04720365
 Parameter: YMAX <- "8.04720365"
  
 CHARMM>    calc ymin = ?ymin
 RDCMND substituted energy or value "?YMIN" to "-8.04720365"
Evaluating: -8.04720365
 Parameter: YMIN <- "-8.04720365"
  
 CHARMM>    calc zmax = ?zmax
 RDCMND substituted energy or value "?ZMAX" to "13.2502126"
Evaluating: 13.2502126
 Parameter: ZMAX <- "13.2502126"
  
 CHARMM>    calc zmin = ?zmin
 RDCMND substituted energy or value "?ZMIN" to "-13.2502126"
Evaluating: -13.2502126
 Parameter: ZMIN <- "-13.2502126"
  
 CHARMM>     
  
 CHARMM>     
  
 CHARMM>    open write card  unit 51 name step2_protein_area.str
 OPNLGU> Unit already open. The old file will be closed first.
 VCLOSE: Closing unit   51 with status "KEEP"
 VOPEN> Attempting to open::step2_protein_area.str::
 OPNLGU> Unit 51 opened for WRITE access to step2_protein_area.str
  
 CHARMM>    write title unit 51
 RDTITL> * CALC TOPAREA = 316.505605
 RDTITL> * CALC BOTAREA = 319.775893
 RDTITL> * CALC XMAX = 7.28327657
 RDTITL> * CALC XMIN = -8.16272343
 RDTITL> * CALC YMAX = 8.04720365
 RDTITL> * CALC YMIN = -8.04720365
 RDTITL> * CALC ZMAX = 13.2502126
 RDTITL> * CALC ZMIN = -13.2502126
 RDTITL> *
  
 CHARMM>     
  
 CHARMM>     
  
 VCLOSE: Closing unit   99 with status "KEEP"

                    RETURNING TO INPUT STREAM     5
  
 CHARMM>     
  
 CHARMM>    open write card unit 10 name step2_orient.pdb
 OPNLGU> Unit already open. The old file will be closed first.
 VCLOSE: Closing unit   10 with status "KEEP"
 VOPEN> Attempting to open::step2_orient.pdb::
 OPNLGU> Unit 10 opened for WRITE access to step2_orient.pdb
  
 CHARMM>    write coor pdb  unit 10 sele .not. segid PWAT end
 RDTITL>  
 RDTITL> No title read.
  Write CHARMM-pdb format
 SELRPN>    500 atoms have been selected out of    500
  
 CHARMM>     
  
 CHARMM>    open write card unit 10 name step2_orient.crd
 OPNLGU> Unit already open. The old file will be closed first.
 VCLOSE: Closing unit   10 with status "KEEP"
 VOPEN> Attempting to open::step2_orient.crd::
 OPNLGU> Unit 10 opened for WRITE access to step2_orient.crd
  
 CHARMM>    write coor card unit 10 sele .not. segid PWAT end
 RDTITL>  
 RDTITL> No title read.
 SELRPN>    500 atoms have been selected out of    500
 VCLOSE: Closing unit   10 with status "KEEP"
  
 CHARMM>     
  
 CHARMM>    stop
 VCLOSE: Closing unit   20 with status "KEEP"
 VCLOSE: Closing unit   51 with status "KEEP"
$$$$$$  New timer profile $$$$$
 Total time                     21.64 Other:            0.00

                    NORMAL TERMINATION BY NORMAL STOP
                    MOST SEVERE WARNING WAS AT LEVEL  1

                    $$$$$ JOB ACCOUNTING INFORMATION $$$$$
                     ELAPSED TIME:    21.65  SECONDS 
                         CPU TIME:    14.89  SECONDS 
